{
    "f0": 0.970299,
    "g0": 0.009801,
    "h0": 0,
    "t0": 0,
    "f1": 0.9697226709227312,
    "g1": 0.0096030975238902,
    "h1": 9.508949508950101e-05,
    "t1": 9.414801494010002e-07,
    "beta_1": 0.009901960784313726,
    "alpha_1": 0.009902931850353108,
    "epsilon_1": -9.61355378987401e-05,
    "gamma_1": 0.009900990099009903,
    "epsilon_prime_1": -9.609784507853131e-05,
    "f2": 0.9671529241202873,
    "g2": 0.009577631256679455,
    "h2": 9.484644899593073e-05,
    "t2": 9.392561319225792e-07,
    "beta_2": 0.009902912991120292,
    "alpha_2": 0.00990291299112927,
    "epsilon_2": -8.889139424539394e-13,
    "gamma_2": 0.009902912991111316,
    "epsilon_prime_2": -8.88570467205696e-13,
    "f3": 0.9594843904146093,
    "g3": 0.00950169043462242,
    "h3": 9.409441364270941e-05,
    "t3": 9.31808791255062e-07,
    "beta_3": 0.009902912991129094,
    "alpha_3": 0.0099029129911291,
    "epsilon_3": -6.869504964868156e-16,
    "gamma_3": 0.009902912991129097,
    "epsilon_prime_3": 3.434752482434078e-16,
    "f4": 0.9368416864617505,
    "g4": 0.009277461707493363,
    "h4": 9.187389606783879e-05,
    "t4": 9.098191989158456e-07,
    "beta_4": 0.0099029129911291,
    "alpha_4": 0.009902912991129099,
    "epsilon_4": 1.717376241217039e-16,
    "gamma_4": 0.0099029129911291,
    "epsilon_prime_4": 0.0,
    "f5": 0.8720694800936449,
    "g5": 0.00863602818358656,
    "h5": 8.552183569099637e-05,
    "t5": 8.46915297689576e-07,
    "beta_5": 0.009902912991129097,
    "alpha_5": 0.009902912991129104,
    "epsilon_5": -6.869504964868156e-16,
    "gamma_5": 0.009902912991129097,
    "epsilon_prime_5": 0.0
}