{
    "f0": 0.970299,
    "g0": 0.009801,
    "h0": 0,
    "t0": 0,
    "f1": 0.970009850898,
    "g1": 0.009605960100000002,
    "h1": 9.605960100000001e-05,
    "t1": 9.702990000000002e-07,
    "alpha_1": 0.010101010101010102,
    "beta_1": 0.0,
    "gamma_1": 9999,
    "epsilon_1": -1.0,
    "epsilon_prime_1": 989901.0,
    "f2": 0.9683055553855962,
    "g2": 0.009590890420643414,
    "h2": 9.499611228250987e-05,
    "t2": 9.409209378736556e-07,
    "alpha_2": 0.009902951079421669,
    "beta_2": 0.009999999999999998,
    "gamma_2": 0.010101010101010102,
    "epsilon_2": 0.009607843137254617,
    "epsilon_prime_2": 0.010000000000000236,
    "f3": 0.9632184740480647,
    "g3": 0.009540503973192458,
    "h3": 9.449695838989883e-05,
    "t3": 9.359752032003271e-07,
    "alpha_3": 0.00990481813028962,
    "beta_3": 0.009904827197070297,
    "gamma_3": 0.009904836263987749,
    "epsilon_3": 8.976112870172359e-07,
    "epsilon_prime_3": 8.976248276702098e-07,
    "f4": 0.9481170225455627,
    "g4": 0.009390926839922686,
    "h4": 9.301542406232062e-05,
    "t4": 9.213008748734498e-07,
    "alpha_4": 0.009904818304716595,
    "beta_4": 0.009904818304716675,
    "gamma_4": 0.009904818304716751,
    "epsilon_4": 7.89993070959838e-15,
    "epsilon_prime_4": 7.556455461354972e-15,
    "f5": 0.9042184521869223,
    "g5": 0.008956119476683535,
    "h5": 8.870873613188388e-05,
    "t5": 8.786439134273579e-07,
    "alpha_5": 0.009904818304716595,
    "beta_5": 0.009904818304716598,
    "gamma_5": 0.009904818304716595,
    "epsilon_5": 3.434752482434078e-16,
    "epsilon_prime_5": -3.434752482434078e-16,
    "f6": 0.7843458976019292,
    "g6": 0.007768803603796955,
    "h6": 7.694858814063631e-05,
    "t6": 7.621617843374729e-07,
    "alpha_6": 0.009904818304716595,
    "beta_6": 0.009904818304716593,
    "gamma_6": 0.009904818304716595,
    "epsilon_6": -1.717376241217039e-16,
    "epsilon_prime_6": 1.717376241217039e-16,
    "f7": 0.5119298123281599,
    "g7": 0.005070571775878088,
    "h7": 5.022309214109661e-05,
    "t7": 4.974506023586017e-07,
    "alpha_7": 0.009904818304716593,
    "beta_7": 0.009904818304716593,
    "gamma_7": 0.009904818304716595,
    "epsilon_7": 0.0,
    "epsilon_prime_7": 1.717376241217039e-16,
    "f8": 0.1423373244023294,
    "g8": 0.0014098253361845756,
    "h8": 1.3964063796294208e-05,
    "t8": 1.383115146977651e-07,
    "alpha_8": 0.009904818304716591,
    "beta_8": 0.009904818304716593,
    "gamma_8": 0.009904818304716593,
    "epsilon_8": 1.717376241217039e-16,
    "epsilon_prime_8": 0.0,
    "f9": 0.0030594539943415307,
    "g9": 3.030333592559228e-05,
    "h9": 3.0014903636978223e-07,
    "t9": 2.9729216695784645e-09,
    "alpha_9": 0.00990481830471659,
    "beta_9": 0.009904818304716591,
    "gamma_9": 0.00990481830471659,
    "epsilon_9": 1.717376241217039e-16,
    "epsilon_prime_9": -1.717376241217039e-16,
    "f10": 3.038220672196712e-08,
    "g10": 3.009302372774234e-10,
    "h10": 2.9806593226281302e-12,
    "t10": 2.952288901889125e-14,
    "alpha_10": 0.00990481830471659,
    "beta_10": 0.00990481830471659,
    "gamma_10": 0.00990481830471659,
    "epsilon_10": 0.0,
    "epsilon_prime_10": 0.0,
    "f11": 2.975400807052054e-23,
    "g11": 2.9470804377557705e-25,
    "h11": 2.9190296265355543e-27,
    "t11": 2.89124580769194e-29,
    "alpha_11": 0.009904818304716591,
    "beta_11": 0.00990481830471659,
    "gamma_11": 0.009904818304716588,
    "epsilon_11": -1.717376241217039e-16,
    "epsilon_prime_11": -1.717376241217039e-16,
    "f12": 2.794627721676954e-68,
    "g12": 2.768027981253432e-70,
    "h12": 2.741681421668671e-72,
    "t12": 2.7155856331045268e-74,
    "alpha_12": 0.009904818304716593,
    "beta_12": 0.009904818304716591,
    "gamma_12": 0.009904818304716593,
    "epsilon_12": -1.717376241217039e-16,
    "epsilon_prime_12": 1.717376241217039e-16,
    "f13": 2.3155780371223578e-203,
    "g13": 2.2935379728089246e-205,
    "h13": 2.271707689564042e-207,
    "t13": 2.2500851906559358e-209,
    "alpha_13": 0.009904818304716591,
    "beta_13": 0.009904818304716593,
    "gamma_13": 0.009904818304716593,
    "epsilon_13": 1.717376241217039e-16,
    "epsilon_prime_13": 0.0,
    "f14": 0.0,
    "g14": 0.0,
    "h14": 0.0,
    "t14": 0.0,
    "alpha_14": 0.009904818304716591,
    "beta_14": 0.009904818304716591,
    "gamma_14": 0.009904818304716591,
    "epsilon_14": 0.0,
    "epsilon_prime_14": 0.0,
    "f15": 0.0,
    "g15": 0.0,
    "h15": 0.0,
    "t15": 0.0,
    "alpha_15": NaN,
    "beta_15": NaN,
    "gamma_15": NaN,
    "epsilon_15": NaN,
    "epsilon_prime_15": NaN,
    "f16": 0.0,
    "g16": 0.0,
    "h16": 0.0,
    "t16": 0.0,
    "alpha_16": NaN,
    "beta_16": NaN,
    "gamma_16": NaN,
    "epsilon_16": NaN,
    "epsilon_prime_16": NaN,
    "f17": 0.0,
    "g17": 0.0,
    "h17": 0.0,
    "t17": 0.0,
    "alpha_17": NaN,
    "beta_17": NaN,
    "gamma_17": NaN,
    "epsilon_17": NaN,
    "epsilon_prime_17": NaN,
    "f18": 0.0,
    "g18": 0.0,
    "h18": 0.0,
    "t18": 0.0,
    "alpha_18": NaN,
    "beta_18": NaN,
    "gamma_18": NaN,
    "epsilon_18": NaN,
    "epsilon_prime_18": NaN,
    "f19": 0.0,
    "g19": 0.0,
    "h19": 0.0,
    "t19": 0.0,
    "alpha_19": NaN,
    "beta_19": NaN,
    "gamma_19": NaN,
    "epsilon_19": NaN,
    "epsilon_prime_19": NaN,
    "f20": 0.0,
    "g20": 0.0,
    "h20": 0.0,
    "t20": 0.0,
    "alpha_20": NaN,
    "beta_20": NaN,
    "gamma_20": NaN,
    "epsilon_20": NaN,
    "epsilon_prime_20": NaN
}