{
    "f0": 0.970299,
    "g0": 0.009801,
    "h0": 0,
    "t0": 0,
    "f1": 0.9697226709227312,
    "g1": 0.0096030975238902,
    "h1": 9.508949508950101e-05,
    "t1": 9.414801494010002e-07,
    "alpha_1": 0.010101010101010102,
    "beta_1": 0.0,
    "gamma_1": 9999,
    "epsilon_1": -1.0,
    "epsilon_prime_1": 989901.0,
    "f2": 0.9671529241202873,
    "g2": 0.009577631256679455,
    "h2": 9.484644899593073e-05,
    "t2": 9.392561319225792e-07,
    "alpha_2": 0.009902931850353108,
    "beta_2": 0.009901960784313726,
    "gamma_2": 0.009900990099009903,
    "epsilon_2": -9.61355378987401e-05,
    "epsilon_prime_2": -9.609784507853131e-05,
    "f3": 0.9594843904146093,
    "g3": 0.00950169043462242,
    "h3": 9.409441364270941e-05,
    "t3": 9.31808791255062e-07,
    "alpha_3": 0.00990291299112927,
    "beta_3": 0.009902912991120292,
    "gamma_3": 0.009902912991111316,
    "epsilon_3": -8.889139424539394e-13,
    "epsilon_prime_3": -8.88570467205696e-13,
    "f4": 0.9368416864617505,
    "g4": 0.009277461707493363,
    "h4": 9.187389606783879e-05,
    "t4": 9.098191989158456e-07,
    "alpha_4": 0.0099029129911291,
    "beta_4": 0.009902912991129094,
    "gamma_4": 0.009902912991129097,
    "epsilon_4": -6.869504964868156e-16,
    "epsilon_prime_4": 3.434752482434078e-16,
    "f5": 0.8720694800936449,
    "g5": 0.00863602818358656,
    "h5": 8.552183569099637e-05,
    "t5": 8.46915297689576e-07,
    "alpha_5": 0.009902912991129099,
    "beta_5": 0.0099029129911291,
    "gamma_5": 0.0099029129911291,
    "epsilon_5": 1.717376241217039e-16,
    "epsilon_prime_5": 0.0,
    "f6": 0.7034054504495497,
    "g6": 0.0069657629732878664,
    "h6": 6.898134464129851e-05,
    "t6": 6.831162539938688e-07,
    "alpha_6": 0.009902912991129104,
    "beta_6": 0.009902912991129097,
    "gamma_6": 0.009902912991129097,
    "epsilon_6": -6.869504964868156e-16,
    "epsilon_prime_6": 0.0,
    "f7": 0.3691217648664878,
    "g7": 0.0036553807206048446,
    "h7": 3.619891722560058e-05,
    "t7": 3.584747276582073e-07,
    "alpha_7": 0.009902912991129106,
    "beta_7": 0.009902912991129106,
    "gamma_7": 0.0099029129911291,
    "epsilon_7": 0.0,
    "epsilon_prime_7": -5.152128723651117e-16,
    "f8": 0.05334103362386744,
    "g8": 0.0005282316148340513,
    "h8": 5.231031720865231e-06,
    "t8": 5.180245198556474e-08,
    "alpha_8": 0.009902912991129104,
    "beta_8": 0.009902912991129104,
    "gamma_8": 0.00990291299112911,
    "epsilon_8": 0.0,
    "epsilon_prime_8": 5.152128723651117e-16,
    "f9": 0.00016096696188799028,
    "g9": 1.594041818023162e-06,
    "h9": 1.5785657428104632e-08,
    "t9": 1.5632399201829107e-10,
    "alpha_9": 0.009902912991129106,
    "beta_9": 0.009902912991129102,
    "gamma_9": 0.009902912991129106,
    "epsilon_9": -3.434752482434078e-16,
    "epsilon_prime_9": 3.434752482434078e-16,
    "f10": 4.423466144214969e-12,
    "g10": 4.3805200345366186e-14,
    "h10": 4.3379908757913974e-16,
    "t10": 4.295874619927415e-18,
    "alpha_10": 0.009902912991129102,
    "beta_10": 0.009902912991129107,
    "gamma_10": 0.009902912991129107,
    "epsilon_10": 5.152128723651117e-16,
    "epsilon_prime_10": 0.0,
    "f11": 9.17995577749361e-35,
    "g11": 9.090830332693209e-37,
    "h11": 9.002570180177813e-39,
    "t11": 8.915166919083437e-41,
    "alpha_11": 0.009902912991129106,
    "beta_11": 0.0099029129911291,
    "gamma_11": 0.009902912991129104,
    "epsilon_11": -5.152128723651117e-16,
    "epsilon_prime_11": 3.434752482434078e-16,
    "f12": 8.204917778131707e-103,
    "g12": 8.125258685620658e-105,
    "h12": 8.046372979411737e-107,
    "t12": 7.968253150928664e-109,
    "alpha_12": 0.009902912991129099,
    "beta_12": 0.009902912991129107,
    "gamma_12": 0.009902912991129107,
    "epsilon_12": 8.586881206085195e-16,
    "epsilon_prime_12": 0.0,
    "f13": 5.858347997279897e-307,
    "g13": 5.80147104888181e-309,
    "h13": 5.745146301764e-311,
    "t13": 5.6893683948e-313,
    "alpha_13": 0.009902912991129099,
    "beta_13": 0.009902912991129099,
    "gamma_13": 0.009902912991129099,
    "epsilon_13": 0.0,
    "epsilon_prime_13": 0.0,
    "f14": 0.0,
    "g14": 0.0,
    "h14": 0.0,
    "t14": 0.0,
    "alpha_14": 0.009902912991129074,
    "beta_14": 0.009902912991130679,
    "gamma_14": 0.009902912991160374,
    "epsilon_14": 1.588573023125761e-13,
    "epsilon_prime_14": 2.9398046497153274e-12,
    "f15": 0.0,
    "g15": 0.0,
    "h15": 0.0,
    "t15": 0.0,
    "alpha_15": NaN,
    "beta_15": NaN,
    "gamma_15": NaN,
    "epsilon_15": NaN,
    "epsilon_prime_15": NaN,
    "f16": 0.0,
    "g16": 0.0,
    "h16": 0.0,
    "t16": 0.0,
    "alpha_16": NaN,
    "beta_16": NaN,
    "gamma_16": NaN,
    "epsilon_16": NaN,
    "epsilon_prime_16": NaN,
    "f17": 0.0,
    "g17": 0.0,
    "h17": 0.0,
    "t17": 0.0,
    "alpha_17": NaN,
    "beta_17": NaN,
    "gamma_17": NaN,
    "epsilon_17": NaN,
    "epsilon_prime_17": NaN,
    "f18": 0.0,
    "g18": 0.0,
    "h18": 0.0,
    "t18": 0.0,
    "alpha_18": NaN,
    "beta_18": NaN,
    "gamma_18": NaN,
    "epsilon_18": NaN,
    "epsilon_prime_18": NaN,
    "f19": 0.0,
    "g19": 0.0,
    "h19": 0.0,
    "t19": 0.0,
    "alpha_19": NaN,
    "beta_19": NaN,
    "gamma_19": NaN,
    "epsilon_19": NaN,
    "epsilon_prime_19": NaN,
    "f20": 0.0,
    "g20": 0.0,
    "h20": 0.0,
    "t20": 0.0,
    "alpha_20": NaN,
    "beta_20": NaN,
    "gamma_20": NaN,
    "epsilon_20": NaN,
    "epsilon_prime_20": NaN
}