{
    "f1": 0.9411995883164784,
    "g1": 0.0186413069581398,
    "h1": 0.000279619604372097,
    "t1": 1.8829602988020002e-06,
    "alpha_1": 0.019805902158843338,
    "epsilon_1": 0.0,
    "beta_1": 0.015000000000000001,
    "gamma_1": 0.006734006734006735,
    "epsilon_prime_1": 0.8183333333333334,
    "f2": 0.9365781722506494,
    "g2": 0.018378144174585505,
    "h2": 0.0003606199873217605,
    "t2": 7.076010193609183e-06,
    "alpha_2": 0.01962264840149093,
    "epsilon_2": 0.0,
    "beta_2": 0.019622219953005338,
    "gamma_2": 0.019621791476842537,
    "epsilon_prime_2": 4.241914011723913e-05,
    "f3": 0.9221175526815935,
    "g3": 0.01809437360160475,
    "h3": 0.00035505923846940207,
    "t3": 6.967196853461103e-06,
    "alpha_3": 0.01962263222187326,
    "epsilon_3": 0.0,
    "beta_3": 0.019622632221869933,
    "gamma_3": 0.019622632221866592,
    "epsilon_prime_3": 3.307666640584017e-13,
    "f4": 0.8800615146887518,
    "g4": 0.017269123435361973,
    "h4": 0.00033886565796623856,
    "t4": 6.6494361788945515e-06,
    "alpha_4": 0.01962263222187313,
    "epsilon_4": 0.0,
    "beta_4": 0.01962263222187315,
    "gamma_4": 0.01962263222187313,
    "epsilon_prime_4": 2.060851489460447e-15,
    "f5": 0.7650560457745531,
    "g5": 0.015012413415354591,
    "h5": 0.0002945830672122173,
    "t5": 5.780495186696677e-06,
    "alpha_5": 0.019622632221873132,
    "epsilon_5": 0.0,
    "beta_5": 0.01962263222187312,
    "gamma_5": 0.019622632221873142,
    "epsilon_prime_5": -2.060851489460447e-15
}