{
    "f1": 0.8847935434850569,
    "g1": 0.034725021329868794,
    "h1": 0.001041750639896064,
    "t1": 1.4173478093824e-05,
    "alpha_1": 0.03924646781789639,
    "epsilon_1": 0.0,
    "beta_1": 0.030000000000000006,
    "gamma_1": 0.013605442176870748,
    "epsilon_prime_1": 0.8033333333333336,
    "f2": 0.8681026273857394,
    "g2": 0.03348412493018916,
    "h2": 0.0012914375924210856,
    "t2": 4.9805174897364524e-05,
    "alpha_2": 0.038571620306029286,
    "epsilon_2": 0.0,
    "beta_2": 0.03856865290980713,
    "gamma_2": 0.03856568462127055,
    "epsilon_prime_2": 0.00014544613829220454,
    "f3": 0.8175860351086399,
    "g3": 0.031535444359787015,
    "h3": 0.0012163664840844904,
    "t3": 4.691696767334937e-05,
    "alpha_3": 0.038571407785355116,
    "epsilon_3": 0.0,
    "beta_3": 0.03857140778506238,
    "gamma_3": 0.038571407784769626,
    "epsilon_prime_3": 1.4344844756486452e-11,
    "f4": 0.6829993050103199,
    "g4": 0.026344244710652862,
    "h4": 0.0010161346055312243,
    "t4": 3.91937422347345e-05,
    "alpha_4": 0.03857140778533414,
    "epsilon_4": 0.0,
    "beta_4": 0.03857140778533417,
    "gamma_4": 0.03857140778533414,
    "epsilon_prime_4": 1.3600232051658168e-15,
    "f5": 0.39818110966574605,
    "g5": 0.015358405953334346,
    "h5": 0.0005923953389587628,
    "t5": 2.2849522189109676e-05,
    "alpha_5": 0.03857140778533415,
    "epsilon_5": 0.0,
    "beta_5": 0.038571407785334154,
    "gamma_5": 0.03857140778533413,
    "epsilon_prime_5": 1.0200174038743626e-15
}