{
    "f0": 0.9411919999999999,
    "g0": 0.019208,
    "h0": 0,
    "t0": 0,
    "f1": 0.9389787502377459,
    "g1": 0.018425521521971196,
    "h1": 0.00036142369139251197,
    "t1": 7.086739046911999e-06,
    "alpha_1": 0.020408163265306124,
    "beta_1": 0.0,
    "gamma_1": 9999,
    "epsilon_1": -1.0,
    "epsilon_prime_1": 489951.0,
    "f2": 0.9292274737590519,
    "g2": 0.01823390779010351,
    "h2": 0.0003577976358527766,
    "t2": 7.020938664862448e-06,
    "alpha_2": 0.019622937704720074,
    "beta_2": 0.019615384615384618,
    "gamma_2": 0.0196078431372549,
    "epsilon_2": -0.0003701013774373499,
    "epsilon_prime_2": -0.00036953242835609246,
    "f3": 0.9005759373028581,
    "g3": 0.017671688647242438,
    "h3": 0.0003467654050144317,
    "t3": 6.8044570337983295e-06,
    "alpha_3": 0.019622652477483196,
    "beta_3": 0.019622652476446765,
    "gamma_3": 0.019622652475410323,
    "epsilon_3": -5.07851365127987e-11,
    "epsilon_prime_3": -5.078564652150064e-11,
    "f4": 0.819813809804353,
    "g4": 0.016086921486000234,
    "h4": 0.0003156680697517107,
    "t4": 6.1942448309633925e-06,
    "alpha_4": 0.019622652477444064,
    "beta_4": 0.019622652477444047,
    "gamma_4": 0.019622652477444057,
    "epsilon_4": -8.500145032286355e-16,
    "epsilon_prime_4": 5.100087019371813e-16,
    "f5": 0.6184433196925687,
    "g5": 0.012135498339324105,
    "h5": 0.00023813066655315642,
    "t5": 4.672755313994697e-06,
    "alpha_5": 0.01962265247744405,
    "beta_5": 0.019622652477444068,
    "gamma_5": 0.019622652477444068,
    "epsilon_5": 8.500145032286355e-16,
    "epsilon_prime_5": 0.0,
    "f6": 0.26549351758037054,
    "g6": 0.005209687030493794,
    "h6": 0.00010222787811562714,
    "t6": 2.0059821257694593e-06,
    "alpha_6": 0.019622652477444047,
    "beta_6": 0.01962265247744406,
    "gamma_6": 0.019622652477444043,
    "epsilon_6": 6.800116025829084e-16,
    "epsilon_prime_6": -8.500145032286355e-16,
    "f7": 0.021004675583108496,
    "g7": 0.0004121674493687925,
    "h7": 8.08781862147833e-06,
    "t7": 1.5870445410986994e-07,
    "alpha_7": 0.019622652477444054,
    "beta_7": 0.01962265247744404,
    "gamma_7": 0.01962265247744405,
    "epsilon_7": -6.800116025829084e-16,
    "epsilon_prime_7": 5.100087019371813e-16,
    "f8": 1.0401647889759975e-05,
    "g8": 2.041079217334993e-07,
    "h8": 4.0051388160698046e-09,
    "t8": 7.859144711165951e-11,
    "alpha_8": 0.01962265247744405,
    "beta_8": 0.019622652477444043,
    "gamma_8": 0.01962265247744406,
    "epsilon_8": -3.400058012914542e-16,
    "epsilon_prime_8": 8.500145032286355e-16,
    "f9": 1.2631666707912119e-15,
    "g9": 2.4786680602025925e-17,
    "h9": 4.863804195229585e-19,
    "t9": 9.544073944132462e-21,
    "alpha_9": 0.019622652477444054,
    "beta_9": 0.019622652477444043,
    "gamma_9": 0.019622652477444057,
    "epsilon_9": -5.100087019371813e-16,
    "epsilon_prime_9": 6.800116025829084e-16,
    "f10": 2.262227032849828e-45,
    "g10": 4.439089489069156e-47,
    "h10": 8.710671036027872e-49,
    "t10": 1.7092647058531247e-50,
    "alpha_10": 0.019622652477444047,
    "beta_10": 0.019622652477444054,
    "gamma_10": 0.019622652477444057,
    "epsilon_10": 3.400058012914542e-16,
    "epsilon_prime_10": 1.700029006457271e-16,
    "f11": 1.2994595844917156e-134,
    "g11": 2.549884383496477e-136,
    "h11": 5.003549511501301e-138,
    "t11": 9.818291321787492e-140,
    "alpha_11": 0.01962265247744404,
    "beta_11": 0.01962265247744405,
    "gamma_11": 0.01962265247744405,
    "epsilon_11": 5.100087019371813e-16,
    "epsilon_prime_11": 0.0,
    "f12": 0.0,
    "g12": 0.0,
    "h12": 0.0,
    "t12": 0.0,
    "alpha_12": 0.019622652477444043,
    "beta_12": 0.01962265247744404,
    "gamma_12": 0.01962265247744404,
    "epsilon_12": -1.700029006457271e-16,
    "epsilon_prime_12": 0.0,
    "f13": 0.0,
    "g13": 0.0,
    "h13": 0.0,
    "t13": 0.0,
    "alpha_13": NaN,
    "beta_13": NaN,
    "gamma_13": NaN,
    "epsilon_13": NaN,
    "epsilon_prime_13": NaN,
    "f14": 0.0,
    "g14": 0.0,
    "h14": 0.0,
    "t14": 0.0,
    "alpha_14": NaN,
    "beta_14": NaN,
    "gamma_14": NaN,
    "epsilon_14": NaN,
    "epsilon_prime_14": NaN,
    "f15": 0.0,
    "g15": 0.0,
    "h15": 0.0,
    "t15": 0.0,
    "alpha_15": NaN,
    "beta_15": NaN,
    "gamma_15": NaN,
    "epsilon_15": NaN,
    "epsilon_prime_15": NaN,
    "f16": 0.0,
    "g16": 0.0,
    "h16": 0.0,
    "t16": 0.0,
    "alpha_16": NaN,
    "beta_16": NaN,
    "gamma_16": NaN,
    "epsilon_16": NaN,
    "epsilon_prime_16": NaN,
    "f17": 0.0,
    "g17": 0.0,
    "h17": 0.0,
    "t17": 0.0,
    "alpha_17": NaN,
    "beta_17": NaN,
    "gamma_17": NaN,
    "epsilon_17": NaN,
    "epsilon_prime_17": NaN,
    "f18": 0.0,
    "g18": 0.0,
    "h18": 0.0,
    "t18": 0.0,
    "alpha_18": NaN,
    "beta_18": NaN,
    "gamma_18": NaN,
    "epsilon_18": NaN,
    "epsilon_prime_18": NaN,
    "f19": 0.0,
    "g19": 0.0,
    "h19": 0.0,
    "t19": 0.0,
    "alpha_19": NaN,
    "beta_19": NaN,
    "gamma_19": NaN,
    "epsilon_19": NaN,
    "epsilon_prime_19": NaN,
    "f20": 0.0,
    "g20": 0.0,
    "h20": 0.0,
    "t20": 0.0,
    "alpha_20": NaN,
    "beta_20": NaN,
    "gamma_20": NaN,
    "epsilon_20": NaN,
    "epsilon_prime_20": NaN
}