{
    "f0": 0.9411919999999999,
    "g0": 0.019208,
    "h0": 0,
    "t0": 0,
    "f1": 0.9655591477264842,
    "g1": 0.01825916301807999,
    "h1": 0.0003578795951543678,
    "t1": 7.303665207231997e-06,
    "alpha_1": 0.020408163265306124,
    "beta_1": 0.0,
    "gamma_1": 9999,
    "epsilon_1": -1.0,
    "epsilon_prime_1": 489951.0,
    "f2": 1.0299469068210025,
    "g2": 0.019525596950660144,
    "h2": 0.00037018014594249535,
    "t2": 7.018450773424221e-06,
    "alpha_2": 0.01891045521247788,
    "beta_2": 0.0196,
    "gamma_2": 0.020408163265306124,
    "epsilon_2": 0.03378769458858391,
    "epsilon_prime_2": 0.03960000000000012,
    "f3": 1.250520476947373,
    "g3": 0.023707273929479147,
    "h3": 0.000449440730931684,
    "t3": 8.520463855715336e-06,
    "alpha_3": 0.018957867460301578,
    "beta_3": 0.01895871080806981,
    "gamma_3": 0.018959554828514448,
    "epsilon_3": 4.1324040643331283e-05,
    "epsilon_prime_3": 4.1357001787305225e-05,
    "f4": 2.2383032363658684,
    "g4": 0.04243358580703827,
    "h4": 0.0008044527547423678,
    "t4": 1.5250755322809535e-05,
    "alpha_4": 0.018957925413065305,
    "beta_4": 0.0189579254143101,
    "gamma_4": 0.018957925415554883,
    "epsilon_4": 6.099500071687913e-11,
    "epsilon_prime_4": 6.099432070527655e-11,
    "f5": 12.835218547425605,
    "g5": 0.2433291158835849,
    "h5": 0.004613015229768941,
    "t5": 8.745319865568847e-05,
    "alpha_5": 0.018957925413150844,
    "beta_5": 0.018957925413150844,
    "gamma_5": 0.01895792541315084,
    "epsilon_5": 0.0,
    "epsilon_prime_5": -1.700029006457271e-16,
    "f6": 2420.2281252676985,
    "g6": 45.882504281634915,
    "h6": 0.8698370939398089,
    "t6": 0.01649030674850278,
    "alpha_6": 0.018957925413150844,
    "beta_6": 0.018957925413150844,
    "gamma_6": 0.018957925413150844,
    "epsilon_6": 0.0,
    "epsilon_prime_6": 0.0,
    "f7": 16226147163.374174,
    "g7": 307614087.6660567,
    "h7": 5831724.930007546,
    "t7": 110557.40625309534,
    "alpha_7": 0.01895792541315084,
    "beta_7": 0.018957925413150844,
    "gamma_7": 0.018957925413150844,
    "epsilon_7": 1.700029006457271e-16,
    "epsilon_prime_7": 0.0,
    "f8": 4.8898184111341257e+30,
    "g8": 9.270081272213252e+28,
    "h8": 1.7574150933246529e+27,
    "t8": 3.3316944259194294e+25,
    "alpha_8": 0.01895792541315084,
    "beta_8": 0.01895792541315084,
    "gamma_8": 0.018957925413150837,
    "epsilon_8": 0.0,
    "epsilon_prime_8": -1.700029006457271e-16,
    "f9": 1.33821130417573e+92,
    "g9": 2.536971009159881e+90,
    "h9": 4.809570716697904e+88,
    "t9": 9.117948291643329e+86,
    "alpha_9": 0.018957925413150844,
    "beta_9": 0.01895792541315084,
    "gamma_9": 0.01895792541315084,
    "epsilon_9": -1.700029006457271e-16,
    "epsilon_prime_9": 0.0,
    "f10": 2.74296699744633e+276,
    "g10": 5.200096374832185e+274,
    "h10": 9.858303921526465e+272,
    "t10": 1.8689299044447125e+271,
    "alpha_10": 0.018957925413150847,
    "beta_10": 0.018957925413150837,
    "gamma_10": 0.01895792541315084,
    "epsilon_10": -5.100087019371813e-16,
    "epsilon_prime_10": 1.700029006457271e-16,
    "f11": Infinity,
    "g11": Infinity,
    "h11": Infinity,
    "t11": Infinity,
    "alpha_11": 0.018957925413150847,
    "beta_11": 0.018957925413150844,
    "gamma_11": 0.018957925413150847,
    "epsilon_11": -1.700029006457271e-16,
    "epsilon_prime_11": 1.700029006457271e-16,
    "f12": Infinity,
    "g12": Infinity,
    "h12": Infinity,
    "t12": Infinity,
    "alpha_12": NaN,
    "beta_12": NaN,
    "gamma_12": NaN,
    "epsilon_12": NaN,
    "epsilon_prime_12": NaN,
    "f13": Infinity,
    "g13": Infinity,
    "h13": Infinity,
    "t13": Infinity,
    "alpha_13": NaN,
    "beta_13": NaN,
    "gamma_13": NaN,
    "epsilon_13": NaN,
    "epsilon_prime_13": NaN,
    "f14": Infinity,
    "g14": Infinity,
    "h14": Infinity,
    "t14": Infinity,
    "alpha_14": NaN,
    "beta_14": NaN,
    "gamma_14": NaN,
    "epsilon_14": NaN,
    "epsilon_prime_14": NaN,
    "f15": Infinity,
    "g15": Infinity,
    "h15": Infinity,
    "t15": Infinity,
    "alpha_15": NaN,
    "beta_15": NaN,
    "gamma_15": NaN,
    "epsilon_15": NaN,
    "epsilon_prime_15": NaN,
    "f16": Infinity,
    "g16": Infinity,
    "h16": Infinity,
    "t16": Infinity,
    "alpha_16": NaN,
    "beta_16": NaN,
    "gamma_16": NaN,
    "epsilon_16": NaN,
    "epsilon_prime_16": NaN,
    "f17": Infinity,
    "g17": Infinity,
    "h17": Infinity,
    "t17": Infinity,
    "alpha_17": NaN,
    "beta_17": NaN,
    "gamma_17": NaN,
    "epsilon_17": NaN,
    "epsilon_prime_17": NaN,
    "f18": Infinity,
    "g18": Infinity,
    "h18": Infinity,
    "t18": Infinity,
    "alpha_18": NaN,
    "beta_18": NaN,
    "gamma_18": NaN,
    "epsilon_18": NaN,
    "epsilon_prime_18": NaN,
    "f19": Infinity,
    "g19": Infinity,
    "h19": Infinity,
    "t19": Infinity,
    "alpha_19": NaN,
    "beta_19": NaN,
    "gamma_19": NaN,
    "epsilon_19": NaN,
    "epsilon_prime_19": NaN,
    "f20": Infinity,
    "g20": Infinity,
    "h20": Infinity,
    "t20": Infinity,
    "alpha_20": NaN,
    "beta_20": NaN,
    "gamma_20": NaN,
    "epsilon_20": NaN,
    "epsilon_prime_20": NaN
}