{
    "f0": 0.9411919999999999,
    "g0": 0.019208,
    "h0": 0,
    "t0": 0,
    "f1": 0.9389787502377459,
    "g1": 0.018425521521971196,
    "h1": 0.00036142369139251197,
    "t1": 7.086739046911999e-06,
    "beta_1": 0.019615384615384618,
    "alpha_1": 0.019622937704720074,
    "epsilon_1": -0.0003701013774373499,
    "gamma_1": 0.0196078431372549,
    "epsilon_prime_1": -0.00036953242835609246,
    "f2": 0.9292274737590519,
    "g2": 0.01823390779010351,
    "h2": 0.0003577976358527766,
    "t2": 7.020938664862448e-06,
    "beta_2": 0.019622652476446765,
    "alpha_2": 0.019622652477483196,
    "epsilon_2": -5.07851365127987e-11,
    "gamma_2": 0.019622652475410323,
    "epsilon_prime_2": -5.078564652150064e-11,
    "f3": 0.9005759373028581,
    "g3": 0.017671688647242438,
    "h3": 0.0003467654050144317,
    "t3": 6.8044570337983295e-06,
    "beta_3": 0.019622652477444047,
    "alpha_3": 0.019622652477444064,
    "epsilon_3": -8.500145032286355e-16,
    "gamma_3": 0.019622652477444057,
    "epsilon_prime_3": 5.100087019371813e-16,
    "f4": 0.819813809804353,
    "g4": 0.016086921486000234,
    "h4": 0.0003156680697517107,
    "t4": 6.1942448309633925e-06,
    "beta_4": 0.019622652477444068,
    "alpha_4": 0.01962265247744405,
    "epsilon_4": 8.500145032286355e-16,
    "gamma_4": 0.019622652477444068,
    "epsilon_prime_4": 0.0,
    "f5": 0.6184433196925687,
    "g5": 0.012135498339324105,
    "h5": 0.00023813066655315642,
    "t5": 4.672755313994697e-06,
    "beta_5": 0.01962265247744406,
    "alpha_5": 0.019622652477444047,
    "epsilon_5": 6.800116025829084e-16,
    "gamma_5": 0.019622652477444043,
    "epsilon_prime_5": -8.500145032286355e-16
}