{
    "f0": 0.912673,
    "g0": 0.028227,
    "h0": 0,
    "t0": 0,
    "f1": 0.9078945048843436,
    "g1": 0.026488509756742197,
    "h1": 0.000772165048569183,
    "t1": 2.2490244133083e-05,
    "alpha_1": 0.030927835051546393,
    "beta_1": 0.0,
    "gamma_1": 9999,
    "epsilon_1": -1.0,
    "epsilon_prime_1": 323301.0,
    "f2": 0.8871460586499487,
    "g2": 0.02588194450346557,
    "h2": 0.0007550899250251014,
    "t2": 2.2029287424084562e-05,
    "alpha_2": 0.02917575733109714,
    "beta_2": 0.02915094339622642,
    "gamma_2": 0.029126213592233007,
    "epsilon_2": -0.0008023172274866468,
    "epsilon_prime_2": -0.0007995969957869607,
    "f3": 0.8276978387163966,
    "g3": 0.024147578989695932,
    "h3": 0.0007044908706876549,
    "t3": 2.0553090936943635e-05,
    "alpha_3": 0.02917438932530737,
    "beta_3": 0.02917438930927294,
    "gamma_3": 0.029174389293238477,
    "epsilon_3": -5.184465935263265e-10,
    "epsilon_prime_3": -5.184476031353895e-10,
    "f4": 0.6722052536261753,
    "g4": 0.019611177775212787,
    "h4": 0.0005721441355245367,
    "t4": 1.6691955759478478e-05,
    "alpha_4": 0.029174389324423365,
    "beta_4": 0.02917438932442336,
    "gamma_4": 0.029174389324423358,
    "epsilon_4": -1.1217878477983353e-16,
    "epsilon_prime_4": -1.1217878477983353e-16,
    "f5": 0.3600743173520953,
    "g5": 0.010504948320155999,
    "h5": 0.0003064754521251782,
    "t5": 8.941234158678622e-06,
    "alpha_5": 0.02917438932442336,
    "beta_5": 0.029174389324423365,
    "gamma_5": 0.02917438932442336,
    "epsilon_5": 1.1217878477983353e-16,
    "epsilon_prime_5": -1.1217878477983353e-16,
    "f6": 0.05534302286880477,
    "g6": 0.0016145988955649762,
    "h6": 4.710493678199659e-05,
    "t6": 1.3742577647803185e-06,
    "alpha_6": 0.029174389324423365,
    "beta_6": 0.02917438932442335,
    "gamma_6": 0.029174389324423365,
    "epsilon_6": -4.487151391193341e-16,
    "epsilon_prime_6": 4.487151391193341e-16,
    "f7": 0.00020094401221413814,
    "g7": 5.862418844746952e-06,
    "h7": 1.7103248975948383e-07,
    "t7": 4.989768443368633e-09,
    "alpha_7": 0.02917438932442337,
    "beta_7": 0.029174389324423358,
    "gamma_7": 0.02917438932442336,
    "epsilon_7": -3.365363543395006e-16,
    "epsilon_prime_7": 1.1217878477983353e-16,
    "f8": 9.61859519050646e-12,
    "g8": 2.806166408418617e-13,
    "h8": 8.186819130832358e-15,
    "t8": 2.388454486515406e-16,
    "alpha_8": 0.029174389324423376,
    "beta_8": 0.029174389324423365,
    "gamma_8": 0.02917438932442336,
    "epsilon_8": -3.365363543395006e-16,
    "epsilon_prime_8": -1.1217878477983353e-16,
    "f9": 1.0549245053827423e-33,
    "g9": 3.077677822791088e-35,
    "h9": 8.978937101725094e-37,
    "t9": 2.6195500672523755e-38,
    "alpha_9": 0.029174389324423382,
    "beta_9": 0.029174389324423372,
    "gamma_9": 0.029174389324423376,
    "epsilon_9": -3.365363543395006e-16,
    "epsilon_prime_9": 1.1217878477983353e-16,
    "f10": 1.3917158762272604e-99,
    "g10": 4.060246080203509e-101,
    "h10": 1.1845519989682111e-102,
    "t10": 3.455858119292255e-104,
    "alpha_10": 0.02917438932442337,
    "beta_10": 0.02917438932442339,
    "gamma_10": 0.029174389324423376,
    "epsilon_10": 6.730727086790012e-16,
    "epsilon_prime_10": -4.487151391193341e-16,
    "f11": 3.1954953029931424e-297,
    "g11": 9.322662405388812e-299,
    "h11": 2.7198298255497836e-300,
    "t11": 7.934937422676786e-302,
    "alpha_11": 0.029174389324423358,
    "beta_11": 0.02917438932442338,
    "gamma_11": 0.029174389324423376,
    "epsilon_11": 6.730727086790012e-16,
    "epsilon_prime_11": -1.1217878477983353e-16,
    "f12": 0.0,
    "g12": 0.0,
    "h12": 0.0,
    "t12": 0.0,
    "alpha_12": 0.02917438932442336,
    "beta_12": 0.029174389324423358,
    "gamma_12": 0.02917438932442336,
    "epsilon_12": -1.1217878477983353e-16,
    "epsilon_prime_12": 1.1217878477983353e-16,
    "f13": 0.0,
    "g13": 0.0,
    "h13": 0.0,
    "t13": 0.0,
    "alpha_13": NaN,
    "beta_13": NaN,
    "gamma_13": NaN,
    "epsilon_13": NaN,
    "epsilon_prime_13": NaN,
    "f14": 0.0,
    "g14": 0.0,
    "h14": 0.0,
    "t14": 0.0,
    "alpha_14": NaN,
    "beta_14": NaN,
    "gamma_14": NaN,
    "epsilon_14": NaN,
    "epsilon_prime_14": NaN,
    "f15": 0.0,
    "g15": 0.0,
    "h15": 0.0,
    "t15": 0.0,
    "alpha_15": NaN,
    "beta_15": NaN,
    "gamma_15": NaN,
    "epsilon_15": NaN,
    "epsilon_prime_15": NaN,
    "f16": 0.0,
    "g16": 0.0,
    "h16": 0.0,
    "t16": 0.0,
    "alpha_16": NaN,
    "beta_16": NaN,
    "gamma_16": NaN,
    "epsilon_16": NaN,
    "epsilon_prime_16": NaN,
    "f17": 0.0,
    "g17": 0.0,
    "h17": 0.0,
    "t17": 0.0,
    "alpha_17": NaN,
    "beta_17": NaN,
    "gamma_17": NaN,
    "epsilon_17": NaN,
    "epsilon_prime_17": NaN,
    "f18": 0.0,
    "g18": 0.0,
    "h18": 0.0,
    "t18": 0.0,
    "alpha_18": NaN,
    "beta_18": NaN,
    "gamma_18": NaN,
    "epsilon_18": NaN,
    "epsilon_prime_18": NaN,
    "f19": 0.0,
    "g19": 0.0,
    "h19": 0.0,
    "t19": 0.0,
    "alpha_19": NaN,
    "beta_19": NaN,
    "gamma_19": NaN,
    "epsilon_19": NaN,
    "epsilon_prime_19": NaN,
    "f20": 0.0,
    "g20": 0.0,
    "h20": 0.0,
    "t20": 0.0,
    "alpha_20": NaN,
    "beta_20": NaN,
    "gamma_20": NaN,
    "epsilon_20": NaN,
    "epsilon_prime_20": NaN
}