{
    "f0": 0.912673,
    "g0": 0.028227,
    "h0": 0,
    "t0": 0,
    "f1": 0.9078945048843436,
    "g1": 0.026488509756742197,
    "h1": 0.000772165048569183,
    "t1": 2.2490244133083e-05,
    "beta_1": 0.02915094339622642,
    "alpha_1": 0.02917575733109714,
    "epsilon_1": -0.0008023172274866468,
    "gamma_1": 0.029126213592233007,
    "epsilon_prime_1": -0.0007995969957869607,
    "f2": 0.8871460586499487,
    "g2": 0.02588194450346557,
    "h2": 0.0007550899250251014,
    "t2": 2.2029287424084562e-05,
    "beta_2": 0.02917438930927294,
    "alpha_2": 0.02917438932530737,
    "epsilon_2": -5.184465935263265e-10,
    "gamma_2": 0.029174389293238477,
    "epsilon_prime_2": -5.184476031353895e-10,
    "f3": 0.8276978387163966,
    "g3": 0.024147578989695932,
    "h3": 0.0007044908706876549,
    "t3": 2.0553090936943635e-05,
    "beta_3": 0.02917438932442336,
    "alpha_3": 0.029174389324423365,
    "epsilon_3": -1.1217878477983353e-16,
    "gamma_3": 0.029174389324423358,
    "epsilon_prime_3": -1.1217878477983353e-16,
    "f4": 0.6722052536261753,
    "g4": 0.019611177775212787,
    "h4": 0.0005721441355245367,
    "t4": 1.6691955759478478e-05,
    "beta_4": 0.029174389324423365,
    "alpha_4": 0.02917438932442336,
    "epsilon_4": 1.1217878477983353e-16,
    "gamma_4": 0.02917438932442336,
    "epsilon_prime_4": -1.1217878477983353e-16,
    "f5": 0.3600743173520953,
    "g5": 0.010504948320155999,
    "h5": 0.0003064754521251782,
    "t5": 8.941234158678622e-06,
    "beta_5": 0.02917438932442335,
    "alpha_5": 0.029174389324423365,
    "epsilon_5": -4.487151391193341e-16,
    "gamma_5": 0.029174389324423365,
    "epsilon_prime_5": 4.487151391193341e-16
}