{
    "f0": 0.912673,
    "g0": 0.028227,
    "h0": 0,
    "t0": 0,
    "f1": 1.006086652737518,
    "g1": 0.02652670460580305,
    "h1": 0.0007494437903192902,
    "t1": 2.3178673927400726e-05,
    "alpha_1": 0.030927835051546393,
    "beta_1": 0.0,
    "gamma_1": 9999,
    "epsilon_1": -1.0,
    "epsilon_prime_1": 323301.0,
    "f2": 1.2826422925630532,
    "g2": 0.03413723628752925,
    "h2": 0.0009088519927742417,
    "t2": 2.420476525566269e-05,
    "alpha_2": 0.02636622256504948,
    "beta_2": 0.028252427184466022,
    "gamma_2": 0.03092783505154639,
    "epsilon_2": 0.060987282694468174,
    "epsilon_prime_2": 0.08650485436893188,
    "f3": 2.665127567533027,
    "g3": 0.07093481209038166,
    "h3": 0.001887995029047703,
    "t3": 5.025071820211781e-05,
    "alpha_3": 0.026614775206978532,
    "beta_3": 0.02662347898111062,
    "gamma_3": 0.02663224094583147,
    "epsilon_3": 0.0002814220302708159,
    "epsilon_prime_3": 0.00028330352597419225,
    "f4": 23.90896795729626,
    "g4": 0.6363590889395109,
    "h4": 0.01693728022051012,
    "t4": 0.000450801231968185,
    "alpha_4": 0.026615916233999413,
    "beta_4": 0.026615916408464047,
    "gamma_4": 0.02661591658292875,
    "epsilon_4": 5.641023156690203e-09,
    "epsilon_prime_4": 5.641025400265898e-09,
    "f5": 17261.928577125156,
    "g5": 459.44204544078036,
    "h5": 12.22847100633544,
    "t5": 0.3254719602541487,
    "alpha_5": 0.026615916256866882,
    "beta_5": 0.02661591625686687,
    "gamma_5": 0.02661591625686687,
    "epsilon_5": -3.365363543395006e-16,
    "epsilon_prime_5": 0.0,
    "f6": 6496430122821.007,
    "g6": 172908440117.5913,
    "h6": 4602116562.275291,
    "t6": 122489549.02585925,
    "alpha_6": 0.02661591625686688,
    "beta_6": 0.026615916256866885,
    "gamma_6": 0.02661591625686688,
    "epsilon_6": 2.2435756955966707e-16,
    "epsilon_prime_6": -2.2435756955966707e-16,
    "f7": 3.462829747746457e+38,
    "g7": 9.216638657780716e+36,
    "h7": 2.4530928268529347e+35,
    "t7": 6.529131324983856e+33,
    "alpha_7": 0.026615916256866875,
    "beta_7": 0.02661591625686688,
    "gamma_7": 0.026615916256866882,
    "epsilon_7": 1.1217878477983353e-16,
    "epsilon_prime_7": 1.1217878477983353e-16,
    "f8": 5.244453565653311e+115,
    "g8": 1.3958593691645546e+114,
    "h8": 3.7152076076046805e+112,
    "t8": 9.888365456088093e+110,
    "alpha_8": 0.026615916256866882,
    "beta_8": 0.026615916256866875,
    "gamma_8": 0.02661591625686688,
    "epsilon_8": -2.2435756955966707e-16,
    "epsilon_prime_8": 1.1217878477983353e-16,
    "f9": Infinity,
    "g9": Infinity,
    "h9": Infinity,
    "t9": Infinity,
    "alpha_9": 0.026615916256866885,
    "beta_9": 0.02661591625686687,
    "gamma_9": 0.026615916256866882,
    "epsilon_9": -4.487151391193341e-16,
    "epsilon_prime_9": 3.365363543395006e-16,
    "f10": Infinity,
    "g10": Infinity,
    "h10": Infinity,
    "t10": Infinity,
    "alpha_10": NaN,
    "beta_10": NaN,
    "gamma_10": NaN,
    "epsilon_10": NaN,
    "epsilon_prime_10": NaN,
    "f11": Infinity,
    "g11": Infinity,
    "h11": Infinity,
    "t11": Infinity,
    "alpha_11": NaN,
    "beta_11": NaN,
    "gamma_11": NaN,
    "epsilon_11": NaN,
    "epsilon_prime_11": NaN,
    "f12": Infinity,
    "g12": Infinity,
    "h12": Infinity,
    "t12": Infinity,
    "alpha_12": NaN,
    "beta_12": NaN,
    "gamma_12": NaN,
    "epsilon_12": NaN,
    "epsilon_prime_12": NaN,
    "f13": Infinity,
    "g13": Infinity,
    "h13": Infinity,
    "t13": Infinity,
    "alpha_13": NaN,
    "beta_13": NaN,
    "gamma_13": NaN,
    "epsilon_13": NaN,
    "epsilon_prime_13": NaN,
    "f14": Infinity,
    "g14": Infinity,
    "h14": Infinity,
    "t14": Infinity,
    "alpha_14": NaN,
    "beta_14": NaN,
    "gamma_14": NaN,
    "epsilon_14": NaN,
    "epsilon_prime_14": NaN,
    "f15": Infinity,
    "g15": Infinity,
    "h15": Infinity,
    "t15": Infinity,
    "alpha_15": NaN,
    "beta_15": NaN,
    "gamma_15": NaN,
    "epsilon_15": NaN,
    "epsilon_prime_15": NaN,
    "f16": Infinity,
    "g16": Infinity,
    "h16": Infinity,
    "t16": Infinity,
    "alpha_16": NaN,
    "beta_16": NaN,
    "gamma_16": NaN,
    "epsilon_16": NaN,
    "epsilon_prime_16": NaN,
    "f17": Infinity,
    "g17": Infinity,
    "h17": Infinity,
    "t17": Infinity,
    "alpha_17": NaN,
    "beta_17": NaN,
    "gamma_17": NaN,
    "epsilon_17": NaN,
    "epsilon_prime_17": NaN,
    "f18": Infinity,
    "g18": Infinity,
    "h18": Infinity,
    "t18": Infinity,
    "alpha_18": NaN,
    "beta_18": NaN,
    "gamma_18": NaN,
    "epsilon_18": NaN,
    "epsilon_prime_18": NaN,
    "f19": Infinity,
    "g19": Infinity,
    "h19": Infinity,
    "t19": Infinity,
    "alpha_19": NaN,
    "beta_19": NaN,
    "gamma_19": NaN,
    "epsilon_19": NaN,
    "epsilon_prime_19": NaN,
    "f20": Infinity,
    "g20": Infinity,
    "h20": Infinity,
    "t20": Infinity,
    "alpha_20": NaN,
    "beta_20": NaN,
    "gamma_20": NaN,
    "epsilon_20": NaN,
    "epsilon_prime_20": NaN
}