{
    "f1": 0.8307679610039577,
    "g1": 0.04847897068686779,
    "h1": 0.0021815536809090506,
    "t1": 4.498048826616598e-05,
    "alpha_1": 0.0583544057576347,
    "epsilon_1": 0.0,
    "beta_1": 0.045000000000000005,
    "gamma_1": 0.020618556701030924,
    "epsilon_prime_1": 0.7883333333333337,
    "f2": 0.7969738955299188,
    "g2": 0.045388004910685203,
    "h2": 0.0025844691841541657,
    "t2": 0.0001471413823492967,
    "alpha_2": 0.05695042857144788,
    "epsilon_2": 0.0,
    "beta_2": 0.05694167851704211,
    "gamma_2": 0.05693292195219287,
    "epsilon_prime_2": 0.00028312893012550494,
    "f3": 0.6996347637447545,
    "g3": 0.039843873648186395,
    "h3": 0.002269090030200172,
    "t3": 0.00012922361942763658,
    "alpha_3": 0.05694953383237329,
    "epsilon_3": 0.0,
    "beta_3": 0.05694953382885893,
    "gamma_3": 0.05694953382534446,
    "epsilon_prime_3": 1.1363441669113665e-10,
    "f4": 0.4733165208806922,
    "g4": 0.02695515521914612,
    "h4": 0.0015350835240999488,
    "t4": 8.742229109069722e-05,
    "alpha_4": 0.056949533832013954,
    "epsilon_4": 0.0,
    "beta_4": 0.056949533832013934,
    "gamma_4": 0.05694953383201394,
    "epsilon_prime_4": -2.2435756955966707e-16,
    "f5": 0.14655225726416082,
    "g5": 0.00834608273322334,
    "h5": 0.0004753055209804901,
    "t5": 2.706842784762144e-05,
    "alpha_5": 0.056949533832013954,
    "epsilon_5": 0.0,
    "beta_5": 0.05694953383201396,
    "gamma_5": 0.056949533832013954,
    "epsilon_prime_5": 2.2435756955966707e-16
}