{
    "f1": 0.77910074530254,
    "g1": 0.060115798248652784,
    "h1": 0.0036069478949191675,
    "t1": 0.000100192997081088,
    "alpha_1": 0.0771604938271605,
    "epsilon_1": 0.0,
    "beta_1": 0.060000000000000005,
    "gamma_1": 0.027777777777777783,
    "epsilon_prime_1": 0.7733333333333333,
    "f2": 0.7252103235099179,
    "g2": 0.054277247211804415,
    "h2": 0.00406130508694259,
    "t2": 0.00030381359805964987,
    "alpha_2": 0.0748434563770549,
    "epsilon_2": 0.0,
    "beta_2": 0.07482518542427705,
    "gamma_2": 0.07480688880932243,
    "epsilon_prime_2": 0.00043911875891078367,
    "f3": 0.5796012965785905,
    "g3": 0.043377985533201664,
    "h3": 0.003246455174532541,
    "t3": 0.00024296820306511952,
    "alpha_3": 0.07484107746008099,
    "epsilon_3": 0.0,
    "beta_3": 0.0748410774411756,
    "gamma_3": 0.07484107742227017,
    "epsilon_prime_3": 4.537303865959075e-10,
    "f4": 0.29588395569234016,
    "g4": 0.02214427404643732,
    "h4": 0.0016573013291521707,
    "t4": 0.00012403421714569357,
    "alpha_4": 0.07484107745761961,
    "epsilon_4": 0.0,
    "beta_4": 0.07484107745761959,
    "gamma_4": 0.07484107745761963,
    "epsilon_prime_4": -9.992007221626409e-16,
    "f5": 0.03936385467055282,
    "g5": 0.0029460332964293245,
    "h5": 0.0002204843061307935,
    "t5": 1.6501283033324235e-05,
    "alpha_5": 0.0748410774576196,
    "epsilon_5": 0.0,
    "beta_5": 0.0748410774576196,
    "gamma_5": 0.07484107745761963,
    "epsilon_prime_5": -6.661338147750939e-16
}