{
    "f0": 0.8847359999999999,
    "g0": 0.036864,
    "h0": 0,
    "t0": 0,
    "f1": 1.0817509215422025,
    "g1": 0.034850222987828694,
    "h1": 0.0012391190395672426,
    "t1": 5.1629959981968447e-05,
    "alpha_1": 0.04166666666666667,
    "beta_1": 0.0,
    "gamma_1": 9999,
    "epsilon_1": -1.0,
    "epsilon_prime_1": 239976.0,
    "f2": 1.7542550142541722,
    "g2": 0.0576743074692788,
    "h2": 0.0018981756548864103,
    "t2": 6.254122426802937e-05,
    "alpha_2": 0.03221649484536083,
    "beta_2": 0.03555555555555556,
    "gamma_2": 0.04166666666666667,
    "epsilon_2": 0.08013745704467362,
    "epsilon_prime_2": 0.1466666666666666,
    "f3": 7.5480956916809445,
    "g3": 0.2482086998507584,
    "h3": 0.008162001037871467,
    "t3": 0.0002683961830243821,
    "alpha_3": 0.03287680924417893,
    "beta_3": 0.03291198001636181,
    "gamma_3": 0.03294806995708305,
    "epsilon_3": 0.0008440985323891481,
    "epsilon_prime_3": 0.0008661585773097613,
    "f4": 601.3268000765256,
    "g4": 19.773801529329933,
    "h4": 0.6502341603127808,
    "t4": 0.02138205254111272,
    "alpha_4": 0.03288361859592202,
    "beta_4": 0.03288362189874517,
    "gamma_4": 0.03288362520159346,
    "epsilon_4": 7.926775552613563e-08,
    "epsilon_prime_4": 7.926835887683836e-08,
    "f5": 304039529.4571476,
    "g5": 9997920.118962608,
    "h5": 328767.7983307948,
    "t5": 10811.07509693661,
    "alpha_5": 0.03288361923468818,
    "beta_5": 0.0328836192346882,
    "gamma_5": 0.032883619234688244,
    "epsilon_5": 4.996003610813204e-16,
    "epsilon_prime_5": 9.992007221626409e-16,
    "f6": 3.929963590838945e+25,
    "g6": 1.2923142632733582e+24,
    "h6": 4.2495970165037705e+22,
    "t6": 1.3974213019157696e+21,
    "alpha_6": 0.0328836192346882,
    "beta_6": 0.03288361923468818,
    "gamma_6": 0.03288361923468819,
    "epsilon_6": -4.996003610813204e-16,
    "epsilon_prime_6": 1.6653345369377348e-16,
    "f7": 8.487190539308496e+76,
    "g7": 2.790895420668685e+75,
    "h7": 9.177474233710396e+73,
    "t7": 3.0178856823749448e+72,
    "alpha_7": 0.03288361923468819,
    "beta_7": 0.032883619234688195,
    "gamma_7": 0.032883619234688195,
    "epsilon_7": 1.6653345369377348e-16,
    "epsilon_prime_7": 0.0,
    "f8": 8.548506151738198e+230,
    "g8": 2.811058213191486e+229,
    "h8": 9.243776792913177e+227,
    "t8": 3.03968836348604e+226,
    "alpha_8": 0.032883619234688195,
    "beta_8": 0.03288361923468819,
    "gamma_8": 0.032883619234688195,
    "epsilon_8": -1.6653345369377348e-16,
    "epsilon_prime_8": 1.6653345369377348e-16,
    "f9": Infinity,
    "g9": Infinity,
    "h9": Infinity,
    "t9": Infinity,
    "alpha_9": 0.0328836192346882,
    "beta_9": 0.03288361923468819,
    "gamma_9": 0.03288361923468819,
    "epsilon_9": -3.3306690738754696e-16,
    "epsilon_prime_9": 0.0,
    "f10": Infinity,
    "g10": Infinity,
    "h10": Infinity,
    "t10": Infinity,
    "alpha_10": NaN,
    "beta_10": NaN,
    "gamma_10": NaN,
    "epsilon_10": NaN,
    "epsilon_prime_10": NaN,
    "f11": Infinity,
    "g11": Infinity,
    "h11": Infinity,
    "t11": Infinity,
    "alpha_11": NaN,
    "beta_11": NaN,
    "gamma_11": NaN,
    "epsilon_11": NaN,
    "epsilon_prime_11": NaN,
    "f12": Infinity,
    "g12": Infinity,
    "h12": Infinity,
    "t12": Infinity,
    "alpha_12": NaN,
    "beta_12": NaN,
    "gamma_12": NaN,
    "epsilon_12": NaN,
    "epsilon_prime_12": NaN,
    "f13": Infinity,
    "g13": Infinity,
    "h13": Infinity,
    "t13": Infinity,
    "alpha_13": NaN,
    "beta_13": NaN,
    "gamma_13": NaN,
    "epsilon_13": NaN,
    "epsilon_prime_13": NaN,
    "f14": Infinity,
    "g14": Infinity,
    "h14": Infinity,
    "t14": Infinity,
    "alpha_14": NaN,
    "beta_14": NaN,
    "gamma_14": NaN,
    "epsilon_14": NaN,
    "epsilon_prime_14": NaN,
    "f15": Infinity,
    "g15": Infinity,
    "h15": Infinity,
    "t15": Infinity,
    "alpha_15": NaN,
    "beta_15": NaN,
    "gamma_15": NaN,
    "epsilon_15": NaN,
    "epsilon_prime_15": NaN,
    "f16": Infinity,
    "g16": Infinity,
    "h16": Infinity,
    "t16": Infinity,
    "alpha_16": NaN,
    "beta_16": NaN,
    "gamma_16": NaN,
    "epsilon_16": NaN,
    "epsilon_prime_16": NaN,
    "f17": Infinity,
    "g17": Infinity,
    "h17": Infinity,
    "t17": Infinity,
    "alpha_17": NaN,
    "beta_17": NaN,
    "gamma_17": NaN,
    "epsilon_17": NaN,
    "epsilon_prime_17": NaN,
    "f18": Infinity,
    "g18": Infinity,
    "h18": Infinity,
    "t18": Infinity,
    "alpha_18": NaN,
    "beta_18": NaN,
    "gamma_18": NaN,
    "epsilon_18": NaN,
    "epsilon_prime_18": NaN,
    "f19": Infinity,
    "g19": Infinity,
    "h19": Infinity,
    "t19": Infinity,
    "alpha_19": NaN,
    "beta_19": NaN,
    "gamma_19": NaN,
    "epsilon_19": NaN,
    "epsilon_prime_19": NaN,
    "f20": Infinity,
    "g20": Infinity,
    "h20": Infinity,
    "t20": Infinity,
    "alpha_20": NaN,
    "beta_20": NaN,
    "gamma_20": NaN,
    "epsilon_20": NaN,
    "epsilon_prime_20": NaN
}