{
    "f0": 0.8847359999999999,
    "g0": 0.036864,
    "h0": 0,
    "t0": 0,
    "f1": 0.8765885314624386,
    "g1": 0.03381513651486719,
    "h1": 0.001302508962054144,
    "t1": 5.0096498540544e-05,
    "alpha_1": 0.04166666666666667,
    "beta_1": 0.0,
    "gamma_1": 9999,
    "epsilon_1": -1.0,
    "epsilon_prime_1": 239976.0,
    "f2": 0.8418126604789923,
    "g2": 0.03247017265851813,
    "h2": 0.0012524308067425065,
    "t2": 4.830842563525239e-05,
    "alpha_2": 0.03857583723854155,
    "beta_2": 0.03851851851851853,
    "gamma_2": 0.038461538461538464,
    "epsilon_2": -0.0013756492805525045,
    "epsilon_prime_2": -0.0013675213675215514,
    "f3": 0.7455332403698034,
    "g3": 0.028756508626029232,
    "h3": 0.0011091883548327265,
    "t3": 4.278331637878018e-05,
    "alpha_3": 0.038571732385258455,
    "beta_3": 0.03857173227608161,
    "gamma_3": 0.03857173216690474,
    "epsilon_3": -2.6202441882894334e-09,
    "epsilon_prime_3": -2.620245020956702e-09,
    "f4": 0.5178711141474844,
    "g4": 0.019975186020903122,
    "h4": 0.0007704775293878436,
    "t4": 2.971865306637857e-05,
    "alpha_4": 0.03857173237743937,
    "beta_4": 0.038571732377439376,
    "gamma_4": 0.03857173237743937,
    "epsilon_4": 1.6653345369377348e-16,
    "epsilon_prime_4": -1.6653345369377348e-16,
    "f5": 0.1735744170174985,
    "g5": 0.00669506596076901,
    "h5": 0.00025824029248808634,
    "t5": 9.960775450922128e-06,
    "alpha_5": 0.03857173237743936,
    "beta_5": 0.03857173237743938,
    "gamma_5": 0.038571732377439355,
    "epsilon_5": 4.996003610813204e-16,
    "epsilon_prime_5": -6.661338147750939e-16,
    "f6": 0.006535484640555254,
    "g6": 0.00025208496451236285,
    "h6": 9.723353787547157e-06,
    "t6": 3.750466001044305e-07,
    "alpha_6": 0.03857173237743937,
    "beta_6": 0.03857173237743938,
    "gamma_6": 0.03857173237743935,
    "epsilon_6": 3.3306690738754696e-16,
    "epsilon_prime_6": -8.326672684688674e-16,
    "f7": 3.488623062671285e-07,
    "g7": 1.3456223513911973e-08,
    "h7": 5.190298521896196e-10,
    "t7": 2.001988055455992e-11,
    "alpha_7": 0.038571732377439376,
    "beta_7": 0.038571732377439355,
    "gamma_7": 0.038571732377439376,
    "epsilon_7": -4.996003610813204e-16,
    "epsilon_prime_7": 4.996003610813204e-16,
    "f8": 5.3061899784349583e-20,
    "g8": 2.0466893979204403e-21,
    "h8": 7.894435571632982e-23,
    "t8": 3.0450205613996493e-24,
    "alpha_8": 0.03857173237743938,
    "beta_8": 0.03857173237743938,
    "gamma_8": 0.03857173237743937,
    "epsilon_8": 0.0,
    "epsilon_prime_8": -3.3306690738754696e-16,
    "f9": 1.867106271209129e-58,
    "g9": 7.201752341331729e-60,
    "h9": 2.7778406395844482e-61,
    "t9": 1.071461257372264e-62,
    "alpha_9": 0.038571732377439376,
    "beta_9": 0.03857173237743941,
    "gamma_9": 0.03857173237743937,
    "epsilon_9": 8.326672684688674e-16,
    "epsilon_prime_9": -9.992007221626409e-16,
    "f10": 8.134441973194913e-174,
    "g10": 3.137595188298841e-175,
    "h10": 1.2102248191180442e-176,
    "t10": 4.668046783955621e-178,
    "alpha_10": 0.03857173237743939,
    "beta_10": 0.03857173237743937,
    "gamma_10": 0.03857173237743938,
    "epsilon_10": -4.996003610813204e-16,
    "epsilon_prime_10": 3.3306690738754696e-16,
    "f11": 0.0,
    "g11": 0.0,
    "h11": 0.0,
    "t11": 0.0,
    "alpha_11": 0.038571732377439376,
    "beta_11": 0.03857173237743938,
    "gamma_11": 0.038571732377439404,
    "epsilon_11": 1.6653345369377348e-16,
    "epsilon_prime_11": 4.996003610813204e-16,
    "f12": 0.0,
    "g12": 0.0,
    "h12": 0.0,
    "t12": 0.0,
    "alpha_12": NaN,
    "beta_12": NaN,
    "gamma_12": NaN,
    "epsilon_12": NaN,
    "epsilon_prime_12": NaN,
    "f13": 0.0,
    "g13": 0.0,
    "h13": 0.0,
    "t13": 0.0,
    "alpha_13": NaN,
    "beta_13": NaN,
    "gamma_13": NaN,
    "epsilon_13": NaN,
    "epsilon_prime_13": NaN,
    "f14": 0.0,
    "g14": 0.0,
    "h14": 0.0,
    "t14": 0.0,
    "alpha_14": NaN,
    "beta_14": NaN,
    "gamma_14": NaN,
    "epsilon_14": NaN,
    "epsilon_prime_14": NaN,
    "f15": 0.0,
    "g15": 0.0,
    "h15": 0.0,
    "t15": 0.0,
    "alpha_15": NaN,
    "beta_15": NaN,
    "gamma_15": NaN,
    "epsilon_15": NaN,
    "epsilon_prime_15": NaN,
    "f16": 0.0,
    "g16": 0.0,
    "h16": 0.0,
    "t16": 0.0,
    "alpha_16": NaN,
    "beta_16": NaN,
    "gamma_16": NaN,
    "epsilon_16": NaN,
    "epsilon_prime_16": NaN,
    "f17": 0.0,
    "g17": 0.0,
    "h17": 0.0,
    "t17": 0.0,
    "alpha_17": NaN,
    "beta_17": NaN,
    "gamma_17": NaN,
    "epsilon_17": NaN,
    "epsilon_prime_17": NaN,
    "f18": 0.0,
    "g18": 0.0,
    "h18": 0.0,
    "t18": 0.0,
    "alpha_18": NaN,
    "beta_18": NaN,
    "gamma_18": NaN,
    "epsilon_18": NaN,
    "epsilon_prime_18": NaN,
    "f19": 0.0,
    "g19": 0.0,
    "h19": 0.0,
    "t19": 0.0,
    "alpha_19": NaN,
    "beta_19": NaN,
    "gamma_19": NaN,
    "epsilon_19": NaN,
    "epsilon_prime_19": NaN,
    "f20": 0.0,
    "g20": 0.0,
    "h20": 0.0,
    "t20": 0.0,
    "alpha_20": NaN,
    "beta_20": NaN,
    "gamma_20": NaN,
    "epsilon_20": NaN,
    "epsilon_prime_20": NaN
}