{
    "f0": 0.8847359999999999,
    "g0": 0.036864,
    "h0": 0,
    "t0": 0,
    "f1": 0.8765885314624386,
    "g1": 0.03381513651486719,
    "h1": 0.001302508962054144,
    "t1": 5.0096498540544e-05,
    "beta_1": 0.03851851851851853,
    "alpha_1": 0.03857583723854155,
    "epsilon_1": -0.0013756492805525045,
    "gamma_1": 0.038461538461538464,
    "epsilon_prime_1": -0.0013675213675215514,
    "f2": 0.8418126604789923,
    "g2": 0.03247017265851813,
    "h2": 0.0012524308067425065,
    "t2": 4.830842563525239e-05,
    "beta_2": 0.03857173227608161,
    "alpha_2": 0.038571732385258455,
    "epsilon_2": -2.6202441882894334e-09,
    "gamma_2": 0.03857173216690474,
    "epsilon_prime_2": -2.620245020956702e-09,
    "f3": 0.7455332403698034,
    "g3": 0.028756508626029232,
    "h3": 0.0011091883548327265,
    "t3": 4.278331637878018e-05,
    "beta_3": 0.038571732377439376,
    "alpha_3": 0.03857173237743937,
    "epsilon_3": 1.6653345369377348e-16,
    "gamma_3": 0.03857173237743937,
    "epsilon_prime_3": -1.6653345369377348e-16,
    "f4": 0.5178711141474844,
    "g4": 0.019975186020903122,
    "h4": 0.0007704775293878436,
    "t4": 2.971865306637857e-05,
    "beta_4": 0.03857173237743938,
    "alpha_4": 0.03857173237743936,
    "epsilon_4": 4.996003610813204e-16,
    "gamma_4": 0.038571732377439355,
    "epsilon_prime_4": -6.661338147750939e-16,
    "f5": 0.1735744170174985,
    "g5": 0.00669506596076901,
    "h5": 0.00025824029248808634,
    "t5": 9.960775450922128e-06,
    "beta_5": 0.03857173237743938,
    "alpha_5": 0.03857173237743937,
    "epsilon_5": 3.3306690738754696e-16,
    "gamma_5": 0.03857173237743935,
    "epsilon_prime_5": -8.326672684688674e-16
}