{
    "f0": 0.8573749999999999,
    "g0": 0.045125,
    "h0": 0,
    "t0": 0,
    "f1": 0.8451719012460934,
    "g1": 0.04043005398437499,
    "h1": 0.0019296162128906247,
    "t1": 9.1886486328125e-05,
    "beta_1": 0.04772727272727273,
    "alpha_1": 0.04783648619265059,
    "epsilon_1": -0.0020750558421793043,
    "gamma_1": 0.04761904761904762,
    "epsilon_prime_1": -0.0020562770562770126,
    "f2": 0.7940947527762684,
    "g2": 0.03797913205239922,
    "h2": 0.0018164261281042628,
    "t2": 8.687412449424278e-05,
    "beta_2": 0.047826952064048425,
    "alpha_2": 0.04782695253887369,
    "epsilon_2": -9.021679986398466e-09,
    "gamma_2": 0.04782695158922323,
    "epsilon_prime_2": -9.021678668008624e-09,
    "f3": 0.6586233927307704,
    "g3": 0.031499949717824154,
    "h3": 0.0015065465988254943,
    "t3": 7.205353261717658e-05,
    "beta_3": 0.04782695249742,
    "alpha_3": 0.04782695249742,
    "epsilon_3": 0.0,
    "gamma_3": 0.04782695249742,
    "epsilon_prime_3": 0.0,
    "f4": 0.3757782400220233,
    "g4": 0.017972328035097393,
    "h4": 0.0008595616792026531,
    "t4": 4.111021559982786e-05,
    "beta_4": 0.04782695249742002,
    "alpha_4": 0.04782695249741998,
    "epsilon_4": 7.910339050454238e-16,
    "gamma_4": 0.04782695249742,
    "epsilon_prime_4": -3.955169525227119e-16,
    "f5": 0.06979351270976211,
    "g5": 0.003338011016997871,
    "h5": 0.0001596468943458217,
    "t5": 7.635424432238244e-06,
    "beta_5": 0.04782695249741997,
    "alpha_5": 0.04782695249741999,
    "epsilon_5": -3.955169525227119e-16,
    "gamma_5": 0.04782695249741999,
    "epsilon_prime_5": 3.955169525227119e-16
}