{
    "f1": 0.7297624744179685,
    "g1": 0.06983372960937498,
    "h1": 0.005237529720703124,
    "t1": 0.00018377297265625,
    "alpha_1": 0.09569377990430622,
    "epsilon_1": 0.0,
    "beta_1": 0.07500000000000001,
    "gamma_1": 0.03508771929824562,
    "epsilon_prime_1": 0.7583333333333333,
    "f2": 0.6544587033396801,
    "g2": 0.06041999594934838,
    "h2": 0.005576094486145086,
    "t2": 0.0005144345804015566,
    "alpha_2": 0.09232056299507857,
    "epsilon_2": 0.0,
    "beta_2": 0.09228889208830249,
    "gamma_2": 0.09225714909956627,
    "epsilon_prime_2": 0.0006031167859881641,
    "f3": 0.4660198811224632,
    "g3": 0.04302091722305202,
    "h3": 0.003971502917282199,
    "t3": 0.0003666317788838727,
    "alpha_3": 0.0923156263621868,
    "epsilon_3": 0.0,
    "beta_3": 0.09231562629618081,
    "gamma_3": 0.09231562623017489,
    "epsilon_prime_3": 1.2541125360421288e-09,
    "f4": 0.16825302924724916,
    "g4": 0.015532383780564258,
    "h4": 0.0014338817374408728,
    "t4": 0.00013236969070640393,
    "alpha_4": 0.09231562635189941,
    "epsilon_4": 0.0,
    "beta_4": 0.09231562635189941,
    "gamma_4": 0.0923156263518994,
    "epsilon_prime_4": 2.6367796834847463e-16,
    "f5": 0.007918414540223935,
    "g5": 0.0007309933979947602,
    "h5": 6.74821133949896e-05,
    "t5": 6.229653565608366e-06,
    "alpha_5": 0.09231562635189941,
    "epsilon_5": 0.0,
    "beta_5": 0.09231562635189944,
    "gamma_5": 0.09231562635189941,
    "epsilon_prime_5": 5.273559366969493e-16
}