{
    "f0": 0.8573749999999999,
    "g0": 0.045125,
    "h0": 0,
    "t0": 0,
    "f1": 0.8451719012460934,
    "g1": 0.04043005398437499,
    "h1": 0.0019296162128906247,
    "t1": 9.1886486328125e-05,
    "alpha_1": 0.052631578947368425,
    "beta_1": 0.0,
    "gamma_1": 9999,
    "epsilon_1": -0.9999999999999999,
    "epsilon_prime_1": 189980.99999999997,
    "f2": 0.7940947527762684,
    "g2": 0.03797913205239922,
    "h2": 0.0018164261281042628,
    "t2": 8.687412449424278e-05,
    "alpha_2": 0.04783648619265059,
    "beta_2": 0.04772727272727273,
    "gamma_2": 0.04761904761904762,
    "epsilon_2": -0.0020750558421793043,
    "epsilon_prime_2": -0.0020562770562770126,
    "f3": 0.6586233927307704,
    "g3": 0.031499949717824154,
    "h3": 0.0015065465988254943,
    "t3": 7.205353261717658e-05,
    "alpha_3": 0.04782695253887369,
    "beta_3": 0.047826952064048425,
    "gamma_3": 0.04782695158922323,
    "epsilon_3": -9.021679986398466e-09,
    "epsilon_prime_3": -9.021678668008624e-09,
    "f4": 0.3757782400220233,
    "g4": 0.017972328035097393,
    "h4": 0.0008595616792026531,
    "t4": 4.111021559982786e-05,
    "alpha_4": 0.04782695249742,
    "beta_4": 0.04782695249742,
    "gamma_4": 0.04782695249742,
    "epsilon_4": 0.0,
    "epsilon_prime_4": 0.0,
    "f5": 0.06979351270976211,
    "g5": 0.003338011016997871,
    "h5": 0.0001596468943458217,
    "t5": 7.635424432238244e-06,
    "alpha_5": 0.04782695249741998,
    "beta_5": 0.04782695249742002,
    "gamma_5": 0.04782695249742,
    "epsilon_5": 7.910339050454238e-16,
    "epsilon_prime_5": -3.955169525227119e-16,
    "f6": 0.0004471624670904518,
    "g6": 2.138641807216416e-05,
    "h6": 1.0228472012273601e-06,
    "t6": 4.8919664505219944e-08,
    "alpha_6": 0.04782695249741999,
    "beta_6": 0.04782695249741997,
    "gamma_6": 0.04782695249741999,
    "epsilon_6": -3.955169525227119e-16,
    "epsilon_prime_6": 3.955169525227119e-16,
    "f7": 1.1760240507267834e-10,
    "g7": 5.624564640993328e-12,
    "h7": 2.6900578590345597e-13,
    "t7": 1.2865726943935714e-14,
    "alpha_7": 0.04782695249741997,
    "beta_7": 0.047826952497420014,
    "gamma_7": 0.04782695249741999,
    "epsilon_7": 7.910339050454238e-16,
    "epsilon_prime_7": -3.955169525227119e-16,
    "f8": 2.1392856765879697e-30,
    "g8": 1.0231551443258378e-31,
    "h8": 4.8934392485162695e-33,
    "t8": 2.340382864877981e-34,
    "alpha_8": 0.047826952497419965,
    "beta_8": 0.047826952497419986,
    "gamma_8": 0.047826952497419965,
    "epsilon_8": 3.955169525227119e-16,
    "epsilon_prime_8": -3.955169525227119e-16,
    "f9": 1.2877350688105012e-89,
    "g9": 6.158844396526169e-91,
    "h9": 2.945587583916582e-92,
    "t9": 1.4087847745296843e-93,
    "alpha_9": 0.04782695249741997,
    "beta_9": 0.04782695249741995,
    "gamma_9": 0.04782695249741997,
    "epsilon_9": -3.955169525227119e-16,
    "epsilon_prime_9": 3.955169525227119e-16,
    "f10": 2.8086637022922977e-267,
    "g10": 1.3432982547076147e-268,
    "h10": 6.424586181776826e-270,
    "t10": 3.072683781314209e-271,
    "alpha_10": 0.04782695249741998,
    "beta_10": 0.047826952497419965,
    "gamma_10": 0.04782695249741997,
    "epsilon_10": -2.6367796834847463e-16,
    "epsilon_prime_10": 1.3183898417423731e-16,
    "f11": 0.0,
    "g11": 0.0,
    "h11": 0.0,
    "t11": 0.0,
    "alpha_11": 0.047826952497419986,
    "beta_11": 0.047826952497419986,
    "gamma_11": 0.04782695249741996,
    "epsilon_11": 0.0,
    "epsilon_prime_11": -5.273559366969493e-16,
    "f12": 0.0,
    "g12": 0.0,
    "h12": 0.0,
    "t12": 0.0,
    "alpha_12": NaN,
    "beta_12": NaN,
    "gamma_12": NaN,
    "epsilon_12": NaN,
    "epsilon_prime_12": NaN,
    "f13": 0.0,
    "g13": 0.0,
    "h13": 0.0,
    "t13": 0.0,
    "alpha_13": NaN,
    "beta_13": NaN,
    "gamma_13": NaN,
    "epsilon_13": NaN,
    "epsilon_prime_13": NaN,
    "f14": 0.0,
    "g14": 0.0,
    "h14": 0.0,
    "t14": 0.0,
    "alpha_14": NaN,
    "beta_14": NaN,
    "gamma_14": NaN,
    "epsilon_14": NaN,
    "epsilon_prime_14": NaN,
    "f15": 0.0,
    "g15": 0.0,
    "h15": 0.0,
    "t15": 0.0,
    "alpha_15": NaN,
    "beta_15": NaN,
    "gamma_15": NaN,
    "epsilon_15": NaN,
    "epsilon_prime_15": NaN,
    "f16": 0.0,
    "g16": 0.0,
    "h16": 0.0,
    "t16": 0.0,
    "alpha_16": NaN,
    "beta_16": NaN,
    "gamma_16": NaN,
    "epsilon_16": NaN,
    "epsilon_prime_16": NaN,
    "f17": 0.0,
    "g17": 0.0,
    "h17": 0.0,
    "t17": 0.0,
    "alpha_17": NaN,
    "beta_17": NaN,
    "gamma_17": NaN,
    "epsilon_17": NaN,
    "epsilon_prime_17": NaN,
    "f18": 0.0,
    "g18": 0.0,
    "h18": 0.0,
    "t18": 0.0,
    "alpha_18": NaN,
    "beta_18": NaN,
    "gamma_18": NaN,
    "epsilon_18": NaN,
    "epsilon_prime_18": NaN,
    "f19": 0.0,
    "g19": 0.0,
    "h19": 0.0,
    "t19": 0.0,
    "alpha_19": NaN,
    "beta_19": NaN,
    "gamma_19": NaN,
    "epsilon_19": NaN,
    "epsilon_prime_19": NaN,
    "f20": 0.0,
    "g20": 0.0,
    "h20": 0.0,
    "t20": 0.0,
    "alpha_20": NaN,
    "beta_20": NaN,
    "gamma_20": NaN,
    "epsilon_20": NaN,
    "epsilon_prime_20": NaN
}