{
    "f0": 0.8573749999999999,
    "g0": 0.045125,
    "h0": 0,
    "t0": 0,
    "f1": 1.1839287189559284,
    "g1": 0.0435616070004581,
    "h1": 0.0017992837674102257,
    "t1": 9.469914565316979e-05,
    "alpha_1": 0.052631578947368425,
    "beta_1": 0.0,
    "gamma_1": 9999,
    "epsilon_1": -0.9999999999999999,
    "epsilon_prime_1": 189980.99999999997,
    "f2": 2.5072618111618294,
    "g2": 0.09526975880944077,
    "h2": 0.0036281372184027508,
    "t2": 0.00013850023985400003,
    "alpha_2": 0.036794112941929295,
    "beta_2": 0.041304347826086954,
    "gamma_2": 0.05263157894736843,
    "epsilon_2": 0.0856944627989955,
    "epsilon_prime_2": 0.21521739130434805,
    "f3": 24.255295115863824,
    "g3": 0.9221610145729436,
    "h3": 0.03505961932276498,
    "t3": 0.0013329316425853735,
    "alpha_3": 0.037997531165400764,
    "beta_3": 0.03808277950676642,
    "gamma_3": 0.03817392549308631,
    "epsilon_3": 0.001619718485947427,
    "epsilon_prime_3": 0.0017317737400779976,
    "f4": 21966.722836348883,
    "g4": 835.1520013617956,
    "h4": 31.75161222613056,
    "t4": 1.2071633395054893,
    "alpha_4": 0.038018956692463315,
    "beta_4": 0.03801897799702716,
    "gamma_4": 0.03801899930270696,
    "epsilon_4": 4.047867130027582e-07,
    "epsilon_prime_4": 4.04807916271066e-07,
    "f5": 16317041819201.988,
    "g5": 620356993309.0559,
    "h5": 23585328971.49083,
    "t5": 896689726.5496247,
    "alpha_5": 0.03801896202649986,
    "beta_5": 0.03801896202650117,
    "gamma_5": 0.03801896202650247,
    "epsilon_5": 2.4917568008930854e-14,
    "epsilon_prime_5": 2.465389004058238e-14,
    "f6": 6.687593934977333e+39,
    "g6": 2.5425537986255623e+38,
    "h6": 9.666525632027904e+36,
    "t6": 3.675112709322597e+35,
    "alpha_6": 0.03801896202650019,
    "beta_6": 0.03801896202650019,
    "gamma_6": 0.038018962026500194,
    "epsilon_6": 0.0,
    "epsilon_prime_6": 1.3183898417423731e-16,
    "f7": 4.604211880732895e+119,
    "g7": 1.7504735665554495e+118,
    "h7": 6.655118805526399e+116,
    "t7": 2.530207091491555e+115,
    "alpha_7": 0.038018962026500194,
    "beta_7": 0.03801896202650018,
    "gamma_7": 0.0380189620265002,
    "epsilon_7": -2.6367796834847463e-16,
    "epsilon_prime_7": 3.955169525227119e-16,
    "f8": Infinity,
    "g8": Infinity,
    "h8": Infinity,
    "t8": Infinity,
    "alpha_8": 0.038018962026500194,
    "beta_8": 0.038018962026500194,
    "gamma_8": 0.038018962026500194,
    "epsilon_8": 0.0,
    "epsilon_prime_8": 0.0,
    "f9": Infinity,
    "g9": Infinity,
    "h9": Infinity,
    "t9": Infinity,
    "alpha_9": NaN,
    "beta_9": NaN,
    "gamma_9": NaN,
    "epsilon_9": NaN,
    "epsilon_prime_9": NaN,
    "f10": Infinity,
    "g10": Infinity,
    "h10": Infinity,
    "t10": Infinity,
    "alpha_10": NaN,
    "beta_10": NaN,
    "gamma_10": NaN,
    "epsilon_10": NaN,
    "epsilon_prime_10": NaN,
    "f11": Infinity,
    "g11": Infinity,
    "h11": Infinity,
    "t11": Infinity,
    "alpha_11": NaN,
    "beta_11": NaN,
    "gamma_11": NaN,
    "epsilon_11": NaN,
    "epsilon_prime_11": NaN,
    "f12": Infinity,
    "g12": Infinity,
    "h12": Infinity,
    "t12": Infinity,
    "alpha_12": NaN,
    "beta_12": NaN,
    "gamma_12": NaN,
    "epsilon_12": NaN,
    "epsilon_prime_12": NaN,
    "f13": Infinity,
    "g13": Infinity,
    "h13": Infinity,
    "t13": Infinity,
    "alpha_13": NaN,
    "beta_13": NaN,
    "gamma_13": NaN,
    "epsilon_13": NaN,
    "epsilon_prime_13": NaN,
    "f14": Infinity,
    "g14": Infinity,
    "h14": Infinity,
    "t14": Infinity,
    "alpha_14": NaN,
    "beta_14": NaN,
    "gamma_14": NaN,
    "epsilon_14": NaN,
    "epsilon_prime_14": NaN,
    "f15": Infinity,
    "g15": Infinity,
    "h15": Infinity,
    "t15": Infinity,
    "alpha_15": NaN,
    "beta_15": NaN,
    "gamma_15": NaN,
    "epsilon_15": NaN,
    "epsilon_prime_15": NaN,
    "f16": Infinity,
    "g16": Infinity,
    "h16": Infinity,
    "t16": Infinity,
    "alpha_16": NaN,
    "beta_16": NaN,
    "gamma_16": NaN,
    "epsilon_16": NaN,
    "epsilon_prime_16": NaN,
    "f17": Infinity,
    "g17": Infinity,
    "h17": Infinity,
    "t17": Infinity,
    "alpha_17": NaN,
    "beta_17": NaN,
    "gamma_17": NaN,
    "epsilon_17": NaN,
    "epsilon_prime_17": NaN,
    "f18": Infinity,
    "g18": Infinity,
    "h18": Infinity,
    "t18": Infinity,
    "alpha_18": NaN,
    "beta_18": NaN,
    "gamma_18": NaN,
    "epsilon_18": NaN,
    "epsilon_prime_18": NaN,
    "f19": Infinity,
    "g19": Infinity,
    "h19": Infinity,
    "t19": Infinity,
    "alpha_19": NaN,
    "beta_19": NaN,
    "gamma_19": NaN,
    "epsilon_19": NaN,
    "epsilon_prime_19": NaN,
    "f20": Infinity,
    "g20": Infinity,
    "h20": Infinity,
    "t20": Infinity,
    "alpha_20": NaN,
    "beta_20": NaN,
    "gamma_20": NaN,
    "epsilon_20": NaN,
    "epsilon_prime_20": NaN
}