{
    "f0": 0.8305839999999999,
    "g0": 0.053016,
    "h0": 0,
    "t0": 0,
    "f1": 1.3051101216628966,
    "g1": 0.052897417920214684,
    "h1": 0.0024059793312097644,
    "t1": 0.0001535731488006233,
    "alpha_1": 0.06382978723404256,
    "beta_1": 0.0,
    "gamma_1": 9999,
    "epsilon_1": -1.0,
    "epsilon_prime_1": 156650.99999999997,
    "f2": 3.6267997888791697,
    "g2": 0.15327121588284698,
    "h2": 0.006500565822364861,
    "t2": 0.0002768341072490972,
    "alpha_2": 0.04053099967749527,
    "beta_2": 0.04548387096774193,
    "gamma_2": 0.06382978723404258,
    "epsilon_2": 0.07759498354719763,
    "epsilon_prime_2": 0.28741935483871006,
    "f3": 80.14764012695679,
    "g3": 3.390789600805816,
    "h3": 0.14345367877671808,
    "t3": 0.006069085862941615,
    "alpha_3": 0.042260732547967333,
    "beta_3": 0.04241217625189048,
    "gamma_3": 0.042586155546131654,
    "epsilon_3": 0.0023726180281292415,
    "epsilon_prime_3": 0.002725675609778451,
    "f4": 865592.908684528,
    "g4": 36620.4786939135,
    "h4": 1549.2958021224224,
    "t4": 65.54577023795174,
    "alpha_4": 0.042306792756900656,
    "beta_4": 0.042306865263072216,
    "gamma_4": 0.04230693778434214,
    "epsilon_4": 1.1359300211034409e-06,
    "epsilon_prime_4": 1.1361665621864579e-06,
    "f5": 1.0903920909549266e+18,
    "g5": 4.6131016017119704e+16,
    "h5": 1951656341259836.8,
    "t5": 82568362963568.5,
    "alpha_5": 0.04230681458512285,
    "beta_5": 0.04230681458513875,
    "gamma_5": 0.04230681458515463,
    "epsilon_5": 2.4905309296367284e-13,
    "epsilon_prime_5": 2.4883567428801707e-13,
    "f6": 2.1796647531239544e+54,
    "g6": 9.221467256815314e+52,
    "h6": 3.90130905436911e+51,
    "t6": 1.6505195880247354e+50,
    "alpha_6": 0.04230681458512763,
    "beta_6": 0.04230681458512764,
    "gamma_6": 0.04230681458512764,
    "epsilon_6": 1.087093378278799e-16,
    "epsilon_prime_6": 0.0,
    "f7": 1.741047930642172e+163,
    "g7": 7.365819198549853e+161,
    "h7": 3.116243471006221e+160,
    "t7": 1.3183833472997473e+159,
    "alpha_7": 0.04230681458512763,
    "beta_7": 0.04230681458512763,
    "gamma_7": 0.042306814585127625,
    "epsilon_7": 0.0,
    "epsilon_prime_7": -1.087093378278799e-16,
    "f8": Infinity,
    "g8": Infinity,
    "h8": Infinity,
    "t8": Infinity,
    "alpha_8": 0.04230681458512764,
    "beta_8": 0.04230681458512764,
    "gamma_8": 0.042306814585127625,
    "epsilon_8": 0.0,
    "epsilon_prime_8": -2.174186756557598e-16,
    "f9": Infinity,
    "g9": Infinity,
    "h9": Infinity,
    "t9": Infinity,
    "alpha_9": NaN,
    "beta_9": NaN,
    "gamma_9": NaN,
    "epsilon_9": NaN,
    "epsilon_prime_9": NaN,
    "f10": Infinity,
    "g10": Infinity,
    "h10": Infinity,
    "t10": Infinity,
    "alpha_10": NaN,
    "beta_10": NaN,
    "gamma_10": NaN,
    "epsilon_10": NaN,
    "epsilon_prime_10": NaN,
    "f11": Infinity,
    "g11": Infinity,
    "h11": Infinity,
    "t11": Infinity,
    "alpha_11": NaN,
    "beta_11": NaN,
    "gamma_11": NaN,
    "epsilon_11": NaN,
    "epsilon_prime_11": NaN,
    "f12": Infinity,
    "g12": Infinity,
    "h12": Infinity,
    "t12": Infinity,
    "alpha_12": NaN,
    "beta_12": NaN,
    "gamma_12": NaN,
    "epsilon_12": NaN,
    "epsilon_prime_12": NaN,
    "f13": Infinity,
    "g13": Infinity,
    "h13": Infinity,
    "t13": Infinity,
    "alpha_13": NaN,
    "beta_13": NaN,
    "gamma_13": NaN,
    "epsilon_13": NaN,
    "epsilon_prime_13": NaN,
    "f14": Infinity,
    "g14": Infinity,
    "h14": Infinity,
    "t14": Infinity,
    "alpha_14": NaN,
    "beta_14": NaN,
    "gamma_14": NaN,
    "epsilon_14": NaN,
    "epsilon_prime_14": NaN,
    "f15": Infinity,
    "g15": Infinity,
    "h15": Infinity,
    "t15": Infinity,
    "alpha_15": NaN,
    "beta_15": NaN,
    "gamma_15": NaN,
    "epsilon_15": NaN,
    "epsilon_prime_15": NaN,
    "f16": Infinity,
    "g16": Infinity,
    "h16": Infinity,
    "t16": Infinity,
    "alpha_16": NaN,
    "beta_16": NaN,
    "gamma_16": NaN,
    "epsilon_16": NaN,
    "epsilon_prime_16": NaN,
    "f17": Infinity,
    "g17": Infinity,
    "h17": Infinity,
    "t17": Infinity,
    "alpha_17": NaN,
    "beta_17": NaN,
    "gamma_17": NaN,
    "epsilon_17": NaN,
    "epsilon_prime_17": NaN,
    "f18": Infinity,
    "g18": Infinity,
    "h18": Infinity,
    "t18": Infinity,
    "alpha_18": NaN,
    "beta_18": NaN,
    "gamma_18": NaN,
    "epsilon_18": NaN,
    "epsilon_prime_18": NaN,
    "f19": Infinity,
    "g19": Infinity,
    "h19": Infinity,
    "t19": Infinity,
    "alpha_19": NaN,
    "beta_19": NaN,
    "gamma_19": NaN,
    "epsilon_19": NaN,
    "epsilon_prime_19": NaN,
    "f20": Infinity,
    "g20": Infinity,
    "h20": Infinity,
    "t20": Infinity,
    "alpha_20": NaN,
    "beta_20": NaN,
    "gamma_20": NaN,
    "epsilon_20": NaN,
    "epsilon_prime_20": NaN
}