{
    "f0": 0.8305839999999999,
    "g0": 0.053015999999999994,
    "h0": 0,
    "t0": 0,
    "f1": 0.8137483179006635,
    "g1": 0.04635924928696318,
    "h1": 0.0026325430845096955,
    "t1": 0.00014901187270809595,
    "alpha_1": 0.06382978723404255,
    "beta_1": 0.0,
    "gamma_1": 9999,
    "epsilon_1": -0.9999999999999999,
    "epsilon_prime_1": 156651.0,
    "f2": 0.7448086411070448,
    "g2": 0.04241772172431125,
    "h2": 0.0024157387116493434,
    "t2": 0.00013757913264065928,
    "alpha_2": 0.05697000935935868,
    "beta_2": 0.0567857142857143,
    "gamma_2": 0.056603773584905655,
    "epsilon_2": -0.0028872894870952286,
    "epsilon_prime_2": -0.0028504043126687828,
    "f3": 0.5710517448064373,
    "g3": 0.03252206351642957,
    "h3": 0.0018521694837395001,
    "t3": 0.00010548321433425655,
    "alpha_3": 0.05695116756602576,
    "beta_3": 0.05695116600910674,
    "gamma_3": 0.05695116445218831,
    "epsilon_3": -2.4391731271352263e-08,
    "epsilon_prime_3": -2.439172203105855e-08,
    "f4": 0.25737581286461475,
    "g4": 0.014657853004919737,
    "h4": 0.0008347818403077822,
    "t4": 4.7541800335543983e-05,
    "alpha_4": 0.056951167406822635,
    "beta_4": 0.05695116740682266,
    "gamma_4": 0.05695116740682265,
    "epsilon_4": 4.3483735131151963e-16,
    "epsilon_prime_4": -2.1741867565575981e-16,
    "f5": 0.023563757058435254,
    "g5": 0.0013419834729686453,
    "h5": 7.642752542622661e-05,
    "t5": 4.352636795038226e-06,
    "alpha_5": 0.05695116740682266,
    "beta_5": 0.056951167406822635,
    "gamma_5": 0.056951167406822635,
    "epsilon_5": -4.3483735131151963e-16,
    "epsilon_prime_5": 0.0,
    "f6": 1.8083186123214374e-05,
    "g6": 1.0298585601519138e-06,
    "h6": 5.8651647264561025e-08,
    "t6": 3.3402797820499267e-09,
    "alpha_6": 0.05695116740682266,
    "beta_6": 0.05695116740682267,
    "gamma_6": 0.05695116740682265,
    "epsilon_6": 1.0870933782787991e-16,
    "epsilon_prime_6": -3.2612801348363973e-16,
    "f7": 8.17271209071762e-15,
    "g7": 4.654454944462226e-16,
    "h7": 2.6507664272958164e-17,
    "t7": 1.5096424255730914e-18,
    "alpha_7": 0.05695116740682263,
    "beta_7": 0.0569511674068227,
    "gamma_7": 0.05695116740682265,
    "epsilon_7": 1.087093378278799e-15,
    "epsilon_prime_7": -7.609653647951593e-16,
    "f8": 7.544664675278913e-43,
    "g8": 4.296774609501506e-44,
    "h8": 2.4470633009510523e-45,
    "t8": 1.3936311170755541e-46,
    "alpha_8": 0.05695116740682264,
    "beta_8": 0.05695116740682264,
    "gamma_8": 0.05695116740682262,
    "epsilon_8": 0.0,
    "epsilon_prime_8": -3.2612801348363973e-16,
    "f9": 5.9355527555631064e-127,
    "g9": 3.3803665863410197e-128,
    "h9": 1.9251582335513698e-129,
    "t9": 1.0964000884360705e-130,
    "alpha_9": 0.05695116740682265,
    "beta_9": 0.056951167406822635,
    "gamma_9": 0.05695116740682265,
    "epsilon_9": -2.1741867565575981e-16,
    "epsilon_prime_9": 2.1741867565575981e-16,
    "f10": 0.0,
    "g10": 0.0,
    "h10": 0.0,
    "t10": 0.0,
    "alpha_10": 0.056951167406822656,
    "beta_10": 0.056951167406822635,
    "gamma_10": 0.056951167406822656,
    "epsilon_10": -3.2612801348363973e-16,
    "epsilon_prime_10": 3.2612801348363973e-16,
    "f11": 0.0,
    "g11": 0.0,
    "h11": 0.0,
    "t11": 0.0,
    "alpha_11": NaN,
    "beta_11": NaN,
    "gamma_11": NaN,
    "epsilon_11": NaN,
    "epsilon_prime_11": NaN,
    "f12": 0.0,
    "g12": 0.0,
    "h12": 0.0,
    "t12": 0.0,
    "alpha_12": NaN,
    "beta_12": NaN,
    "gamma_12": NaN,
    "epsilon_12": NaN,
    "epsilon_prime_12": NaN,
    "f13": 0.0,
    "g13": 0.0,
    "h13": 0.0,
    "t13": 0.0,
    "alpha_13": NaN,
    "beta_13": NaN,
    "gamma_13": NaN,
    "epsilon_13": NaN,
    "epsilon_prime_13": NaN,
    "f14": 0.0,
    "g14": 0.0,
    "h14": 0.0,
    "t14": 0.0,
    "alpha_14": NaN,
    "beta_14": NaN,
    "gamma_14": NaN,
    "epsilon_14": NaN,
    "epsilon_prime_14": NaN,
    "f15": 0.0,
    "g15": 0.0,
    "h15": 0.0,
    "t15": 0.0,
    "alpha_15": NaN,
    "beta_15": NaN,
    "gamma_15": NaN,
    "epsilon_15": NaN,
    "epsilon_prime_15": NaN,
    "f16": 0.0,
    "g16": 0.0,
    "h16": 0.0,
    "t16": 0.0,
    "alpha_16": NaN,
    "beta_16": NaN,
    "gamma_16": NaN,
    "epsilon_16": NaN,
    "epsilon_prime_16": NaN,
    "f17": 0.0,
    "g17": 0.0,
    "h17": 0.0,
    "t17": 0.0,
    "alpha_17": NaN,
    "beta_17": NaN,
    "gamma_17": NaN,
    "epsilon_17": NaN,
    "epsilon_prime_17": NaN,
    "f18": 0.0,
    "g18": 0.0,
    "h18": 0.0,
    "t18": 0.0,
    "alpha_18": NaN,
    "beta_18": NaN,
    "gamma_18": NaN,
    "epsilon_18": NaN,
    "epsilon_prime_18": NaN,
    "f19": 0.0,
    "g19": 0.0,
    "h19": 0.0,
    "t19": 0.0,
    "alpha_19": NaN,
    "beta_19": NaN,
    "gamma_19": NaN,
    "epsilon_19": NaN,
    "epsilon_prime_19": NaN,
    "f20": 0.0,
    "g20": 0.0,
    "h20": 0.0,
    "t20": 0.0,
    "alpha_20": NaN,
    "beta_20": NaN,
    "gamma_20": NaN,
    "epsilon_20": NaN,
    "epsilon_prime_20": NaN
}