{
    "f1": 0.682717211166011,
    "g1": 0.07781731130311675,
    "h1": 0.0070035580172805095,
    "t1": 0.00029802374541619184,
    "alpha_1": 0.11398176291793312,
    "epsilon_1": 0.0,
    "beta_1": 0.09000000000000002,
    "gamma_1": 0.042553191489361694,
    "epsilon_prime_1": 0.7433333333333338,
    "f2": 0.586017609880656,
    "g2": 0.06413399480134002,
    "h2": 0.007015713054590034,
    "t2": 0.0007671150580911887,
    "alpha_2": 0.10944038834328046,
    "epsilon_2": 0.0,
    "beta_2": 0.10939148693796082,
    "gamma_2": 0.10934242209197871,
    "epsilon_prime_2": 0.0007686825870529823,
    "f3": 0.3644273728203755,
    "g3": 0.03987987261794042,
    "h3": 0.004364118494044974,
    "t3": 0.0004775724933189113,
    "alpha_3": 0.1094316058349355,
    "epsilon_3": 0.0,
    "beta_3": 0.10943160565868322,
    "gamma_3": 0.10943160548243117,
    "epsilon_prime_3": 2.761282189012171e-09,
    "f4": 0.08763909375609108,
    "g4": 0.009590486760873873,
    "h4": 0.001049502366677593,
    "t4": 0.00011484872927987913,
    "alpha_4": 0.10943160580328704,
    "epsilon_4": 0.0,
    "beta_4": 0.10943160580328705,
    "gamma_4": 0.10943160580328701,
    "epsilon_prime_4": 6.522560269672795e-16,
    "f5": 0.001218873237593293,
    "g5": 0.00013338325566048553,
    "h5": 1.4596343854197301e-05,
    "t5": 1.5973013468217502e-06,
    "alpha_5": 0.10943160580328709,
    "epsilon_5": 0.0,
    "beta_5": 0.109431605803287,
    "gamma_5": 0.10943160580328702,
    "epsilon_prime_5": -4.3483735131151963e-16
}