{
    "f0": 0.8043570000000001,
    "g0": 0.060543,
    "h0": 0,
    "t0": 0,
    "f1": 1.4388001636440768,
    "g1": 0.06301209455634862,
    "h1": 0.003038583226383922,
    "t1": 0.0002287105654267468,
    "alpha_1": 0.07526881720430106,
    "beta_1": 0.0,
    "gamma_1": 9999,
    "epsilon_1": -1.0,
    "epsilon_prime_1": 132843.85714285716,
    "f2": 5.211988682454445,
    "g2": 0.2392173676496187,
    "h2": 0.01103201063551139,
    "t2": 0.0005118840778911126,
    "alpha_2": 0.04379488976200606,
    "beta_2": 0.048222222222222215,
    "gamma_2": 0.07526881720430106,
    "epsilon_2": 0.05882027411430037,
    "epsilon_prime_2": 0.35933333333333334,
    "f3": 257.6832579284207,
    "g3": 11.847065358154978,
    "h3": 0.5446743578130715,
    "t3": 0.02504174798379806,
    "alpha_3": 0.04589752246679204,
    "beta_3": 0.04611709736589844,
    "gamma_3": 0.04639988981187056,
    "epsilon_3": 0.00291720937384218,
    "epsilon_prime_3": 0.0037570996393438455,
    "f4": 31182523.626980707,
    "g4": 1433627.6980451164,
    "h4": 65911.54715994875,
    "t4": 3030.3070001717374,
    "alpha_4": 0.04597530104748155,
    "beta_4": 0.045975466611074496,
    "gamma_4": 0.0459756322738296,
    "epsilon_4": 2.1996305920035657e-06,
    "epsilon_prime_4": 2.2009480320980827e-06,
    "f5": 5.525694289146413e+22,
    "g5": 2.540457750828343e+21,
    "h5": 1.1679845547048496e+20,
    "t5": 5.369850845125364e+18,
    "alpha_5": 0.04597535835119736,
    "beta_5": 0.04597535835128271,
    "gamma_5": 0.045975358351368026,
    "epsilon_5": 1.1340065791160776e-12,
    "epsilon_prime_5": 1.1334534501448806e-12,
    "f6": 3.0747770779265157e+68,
    "g6": 1.4136397800780986e+67,
    "h6": 6.499259546864017e+65,
    "t6": 2.988057866847058e+64,
    "alpha_6": 0.045975358351226896,
    "beta_6": 0.045975358351226896,
    "gamma_6": 0.045975358351226896,
    "epsilon_6": 0.0,
    "epsilon_prime_6": 0.0,
    "f7": 5.297780713034702e+205,
    "g7": 2.435673667479888e+204,
    "h7": 1.119809696890349e+203,
    "t7": 5.148365209971257e+201,
    "alpha_7": 0.045975358351226896,
    "beta_7": 0.0459753583512269,
    "gamma_7": 0.0459753583512269,
    "epsilon_7": 9.218816186619605e-17,
    "epsilon_prime_7": 0.0,
    "f8": Infinity,
    "g8": Infinity,
    "h8": Infinity,
    "t8": Infinity,
    "alpha_8": 0.0459753583512269,
    "beta_8": 0.045975358351226896,
    "gamma_8": 0.045975358351226896,
    "epsilon_8": -9.218816186619605e-17,
    "epsilon_prime_8": 0.0,
    "f9": Infinity,
    "g9": Infinity,
    "h9": Infinity,
    "t9": Infinity,
    "alpha_9": NaN,
    "beta_9": NaN,
    "gamma_9": NaN,
    "epsilon_9": NaN,
    "epsilon_prime_9": NaN,
    "f10": Infinity,
    "g10": Infinity,
    "h10": Infinity,
    "t10": Infinity,
    "alpha_10": NaN,
    "beta_10": NaN,
    "gamma_10": NaN,
    "epsilon_10": NaN,
    "epsilon_prime_10": NaN,
    "f11": Infinity,
    "g11": Infinity,
    "h11": Infinity,
    "t11": Infinity,
    "alpha_11": NaN,
    "beta_11": NaN,
    "gamma_11": NaN,
    "epsilon_11": NaN,
    "epsilon_prime_11": NaN,
    "f12": Infinity,
    "g12": Infinity,
    "h12": Infinity,
    "t12": Infinity,
    "alpha_12": NaN,
    "beta_12": NaN,
    "gamma_12": NaN,
    "epsilon_12": NaN,
    "epsilon_prime_12": NaN,
    "f13": Infinity,
    "g13": Infinity,
    "h13": Infinity,
    "t13": Infinity,
    "alpha_13": NaN,
    "beta_13": NaN,
    "gamma_13": NaN,
    "epsilon_13": NaN,
    "epsilon_prime_13": NaN,
    "f14": Infinity,
    "g14": Infinity,
    "h14": Infinity,
    "t14": Infinity,
    "alpha_14": NaN,
    "beta_14": NaN,
    "gamma_14": NaN,
    "epsilon_14": NaN,
    "epsilon_prime_14": NaN,
    "f15": Infinity,
    "g15": Infinity,
    "h15": Infinity,
    "t15": Infinity,
    "alpha_15": NaN,
    "beta_15": NaN,
    "gamma_15": NaN,
    "epsilon_15": NaN,
    "epsilon_prime_15": NaN,
    "f16": Infinity,
    "g16": Infinity,
    "h16": Infinity,
    "t16": Infinity,
    "alpha_16": NaN,
    "beta_16": NaN,
    "gamma_16": NaN,
    "epsilon_16": NaN,
    "epsilon_prime_16": NaN,
    "f17": Infinity,
    "g17": Infinity,
    "h17": Infinity,
    "t17": Infinity,
    "alpha_17": NaN,
    "beta_17": NaN,
    "gamma_17": NaN,
    "epsilon_17": NaN,
    "epsilon_prime_17": NaN,
    "f18": Infinity,
    "g18": Infinity,
    "h18": Infinity,
    "t18": Infinity,
    "alpha_18": NaN,
    "beta_18": NaN,
    "gamma_18": NaN,
    "epsilon_18": NaN,
    "epsilon_prime_18": NaN,
    "f19": Infinity,
    "g19": Infinity,
    "h19": Infinity,
    "t19": Infinity,
    "alpha_19": NaN,
    "beta_19": NaN,
    "gamma_19": NaN,
    "epsilon_19": NaN,
    "epsilon_prime_19": NaN,
    "f20": Infinity,
    "g20": Infinity,
    "h20": Infinity,
    "t20": Infinity,
    "alpha_20": NaN,
    "beta_20": NaN,
    "gamma_20": NaN,
    "epsilon_20": NaN,
    "epsilon_prime_20": NaN
}