{
    "f0": 0.8305839999999999,
    "g0": 0.053015999999999994,
    "h0": 0,
    "t0": 0,
    "f1": 0.8137483179006635,
    "g1": 0.04635924928696318,
    "h1": 0.0026325430845096955,
    "t1": 0.00014901187270809595,
    "beta_1": 0.0567857142857143,
    "alpha_1": 0.05697000935935868,
    "epsilon_1": -0.0028872894870952286,
    "gamma_1": 0.056603773584905655,
    "epsilon_prime_1": -0.0028504043126687828,
    "f2": 0.7448086411070448,
    "g2": 0.04241772172431125,
    "h2": 0.0024157387116493434,
    "t2": 0.00013757913264065928,
    "beta_2": 0.05695116600910674,
    "alpha_2": 0.05695116756602576,
    "epsilon_2": -2.4391731271352263e-08,
    "gamma_2": 0.05695116445218831,
    "epsilon_prime_2": -2.439172203105855e-08,
    "f3": 0.5710517448064373,
    "g3": 0.03252206351642957,
    "h3": 0.0018521694837395001,
    "t3": 0.00010548321433425655,
    "beta_3": 0.05695116740682266,
    "alpha_3": 0.056951167406822635,
    "epsilon_3": 4.3483735131151963e-16,
    "gamma_3": 0.05695116740682265,
    "epsilon_prime_3": -2.1741867565575981e-16,
    "f4": 0.25737581286461475,
    "g4": 0.014657853004919737,
    "h4": 0.0008347818403077822,
    "t4": 4.7541800335543983e-05,
    "beta_4": 0.056951167406822635,
    "alpha_4": 0.05695116740682266,
    "epsilon_4": -4.3483735131151963e-16,
    "gamma_4": 0.056951167406822635,
    "epsilon_prime_4": 0.0,
    "f5": 0.023563757058435254,
    "g5": 0.0013419834729686453,
    "h5": 7.642752542622661e-05,
    "t5": 4.352636795038226e-06,
    "beta_5": 0.05695116740682267,
    "alpha_5": 0.05695116740682266,
    "epsilon_5": 1.0870933782787991e-16,
    "gamma_5": 0.05695116740682265,
    "epsilon_prime_5": -3.2612801348363973e-16
}