{
    "f0": 0.8043569999999999,
    "g0": 0.060543,
    "h0": 0,
    "t0": 0,
    "f1": 0.7824142867074437,
    "g1": 0.05162981663923019,
    "h1": 0.0033921695318231064,
    "t1": 0.000221917632923007,
    "alpha_1": 0.07526881720430109,
    "beta_1": 0.0,
    "gamma_1": 9999,
    "epsilon_1": -1.0,
    "epsilon_prime_1": 132843.8571428571,
    "f2": 0.6947081193583369,
    "g2": 0.045819123800040676,
    "h2": 0.0030219770195201523,
    "t2": 0.00019931294548995775,
    "alpha_2": 0.06598782450215578,
    "beta_2": 0.06570175438596491,
    "gamma_2": 0.06542056074766356,
    "epsilon_2": -0.0038006458293928782,
    "epsilon_prime_2": -0.0037358583374322903,
    "f3": 0.4862298909796007,
    "g3": 0.032069047105925494,
    "h3": 0.0021150978196961883,
    "t3": 0.00013950020941086712,
    "alpha_3": 0.06595449588578473,
    "beta_3": 0.06595449168142908,
    "gamma_3": 0.06595448747707745,
    "epsilon_3": -5.585786780734228e-08,
    "epsilon_prime_3": -5.5857814522584716e-08,
    "f4": 0.1667091700426893,
    "g4": 0.01099521918802199,
    "h4": 0.0007251841333124588,
    "t4": 4.782915358168031e-05,
    "alpha_4": 0.0659544953958228,
    "beta_4": 0.06595449539582282,
    "gamma_4": 0.06595449539582281,
    "epsilon_4": 3.6875264746478406e-16,
    "epsilon_prime_4": -1.8437632373239203e-16,
    "f5": 0.006719129273173736,
    "g5": 0.00044315678071147545,
    "h5": 2.922818185306266e-05,
    "t5": 1.927729985456093e-06,
    "alpha_5": 0.06595449539582281,
    "beta_5": 0.0659544953958228,
    "gamma_5": 0.06595449539582281,
    "epsilon_5": -1.8437632373239203e-16,
    "epsilon_prime_5": 1.8437632373239203e-16,
    "f6": 4.3991980997757945e-07,
    "g6": 2.9014689081697514e-08,
    "h6": 1.9136491774500486e-09,
    "t6": 1.2621376586334934e-10,
    "alpha_6": 0.06595449539582281,
    "beta_6": 0.0659544953958228,
    "gamma_6": 0.06595449539582281,
    "epsilon_6": -1.8437632373239203e-16,
    "epsilon_prime_6": 1.8437632373239203e-16,
    "f7": 1.2346819122428798e-19,
    "g7": 8.143282249632872e-21,
    "h7": 5.370860716402967e-22,
    "t7": 3.542324083916053e-23,
    "alpha_7": 0.06595449539582282,
    "beta_7": 0.0659544953958228,
    "gamma_7": 0.06595449539582281,
    "epsilon_7": -3.6875264746478406e-16,
    "epsilon_prime_7": 1.8437632373239203e-16,
    "f8": 2.729604882591956e-57,
    "g8": 1.800297126613267e-58,
    "h8": 1.1873768854832774e-59,
    "t8": 7.831284332671326e-61,
    "alpha_8": 0.06595449539582281,
    "beta_8": 0.0659544953958228,
    "gamma_8": 0.06595449539582285,
    "epsilon_8": -1.8437632373239203e-16,
    "epsilon_prime_8": 7.375052949295681e-16,
    "f9": 2.949401437978928e-170,
    "g9": 1.9452628356161446e-171,
    "h9": 1.2829882873531027e-172,
    "t9": 8.461884509112484e-174,
    "alpha_9": 0.06595449539582283,
    "beta_9": 0.06595449539582281,
    "gamma_9": 0.06595449539582282,
    "epsilon_9": -3.6875264746478406e-16,
    "epsilon_prime_9": 1.8437632373239203e-16,
    "f10": 0.0,
    "g10": 0.0,
    "h10": 0.0,
    "t10": 0.0,
    "alpha_10": 0.06595449539582283,
    "beta_10": 0.06595449539582283,
    "gamma_10": 0.06595449539582283,
    "epsilon_10": 0.0,
    "epsilon_prime_10": 0.0,
    "f11": 0.0,
    "g11": 0.0,
    "h11": 0.0,
    "t11": 0.0,
    "alpha_11": NaN,
    "beta_11": NaN,
    "gamma_11": NaN,
    "epsilon_11": NaN,
    "epsilon_prime_11": NaN,
    "f12": 0.0,
    "g12": 0.0,
    "h12": 0.0,
    "t12": 0.0,
    "alpha_12": NaN,
    "beta_12": NaN,
    "gamma_12": NaN,
    "epsilon_12": NaN,
    "epsilon_prime_12": NaN,
    "f13": 0.0,
    "g13": 0.0,
    "h13": 0.0,
    "t13": 0.0,
    "alpha_13": NaN,
    "beta_13": NaN,
    "gamma_13": NaN,
    "epsilon_13": NaN,
    "epsilon_prime_13": NaN,
    "f14": 0.0,
    "g14": 0.0,
    "h14": 0.0,
    "t14": 0.0,
    "alpha_14": NaN,
    "beta_14": NaN,
    "gamma_14": NaN,
    "epsilon_14": NaN,
    "epsilon_prime_14": NaN,
    "f15": 0.0,
    "g15": 0.0,
    "h15": 0.0,
    "t15": 0.0,
    "alpha_15": NaN,
    "beta_15": NaN,
    "gamma_15": NaN,
    "epsilon_15": NaN,
    "epsilon_prime_15": NaN,
    "f16": 0.0,
    "g16": 0.0,
    "h16": 0.0,
    "t16": 0.0,
    "alpha_16": NaN,
    "beta_16": NaN,
    "gamma_16": NaN,
    "epsilon_16": NaN,
    "epsilon_prime_16": NaN,
    "f17": 0.0,
    "g17": 0.0,
    "h17": 0.0,
    "t17": 0.0,
    "alpha_17": NaN,
    "beta_17": NaN,
    "gamma_17": NaN,
    "epsilon_17": NaN,
    "epsilon_prime_17": NaN,
    "f18": 0.0,
    "g18": 0.0,
    "h18": 0.0,
    "t18": 0.0,
    "alpha_18": NaN,
    "beta_18": NaN,
    "gamma_18": NaN,
    "epsilon_18": NaN,
    "epsilon_prime_18": NaN,
    "f19": 0.0,
    "g19": 0.0,
    "h19": 0.0,
    "t19": 0.0,
    "alpha_19": NaN,
    "beta_19": NaN,
    "gamma_19": NaN,
    "epsilon_19": NaN,
    "epsilon_prime_19": NaN,
    "f20": 0.0,
    "g20": 0.0,
    "h20": 0.0,
    "t20": 0.0,
    "alpha_20": NaN,
    "beta_20": NaN,
    "gamma_20": NaN,
    "epsilon_20": NaN,
    "epsilon_prime_20": NaN
}