{
    "f0": 0.8043569999999999,
    "g0": 0.060543,
    "h0": 0,
    "t0": 0,
    "f1": 0.7824142867074437,
    "g1": 0.05162981663923019,
    "h1": 0.0033921695318231064,
    "t1": 0.000221917632923007,
    "beta_1": 0.06570175438596491,
    "alpha_1": 0.06598782450215578,
    "epsilon_1": -0.0038006458293928782,
    "gamma_1": 0.06542056074766356,
    "epsilon_prime_1": -0.0037358583374322903,
    "f2": 0.6947081193583369,
    "g2": 0.045819123800040676,
    "h2": 0.0030219770195201523,
    "t2": 0.00019931294548995775,
    "beta_2": 0.06595449168142908,
    "alpha_2": 0.06595449588578473,
    "epsilon_2": -5.585786780734228e-08,
    "gamma_2": 0.06595448747707745,
    "epsilon_prime_2": -5.5857814522584716e-08,
    "f3": 0.4862298909796007,
    "g3": 0.032069047105925494,
    "h3": 0.0021150978196961883,
    "t3": 0.00013950020941086712,
    "beta_3": 0.06595449539582282,
    "alpha_3": 0.0659544953958228,
    "epsilon_3": 3.6875264746478406e-16,
    "gamma_3": 0.06595449539582281,
    "epsilon_prime_3": -1.8437632373239203e-16,
    "f4": 0.1667091700426893,
    "g4": 0.01099521918802199,
    "h4": 0.0007251841333124588,
    "t4": 4.782915358168031e-05,
    "beta_4": 0.0659544953958228,
    "alpha_4": 0.06595449539582281,
    "epsilon_4": -1.8437632373239203e-16,
    "gamma_4": 0.06595449539582281,
    "epsilon_prime_4": 1.8437632373239203e-16,
    "f5": 0.006719129273173736,
    "g5": 0.00044315678071147545,
    "h5": 2.922818185306266e-05,
    "t5": 1.927729985456093e-06,
    "beta_5": 0.0659544953958228,
    "alpha_5": 0.06595449539582281,
    "epsilon_5": -1.8437632373239203e-16,
    "gamma_5": 0.06595449539582281,
    "epsilon_prime_5": 1.8437632373239203e-16
}