{
    "f1": 0.6379232630181453,
    "g1": 0.08423812188505976,
    "h1": 0.008845002797931276,
    "t1": 0.00044383526584601394,
    "alpha_1": 0.13205055649877384,
    "epsilon_1": 0.0,
    "beta_1": 0.10500000000000001,
    "gamma_1": 0.05017921146953406,
    "epsilon_prime_1": 0.7283333333333332,
    "f2": 0.5208689889387758,
    "g2": 0.06576115477552827,
    "h2": 0.008297936769980526,
    "t2": 0.0010464761574843463,
    "alpha_2": 0.1262527740603463,
    "epsilon_2": 0.0,
    "beta_2": 0.12618295402970084,
    "gamma_2": 0.12611281412389,
    "epsilon_prime_2": 0.0009318587486297291,
    "f3": 0.27766245454846683,
    "g3": 0.03505174610602696,
    "h3": 0.004424886696538869,
    "t3": 0.0005585919216999934,
    "alpha_3": 0.12623869569628315,
    "epsilon_3": 0.0,
    "beta_3": 0.12623869530362808,
    "gamma_3": 0.12623869491097298,
    "epsilon_prime_3": 5.216703509645726e-09,
    "f4": 0.042059214823929006,
    "g4": 0.005309500418053489,
    "h4": 0.0006702644071536834,
    "t4": 8.461330447767046e-05,
    "alpha_4": 0.1262386956171308,
    "epsilon_4": 0.0,
    "beta_4": 0.12623869561713086,
    "gamma_4": 0.12623869561713078,
    "epsilon_prime_4": 1.1062579423943521e-15,
    "f5": 0.00014618175372858172,
    "g5": 1.845379391372081e-05,
    "h5": 2.329582872855462e-06,
    "t5": 2.940835032012818e-07,
    "alpha_5": 0.12623869561713086,
    "epsilon_5": 0.0,
    "beta_5": 0.12623869561713078,
    "gamma_5": 0.1262386956171308,
    "epsilon_prime_5": -3.6875264746478406e-16
}