{
    "f0": 0.778688,
    "g0": 0.06771200000000001,
    "h0": 0,
    "t0": 0,
    "f1": 1.5794267364151238,
    "g1": 0.07399000942918588,
    "h1": 0.0036795031716135677,
    "t1": 0.0003199567975316146,
    "alpha_1": 0.08695652173913045,
    "beta_1": 0.0,
    "gamma_1": 9999,
    "epsilon_1": -1.0000000000000002,
    "epsilon_prime_1": 114988.5,
    "f2": 7.36750043571687,
    "g2": 0.36155957938258626,
    "h2": 0.017843154208887525,
    "t2": 0.0008881019274947989,
    "alpha_2": 0.04684611683674762,
    "beta_2": 0.04972972972972973,
    "gamma_2": 0.08695652173913045,
    "epsilon_2": 0.03316154826929421,
    "epsilon_prime_2": 0.42810810810810823,
    "f3": 783.3161538120019,
    "g3": 38.528740433655855,
    "h3": 1.8951130767468478,
    "t3": 0.09321547933693565,
    "alpha_3": 0.04907493152355761,
    "beta_3": 0.049350522642373953,
    "gamma_3": 0.04977269809462515,
    "epsilon_3": 0.0031692978663879594,
    "epsilon_prime_3": 0.004855017700888784,
    "f4": 943322335.7919155,
    "g4": 46399024.155891985,
    "h4": 2282220.3619546965,
    "t4": 112255.15784663489,
    "alpha_4": 0.04918670481408566,
    "beta_4": 0.04918699795053298,
    "gamma_4": 0.049187291502916224,
    "epsilon_4": 3.371069144227079e-06,
    "epsilon_prime_4": 3.3758524072800833e-06,
    "f5": 1.6475177121581075e+27,
    "g5": 8.103615405191673e+25,
    "h5": 3.985910570226258e+24,
    "t5": 1.960542582470401e+23,
    "alpha_5": 0.04918681811656689,
    "beta_5": 0.04918681811683939,
    "gamma_5": 0.049186818117111876,
    "epsilon_5": 3.1337987760338137e-12,
    "epsilon_prime_5": 3.133559384194129e-12,
    "f6": 8.776877080881978e+81,
    "g6": 4.3170665660973064e+80,
    "h6": 2.1234276798419486e+79,
    "t6": 1.0444465107229318e+78,
    "alpha_6": 0.0491868181166722,
    "beta_6": 0.04918681811667221,
    "gamma_6": 0.0491868181166722,
    "epsilon_6": 7.979727989493313e-17,
    "epsilon_prime_6": -7.979727989493313e-17,
    "f7": 1.326996531458175e+246,
    "g7": 6.527073703428813e+244,
    "h7": 3.21045987084667e+243,
    "t7": 1.5791230573821008e+242,
    "alpha_7": 0.04918681811667219,
    "beta_7": 0.04918681811667221,
    "gamma_7": 0.0491868181166722,
    "epsilon_7": 1.5959455978986625e-16,
    "epsilon_prime_7": -7.979727989493313e-17,
    "f8": Infinity,
    "g8": Infinity,
    "h8": Infinity,
    "t8": Infinity,
    "alpha_8": 0.0491868181166722,
    "beta_8": 0.04918681811667219,
    "gamma_8": 0.0491868181166722,
    "epsilon_8": -7.979727989493313e-17,
    "epsilon_prime_8": 7.979727989493313e-17,
    "f9": Infinity,
    "g9": Infinity,
    "h9": Infinity,
    "t9": Infinity,
    "alpha_9": NaN,
    "beta_9": NaN,
    "gamma_9": NaN,
    "epsilon_9": NaN,
    "epsilon_prime_9": NaN,
    "f10": Infinity,
    "g10": Infinity,
    "h10": Infinity,
    "t10": Infinity,
    "alpha_10": NaN,
    "beta_10": NaN,
    "gamma_10": NaN,
    "epsilon_10": NaN,
    "epsilon_prime_10": NaN,
    "f11": Infinity,
    "g11": Infinity,
    "h11": Infinity,
    "t11": Infinity,
    "alpha_11": NaN,
    "beta_11": NaN,
    "gamma_11": NaN,
    "epsilon_11": NaN,
    "epsilon_prime_11": NaN,
    "f12": Infinity,
    "g12": Infinity,
    "h12": Infinity,
    "t12": Infinity,
    "alpha_12": NaN,
    "beta_12": NaN,
    "gamma_12": NaN,
    "epsilon_12": NaN,
    "epsilon_prime_12": NaN,
    "f13": Infinity,
    "g13": Infinity,
    "h13": Infinity,
    "t13": Infinity,
    "alpha_13": NaN,
    "beta_13": NaN,
    "gamma_13": NaN,
    "epsilon_13": NaN,
    "epsilon_prime_13": NaN,
    "f14": Infinity,
    "g14": Infinity,
    "h14": Infinity,
    "t14": Infinity,
    "alpha_14": NaN,
    "beta_14": NaN,
    "gamma_14": NaN,
    "epsilon_14": NaN,
    "epsilon_prime_14": NaN,
    "f15": Infinity,
    "g15": Infinity,
    "h15": Infinity,
    "t15": Infinity,
    "alpha_15": NaN,
    "beta_15": NaN,
    "gamma_15": NaN,
    "epsilon_15": NaN,
    "epsilon_prime_15": NaN,
    "f16": Infinity,
    "g16": Infinity,
    "h16": Infinity,
    "t16": Infinity,
    "alpha_16": NaN,
    "beta_16": NaN,
    "gamma_16": NaN,
    "epsilon_16": NaN,
    "epsilon_prime_16": NaN,
    "f17": Infinity,
    "g17": Infinity,
    "h17": Infinity,
    "t17": Infinity,
    "alpha_17": NaN,
    "beta_17": NaN,
    "gamma_17": NaN,
    "epsilon_17": NaN,
    "epsilon_prime_17": NaN,
    "f18": Infinity,
    "g18": Infinity,
    "h18": Infinity,
    "t18": Infinity,
    "alpha_18": NaN,
    "beta_18": NaN,
    "gamma_18": NaN,
    "epsilon_18": NaN,
    "epsilon_prime_18": NaN,
    "f19": Infinity,
    "g19": Infinity,
    "h19": Infinity,
    "t19": Infinity,
    "alpha_19": NaN,
    "beta_19": NaN,
    "gamma_19": NaN,
    "epsilon_19": NaN,
    "epsilon_prime_19": NaN,
    "f20": Infinity,
    "g20": Infinity,
    "h20": Infinity,
    "t20": Infinity,
    "alpha_20": NaN,
    "beta_20": NaN,
    "gamma_20": NaN,
    "epsilon_20": NaN,
    "epsilon_prime_20": NaN
}