{
    "f0": 0.778688,
    "g0": 0.06771200000000001,
    "h0": 0,
    "t0": 0,
    "f1": 0.7512592941451839,
    "g1": 0.056269744124723214,
    "h1": 0.0041911257692897295,
    "t1": 0.00031045376068812813,
    "beta_1": 0.07448275862068966,
    "alpha_1": 0.07490056304561186,
    "epsilon_1": -0.004804750886605327,
    "gamma_1": 0.07407407407407408,
    "epsilon_prime_1": -0.004699872286079154,
    "f2": 0.6444762554989409,
    "g2": 0.04823658927036544,
    "h2": 0.0036103242255714715,
    "t2": 0.0002702189249789357,
    "beta_2": 0.07484617549005491,
    "alpha_2": 0.07484618534630359,
    "epsilon_2": -1.1334685980080028e-07,
    "gamma_2": 0.07484616563382565,
    "epsilon_prime_2": -1.1334663652801114e-07,
    "f3": 0.406785731578616,
    "g3": 0.030446359739934935,
    "h3": 0.002278793845143462,
    "t3": 0.00017055902357523755,
    "beta_3": 0.07484618406299931,
    "alpha_3": 0.07484618406299934,
    "epsilon_3": -3.191891195797325e-16,
    "gamma_3": 0.07484618406299932,
    "epsilon_prime_3": 1.5959455978986625e-16,
    "f4": 0.10229209632544069,
    "g4": 0.007656173069763993,
    "h4": 0.0005730353387977345,
    "t4": 4.28895084422584e-05,
    "beta_4": 0.07484618406299934,
    "alpha_4": 0.07484618406299935,
    "epsilon_4": -1.5959455978986625e-16,
    "gamma_4": 0.0748461840629993,
    "epsilon_prime_4": -4.787836793695988e-16,
    "f5": 0.0016265640976357459,
    "g5": 0.00012174211584191146,
    "h5": 9.111932810522694e-06,
    "t5": 6.819934003060644e-07,
    "beta_5": 0.07484618406299935,
    "alpha_5": 0.07484618406299934,
    "epsilon_5": 1.5959455978986625e-16,
    "gamma_5": 0.07484618406299934,
    "epsilon_prime_5": -1.5959455978986625e-16
}