{
    "f1": 0.5953338928395716,
    "g1": 0.08925545619783683,
    "h1": 0.010710654743740422,
    "t1": 0.0006209075213762563,
    "alpha_1": 0.14992503748125938,
    "epsilon_1": 0.0,
    "beta_1": 0.12000000000000002,
    "gamma_1": 0.05797101449275362,
    "epsilon_prime_1": 0.7133333333333337,
    "f2": 0.4597144396676762,
    "g2": 0.06564748427378954,
    "h2": 0.009368311212922956,
    "t2": 0.0013360290696585039,
    "alpha_2": 0.1428005705481985,
    "epsilon_2": 0.0,
    "beta_2": 0.14270632479763362,
    "gamma_2": 0.14261151655759916,
    "epsilon_prime_2": 0.0010902947603963625,
    "f3": 0.20642988655107686,
    "g3": 0.029473982359813237,
    "h3": 0.004208284207221895,
    "t3": 0.0006008572461383259,
    "alpha_3": 0.14277962775763337,
    "epsilon_3": 0.0,
    "beta_3": 0.1427796269892509,
    "gamma_3": 0.14277962622086846,
    "epsilon_prime_3": 8.836398071587759e-09,
    "f4": 0.018689342370088163,
    "g4": 0.0026684573434462636,
    "h4": 0.00038100134572892954,
    "t4": 5.439923025330479e-05,
    "alpha_4": 0.14277962758695376,
    "epsilon_4": 0.0,
    "beta_4": 0.14277962758695378,
    "gamma_4": 0.1427796275869538,
    "epsilon_prime_4": -3.191891195797325e-16,
    "f5": 1.3869421851744087e-05,
    "g5": 1.9802708868383788e-06,
    "h5": 2.827423397440705e-07,
    "t5": 4.036984597172234e-08,
    "alpha_5": 0.14277962758695373,
    "epsilon_5": 0.0,
    "beta_5": 0.1427796275869538,
    "gamma_5": 0.14277962758695376,
    "epsilon_prime_5": 6.38378239159465e-16
}