{
    "f0": 0.778688,
    "g0": 0.06771200000000001,
    "h0": 0,
    "t0": 0,
    "f1": 0.7512592941451839,
    "g1": 0.056269744124723214,
    "h1": 0.0041911257692897295,
    "t1": 0.00031045376068812813,
    "alpha_1": 0.08695652173913045,
    "beta_1": 0.0,
    "gamma_1": 9999,
    "epsilon_1": -1.0000000000000002,
    "epsilon_prime_1": 114988.5,
    "f2": 0.6444762554989409,
    "g2": 0.04823658927036544,
    "h2": 0.0036103242255714715,
    "t2": 0.0002702189249789357,
    "alpha_2": 0.07490056304561186,
    "beta_2": 0.07448275862068966,
    "gamma_2": 0.07407407407407408,
    "epsilon_2": -0.004804750886605327,
    "epsilon_prime_2": -0.004699872286079154,
    "f3": 0.406785731578616,
    "g3": 0.030446359739934935,
    "h3": 0.002278793845143462,
    "t3": 0.00017055902357523755,
    "alpha_3": 0.07484618534630359,
    "beta_3": 0.07484617549005491,
    "gamma_3": 0.07484616563382565,
    "epsilon_3": -1.1334685980080028e-07,
    "epsilon_prime_3": -1.1334663652801114e-07,
    "f4": 0.10229209632544069,
    "g4": 0.007656173069763993,
    "h4": 0.0005730353387977345,
    "t4": 4.28895084422584e-05,
    "alpha_4": 0.07484618406299934,
    "beta_4": 0.07484618406299931,
    "gamma_4": 0.07484618406299932,
    "epsilon_4": -3.191891195797325e-16,
    "epsilon_prime_4": 1.5959455978986625e-16,
    "f5": 0.0016265640976357459,
    "g5": 0.00012174211584191146,
    "h5": 9.111932810522694e-06,
    "t5": 6.819934003060644e-07,
    "alpha_5": 0.07484618406299935,
    "beta_5": 0.07484618406299934,
    "gamma_5": 0.0748461840629993,
    "epsilon_5": -1.5959455978986625e-16,
    "epsilon_prime_5": -4.787836793695988e-16,
    "f6": 6.53971002149632e-09,
    "g6": 4.894723399875551e-10,
    "h6": 3.663513685245553e-11,
    "t6": 2.7420001960320565e-12,
    "alpha_6": 0.07484618406299934,
    "beta_6": 0.07484618406299935,
    "gamma_6": 0.07484618406299934,
    "epsilon_6": 1.5959455978986625e-16,
    "epsilon_prime_6": -1.5959455978986625e-16,
    "f7": 4.250308173175579e-25,
    "g7": 3.181193478539698e-26,
    "h7": 2.3810019263479553e-27,
    "t7": 1.7820890843379508e-28,
    "alpha_7": 0.07484618406299937,
    "beta_7": 0.07484618406299931,
    "gamma_7": 0.07484618406299934,
    "epsilon_7": -6.38378239159465e-16,
    "epsilon_prime_7": 3.191891195797325e-16,
    "f8": 1.1668262903587302e-73,
    "g8": 8.733249529773625e-75,
    "h8": 6.53650401773539e-76,
    "t8": 4.892323828399578e-77,
    "alpha_8": 0.07484618406299934,
    "beta_8": 0.07484618406299938,
    "gamma_8": 0.07484618406299935,
    "epsilon_8": 4.787836793695988e-16,
    "epsilon_prime_8": -3.191891195797325e-16,
    "f9": 2.414146175714502e-219,
    "g9": 1.806896290225136e-220,
    "h9": 1.3523929232094126e-221,
    "t9": 1.0122144965602939e-222,
    "alpha_9": 0.07484618406299935,
    "beta_9": 0.07484618406299931,
    "gamma_9": 0.07484618406299935,
    "epsilon_9": -4.787836793695988e-16,
    "epsilon_prime_9": 4.787836793695988e-16,
    "f10": 0.0,
    "g10": 0.0,
    "h10": 0.0,
    "t10": 0.0,
    "alpha_10": 0.07484618406299935,
    "beta_10": 0.07484618406299938,
    "gamma_10": 0.07484618406299931,
    "epsilon_10": 3.191891195797325e-16,
    "epsilon_prime_10": -7.979727989493313e-16,
    "f11": 0.0,
    "g11": 0.0,
    "h11": 0.0,
    "t11": 0.0,
    "alpha_11": NaN,
    "beta_11": NaN,
    "gamma_11": NaN,
    "epsilon_11": NaN,
    "epsilon_prime_11": NaN,
    "f12": 0.0,
    "g12": 0.0,
    "h12": 0.0,
    "t12": 0.0,
    "alpha_12": NaN,
    "beta_12": NaN,
    "gamma_12": NaN,
    "epsilon_12": NaN,
    "epsilon_prime_12": NaN,
    "f13": 0.0,
    "g13": 0.0,
    "h13": 0.0,
    "t13": 0.0,
    "alpha_13": NaN,
    "beta_13": NaN,
    "gamma_13": NaN,
    "epsilon_13": NaN,
    "epsilon_prime_13": NaN,
    "f14": 0.0,
    "g14": 0.0,
    "h14": 0.0,
    "t14": 0.0,
    "alpha_14": NaN,
    "beta_14": NaN,
    "gamma_14": NaN,
    "epsilon_14": NaN,
    "epsilon_prime_14": NaN,
    "f15": 0.0,
    "g15": 0.0,
    "h15": 0.0,
    "t15": 0.0,
    "alpha_15": NaN,
    "beta_15": NaN,
    "gamma_15": NaN,
    "epsilon_15": NaN,
    "epsilon_prime_15": NaN,
    "f16": 0.0,
    "g16": 0.0,
    "h16": 0.0,
    "t16": 0.0,
    "alpha_16": NaN,
    "beta_16": NaN,
    "gamma_16": NaN,
    "epsilon_16": NaN,
    "epsilon_prime_16": NaN,
    "f17": 0.0,
    "g17": 0.0,
    "h17": 0.0,
    "t17": 0.0,
    "alpha_17": NaN,
    "beta_17": NaN,
    "gamma_17": NaN,
    "epsilon_17": NaN,
    "epsilon_prime_17": NaN,
    "f18": 0.0,
    "g18": 0.0,
    "h18": 0.0,
    "t18": 0.0,
    "alpha_18": NaN,
    "beta_18": NaN,
    "gamma_18": NaN,
    "epsilon_18": NaN,
    "epsilon_prime_18": NaN,
    "f19": 0.0,
    "g19": 0.0,
    "h19": 0.0,
    "t19": 0.0,
    "alpha_19": NaN,
    "beta_19": NaN,
    "gamma_19": NaN,
    "epsilon_19": NaN,
    "epsilon_prime_19": NaN,
    "f20": 0.0,
    "g20": 0.0,
    "h20": 0.0,
    "t20": 0.0,
    "alpha_20": NaN,
    "beta_20": NaN,
    "gamma_20": NaN,
    "epsilon_20": NaN,
    "epsilon_prime_20": NaN
}