{
    "f1": 0.5548979825858796,
    "g1": 0.09301698348431582,
    "h1": 0.012557292770382636,
    "t1": 0.0008279533694757782,
    "alpha_1": 0.16762898118830322,
    "epsilon_1": 0.0,
    "beta_1": 0.135,
    "gamma_1": 0.06593406593406594,
    "epsilon_prime_1": 0.6983333333333335,
    "f2": 0.4030134300686217,
    "g2": 0.06412790335798357,
    "h2": 0.010196273643834922,
    "t2": 0.0016199443453205195,
    "alpha_2": 0.1591210083174261,
    "epsilon_2": 0.0,
    "beta_2": 0.15899901774296105,
    "gamma_2": 0.15887611512858946,
    "epsilon_prime_2": 0.0012426819897571823,
    "f3": 0.14994412439720622,
    "g3": 0.023854842695800526,
    "h3": 0.0037951037924737856,
    "t3": 0.0006037689225513327,
    "alpha_3": 0.15909154687921198,
    "epsilon_3": 0.0,
    "beta_3": 0.15909154551423163,
    "gamma_3": 0.1590915441492509,
    "epsilon_prime_3": 1.3801471922104806e-08,
    "f4": 0.007721747022007466,
    "g4": 0.0012284646757969627,
    "h4": 0.00019543834515425512,
    "t4": 3.109258858571095e-05,
    "alpha_4": 0.15909154654973295,
    "epsilon_4": 0.0,
    "beta_4": 0.15909154654973298,
    "gamma_4": 0.15909154654973295,
    "epsilon_prime_4": 2.8063970900247016e-16,
    "f5": 1.0545663737621858e-06,
    "g5": 1.6777259534116985e-07,
    "h5": 2.6691201661489247e-08,
    "t5": 4.246344551597124e-09,
    "alpha_5": 0.15909154654973295,
    "epsilon_5": 0.0,
    "beta_5": 0.15909154654973304,
    "gamma_5": 0.15909154654973287,
    "epsilon_prime_5": 1.6838382540148209e-15
}