{
    "f0": 0.7535710000000001,
    "g0": 0.074529,
    "h0": 0,
    "t0": 0,
    "f1": 0.7203659967225946,
    "g1": 0.06030771456675421,
    "h1": 0.00501371762626999,
    "t1": 0.000413976684737889,
    "beta_1": 0.08313559322033898,
    "alpha_1": 0.08371815832664584,
    "epsilon_1": -0.005890380519324912,
    "gamma_1": 0.08256880733944952,
    "epsilon_prime_1": -0.005730835017882307,
    "f2": 0.5947200579096068,
    "g2": 0.049739246620631915,
    "h2": 0.004159927023903375,
    "t2": 0.0003479141669070889,
    "beta_2": 0.08363470109693681,
    "alpha_2": 0.08363472184789154,
    "epsilon_2": -2.098152089599934e-07,
    "gamma_2": 0.08363468034605842,
    "epsilon_prime_2": -2.0981443706047378e-07,
    "f3": 0.3345423529535336,
    "g3": 0.02797935564081059,
    "h3": 0.002340045543302831,
    "t3": 0.00019570905116715544,
    "beta_3": 0.08363471887428489,
    "alpha_3": 0.08363471887428495,
    "epsilon_3": -5.612794180049403e-16,
    "gamma_3": 0.08363471887428486,
    "epsilon_prime_3": -2.8063970900247016e-16,
    "f4": 0.05954792948278126,
    "g4": 0.004980274341838155,
    "h4": 0.00041652384449644854,
    "t4": 3.4835854638896844e-05,
    "beta_4": 0.08363471887428495,
    "alpha_4": 0.08363471887428495,
    "epsilon_4": 0.0,
    "gamma_4": 0.08363471887428492,
    "epsilon_prime_4": -2.8063970900247016e-16,
    "f5": 0.00033582524497803985,
    "g5": 2.808664995462623e-05,
    "h5": 2.349019073075612e-06,
    "t5": 1.964595498070123e-07,
    "beta_5": 0.08363471887428492,
    "alpha_5": 0.08363471887428493,
    "epsilon_5": -1.4031985450123508e-16,
    "gamma_5": 0.08363471887428497,
    "epsilon_prime_5": 5.612794180049403e-16
}