{
    "f0": 0.7535710000000001,
    "g0": 0.074529,
    "h0": 0,
    "t0": 0,
    "f1": 0.7203659967225946,
    "g1": 0.06030771456675421,
    "h1": 0.00501371762626999,
    "t1": 0.000413976684737889,
    "alpha_1": 0.09890109890109888,
    "beta_1": 0.0,
    "gamma_1": 9999,
    "epsilon_1": -1.0,
    "epsilon_prime_1": 101101.00000000001,
    "f2": 0.5947200579096068,
    "g2": 0.049739246620631915,
    "h2": 0.004159927023903375,
    "t2": 0.0003479141669070889,
    "alpha_2": 0.08371815832664584,
    "beta_2": 0.08313559322033898,
    "gamma_2": 0.08256880733944952,
    "epsilon_2": -0.005890380519324912,
    "epsilon_prime_2": -0.005730835017882307,
    "f3": 0.3345423529535336,
    "g3": 0.02797935564081059,
    "h3": 0.002340045543302831,
    "t3": 0.00019570905116715544,
    "alpha_3": 0.08363472184789154,
    "beta_3": 0.08363470109693681,
    "gamma_3": 0.08363468034605842,
    "epsilon_3": -2.098152089599934e-07,
    "epsilon_prime_3": -2.0981443706047378e-07,
    "f4": 0.05954792948278126,
    "g4": 0.004980274341838155,
    "h4": 0.00041652384449644854,
    "t4": 3.4835854638896844e-05,
    "alpha_4": 0.08363471887428495,
    "beta_4": 0.08363471887428489,
    "gamma_4": 0.08363471887428486,
    "epsilon_4": -5.612794180049403e-16,
    "epsilon_prime_4": -2.8063970900247016e-16,
    "f5": 0.00033582524497803985,
    "g5": 2.808664995462623e-05,
    "h5": 2.349019073075612e-06,
    "t5": 1.964595498070123e-07,
    "alpha_5": 0.08363471887428495,
    "beta_5": 0.08363471887428495,
    "gamma_5": 0.08363471887428492,
    "epsilon_5": 0.0,
    "epsilon_prime_5": -2.8063970900247016e-16,
    "f6": 6.023561720717266e-11,
    "g6": 5.037788911340925e-12,
    "h6": 4.213340593479884e-13,
    "t6": 3.5238155605730274e-14,
    "alpha_6": 0.08363471887428493,
    "beta_6": 0.08363471887428492,
    "gamma_6": 0.08363471887428497,
    "epsilon_6": -1.4031985450123508e-16,
    "epsilon_prime_6": 5.612794180049403e-16,
    "f7": 3.4759493396850553e-31,
    "g7": 2.9071004584581593e-32,
    "h7": 2.4313452958245296e-33,
    "t7": 2.0334488030259975e-34,
    "alpha_7": 0.08363471887428493,
    "beta_7": 0.08363471887428497,
    "gamma_7": 0.08363471887428489,
    "epsilon_7": 4.209595635037052e-16,
    "epsilon_prime_7": -8.419191270074104e-16,
    "f8": 6.679341654319484e-92,
    "g8": 5.586248615243113e-93,
    "h8": 4.672043324977213e-94,
    "t8": 3.907450300529486e-95,
    "alpha_8": 0.08363471887428493,
    "beta_8": 0.08363471887428492,
    "gamma_8": 0.08363471887428496,
    "epsilon_8": -1.4031985450123508e-16,
    "epsilon_prime_8": 4.209595635037052e-16,
    "f9": 4.73930130035396e-274,
    "g9": 3.963701319156367e-275,
    "h9": 3.315030455292749e-276,
    "t9": 2.772516401881019e-277,
    "alpha_9": 0.08363471887428493,
    "beta_9": 0.08363471887428495,
    "gamma_9": 0.08363471887428492,
    "epsilon_9": 1.4031985450123508e-16,
    "epsilon_prime_9": -2.8063970900247016e-16,
    "f10": 0.0,
    "g10": 0.0,
    "h10": 0.0,
    "t10": 0.0,
    "alpha_10": 0.08363471887428497,
    "beta_10": 0.08363471887428489,
    "gamma_10": 0.08363471887428496,
    "epsilon_10": -8.419191270074104e-16,
    "epsilon_prime_10": 7.015992725061754e-16,
    "f11": 0.0,
    "g11": 0.0,
    "h11": 0.0,
    "t11": 0.0,
    "alpha_11": NaN,
    "beta_11": NaN,
    "gamma_11": NaN,
    "epsilon_11": NaN,
    "epsilon_prime_11": NaN,
    "f12": 0.0,
    "g12": 0.0,
    "h12": 0.0,
    "t12": 0.0,
    "alpha_12": NaN,
    "beta_12": NaN,
    "gamma_12": NaN,
    "epsilon_12": NaN,
    "epsilon_prime_12": NaN,
    "f13": 0.0,
    "g13": 0.0,
    "h13": 0.0,
    "t13": 0.0,
    "alpha_13": NaN,
    "beta_13": NaN,
    "gamma_13": NaN,
    "epsilon_13": NaN,
    "epsilon_prime_13": NaN,
    "f14": 0.0,
    "g14": 0.0,
    "h14": 0.0,
    "t14": 0.0,
    "alpha_14": NaN,
    "beta_14": NaN,
    "gamma_14": NaN,
    "epsilon_14": NaN,
    "epsilon_prime_14": NaN,
    "f15": 0.0,
    "g15": 0.0,
    "h15": 0.0,
    "t15": 0.0,
    "alpha_15": NaN,
    "beta_15": NaN,
    "gamma_15": NaN,
    "epsilon_15": NaN,
    "epsilon_prime_15": NaN,
    "f16": 0.0,
    "g16": 0.0,
    "h16": 0.0,
    "t16": 0.0,
    "alpha_16": NaN,
    "beta_16": NaN,
    "gamma_16": NaN,
    "epsilon_16": NaN,
    "epsilon_prime_16": NaN,
    "f17": 0.0,
    "g17": 0.0,
    "h17": 0.0,
    "t17": 0.0,
    "alpha_17": NaN,
    "beta_17": NaN,
    "gamma_17": NaN,
    "epsilon_17": NaN,
    "epsilon_prime_17": NaN,
    "f18": 0.0,
    "g18": 0.0,
    "h18": 0.0,
    "t18": 0.0,
    "alpha_18": NaN,
    "beta_18": NaN,
    "gamma_18": NaN,
    "epsilon_18": NaN,
    "epsilon_prime_18": NaN,
    "f19": 0.0,
    "g19": 0.0,
    "h19": 0.0,
    "t19": 0.0,
    "alpha_19": NaN,
    "beta_19": NaN,
    "gamma_19": NaN,
    "epsilon_19": NaN,
    "epsilon_prime_19": NaN,
    "f20": 0.0,
    "g20": 0.0,
    "h20": 0.0,
    "t20": 0.0,
    "alpha_20": NaN,
    "beta_20": NaN,
    "gamma_20": NaN,
    "epsilon_20": NaN,
    "epsilon_prime_20": NaN
}