{
    "f0": 0.7535710000000001,
    "g0": 0.074529,
    "h0": 0,
    "t0": 0,
    "f1": 1.7222544642400637,
    "g1": 0.08585644144167386,
    "h1": 0.004313891137468153,
    "t1": 0.00042664857403531176,
    "alpha_1": 0.09890109890109888,
    "beta_1": 0.0,
    "gamma_1": 9999,
    "epsilon_1": -1.0,
    "epsilon_prime_1": 101101.00000000001,
    "f2": 10.19466476401644,
    "g2": 0.5291833934687566,
    "h2": 0.027631480858413316,
    "t2": 0.0014595703494969655,
    "alpha_2": 0.049851194015953726,
    "beta_2": 0.05024539877300614,
    "gamma_2": 0.09890109890109887,
    "epsilon_2": 0.00398584809908554,
    "epsilon_prime_2": 0.49196319018404877,
    "f3": 2221.3999858872608,
    "g3": 115.62612653409066,
    "h3": 6.01850841002495,
    "t3": 0.313274798841654,
    "alpha_3": 0.05190787590550175,
    "beta_3": 0.05221532119005299,
    "gamma_3": 0.05282273349647676,
    "epsilon_3": 0.003108613432684762,
    "epsilon_prime_3": 0.006141613320507008,
    "f4": 23044142889.1024,
    "g4": 1199475356.93727,
    "h4": 62434135.16574946,
    "t4": 3249771.8368262597,
    "alpha_4": 0.05205101614687723,
    "beta_4": 0.052051457490020485,
    "gamma_4": 0.0520519001551674,
    "epsilon_4": 4.462469559565444e-06,
    "epsilon_prime_4": 4.475836485454133e-06,
    "f5": 2.572547643638399e+31,
    "g5": 1.339041993428276e+30,
    "h5": 6.969874647796426e+28,
    "t5": 3.627903594092728e+27,
    "alpha_5": 0.05205120288958558,
    "beta_5": 0.05205120289021047,
    "gamma_5": 0.05205120289083529,
    "epsilon_5": 6.318392568408864e-12,
    "epsilon_prime_5": 6.317620809209107e-12,
    "f6": 3.5790851282625165e+94,
    "g6": 1.8629568617123668e+93,
    "h6": 9.69691455840285e+91,
    "t6": 5.04736067084966e+90,
    "alpha_6": 0.052051202889849914,
    "beta_6": 0.05205120288984991,
    "gamma_6": 0.052051202889849886,
    "epsilon_6": -7.015992725061754e-17,
    "epsilon_prime_6": -2.104797817518526e-16,
    "f7": 9.63824213833214e+283,
    "g7": 5.016820970438271e+282,
    "h7": 2.6113156619433612e+281,
    "t7": 1.3592212132925663e+280,
    "alpha_7": 0.05205120288984989,
    "beta_7": 0.05205120288984993,
    "gamma_7": 0.0520512028898499,
    "epsilon_7": 3.507996362530877e-16,
    "epsilon_prime_7": -2.8063970900247016e-16,
    "f8": Infinity,
    "g8": Infinity,
    "h8": Infinity,
    "t8": Infinity,
    "alpha_8": 0.05205120288984991,
    "beta_8": 0.05205120288984991,
    "gamma_8": 0.05205120288984992,
    "epsilon_8": 0.0,
    "epsilon_prime_8": 1.4031985450123508e-16,
    "f9": Infinity,
    "g9": Infinity,
    "h9": Infinity,
    "t9": Infinity,
    "alpha_9": NaN,
    "beta_9": NaN,
    "gamma_9": NaN,
    "epsilon_9": NaN,
    "epsilon_prime_9": NaN,
    "f10": Infinity,
    "g10": Infinity,
    "h10": Infinity,
    "t10": Infinity,
    "alpha_10": NaN,
    "beta_10": NaN,
    "gamma_10": NaN,
    "epsilon_10": NaN,
    "epsilon_prime_10": NaN,
    "f11": Infinity,
    "g11": Infinity,
    "h11": Infinity,
    "t11": Infinity,
    "alpha_11": NaN,
    "beta_11": NaN,
    "gamma_11": NaN,
    "epsilon_11": NaN,
    "epsilon_prime_11": NaN,
    "f12": Infinity,
    "g12": Infinity,
    "h12": Infinity,
    "t12": Infinity,
    "alpha_12": NaN,
    "beta_12": NaN,
    "gamma_12": NaN,
    "epsilon_12": NaN,
    "epsilon_prime_12": NaN,
    "f13": Infinity,
    "g13": Infinity,
    "h13": Infinity,
    "t13": Infinity,
    "alpha_13": NaN,
    "beta_13": NaN,
    "gamma_13": NaN,
    "epsilon_13": NaN,
    "epsilon_prime_13": NaN,
    "f14": Infinity,
    "g14": Infinity,
    "h14": Infinity,
    "t14": Infinity,
    "alpha_14": NaN,
    "beta_14": NaN,
    "gamma_14": NaN,
    "epsilon_14": NaN,
    "epsilon_prime_14": NaN,
    "f15": Infinity,
    "g15": Infinity,
    "h15": Infinity,
    "t15": Infinity,
    "alpha_15": NaN,
    "beta_15": NaN,
    "gamma_15": NaN,
    "epsilon_15": NaN,
    "epsilon_prime_15": NaN,
    "f16": Infinity,
    "g16": Infinity,
    "h16": Infinity,
    "t16": Infinity,
    "alpha_16": NaN,
    "beta_16": NaN,
    "gamma_16": NaN,
    "epsilon_16": NaN,
    "epsilon_prime_16": NaN,
    "f17": Infinity,
    "g17": Infinity,
    "h17": Infinity,
    "t17": Infinity,
    "alpha_17": NaN,
    "beta_17": NaN,
    "gamma_17": NaN,
    "epsilon_17": NaN,
    "epsilon_prime_17": NaN,
    "f18": Infinity,
    "g18": Infinity,
    "h18": Infinity,
    "t18": Infinity,
    "alpha_18": NaN,
    "beta_18": NaN,
    "gamma_18": NaN,
    "epsilon_18": NaN,
    "epsilon_prime_18": NaN,
    "f19": Infinity,
    "g19": Infinity,
    "h19": Infinity,
    "t19": Infinity,
    "alpha_19": NaN,
    "beta_19": NaN,
    "gamma_19": NaN,
    "epsilon_19": NaN,
    "epsilon_prime_19": NaN,
    "f20": Infinity,
    "g20": Infinity,
    "h20": Infinity,
    "t20": Infinity,
    "alpha_20": NaN,
    "beta_20": NaN,
    "gamma_20": NaN,
    "epsilon_20": NaN,
    "epsilon_prime_20": NaN
}