{
    "f1": 0.5165606520000001,
    "g1": 0.09565938000000002,
    "h1": 0.014348907000000004,
    "t1": 0.0010628820000000005,
    "alpha_1": 0.18518518518518517,
    "epsilon_1": 0.0,
    "beta_1": 0.15000000000000002,
    "gamma_1": 0.07407407407407408,
    "epsilon_prime_1": 0.6833333333333335,
    "f2": 0.35102136924537025,
    "g2": 0.0615153556897363,
    "h2": 0.010770962136796902,
    "t2": 0.0018842679388373982,
    "alpha_2": 0.17524675441265217,
    "epsilon_2": 0.0,
    "beta_2": 0.1750938772283489,
    "gamma_2": 0.1749396121633519,
    "epsilon_prime_2": 0.001388385584972951,
    "f3": 0.10652683696480908,
    "g3": 0.018664253721813604,
    "h3": 0.003270108945714396,
    "t3": 0.000572946153586273,
    "alpha_3": 0.17520705817989604,
    "epsilon_3": 0.0,
    "beta_3": 0.1752070559291904,
    "gamma_3": 0.17520705367848402,
    "epsilon_prime_3": 2.025635734148601e-08,
    "f4": 0.002976994299705568,
    "g4": 0.0005215904117310858,
    "h4": 9.13863213096211e-05,
    "t4": 1.601152846116933e-05,
    "alpha_4": 0.17520705759586855,
    "epsilon_4": 0.0,
    "beta_4": 0.17520705759586847,
    "gamma_4": 0.1752070575958685,
    "epsilon_prime_4": -2.498001805406602e-16,
    "f5": 6.497329855118275e-08,
    "g5": 1.1383780461450641e-08,
    "h5": 1.9945186789681048e-09,
    "t5": 3.4945374906200037e-10,
    "alpha_5": 0.17520705759586858,
    "epsilon_5": 0.0,
    "beta_5": 0.1752070575958685,
    "gamma_5": 0.17520705759586855,
    "epsilon_prime_5": -4.996003610813204e-16
}