{
    "f0": 0.7290000000000001,
    "g0": 0.08100000000000002,
    "h0": 0,
    "t0": 0,
    "f1": 0.6898104180000004,
    "g1": 0.06377292000000002,
    "h1": 0.005845851000000003,
    "t1": 0.0005314410000000003,
    "alpha_1": 0.11111111111111112,
    "beta_1": 0.0,
    "gamma_1": 9999,
    "epsilon_1": -1.0,
    "epsilon_prime_1": 89991.0,
    "f2": 0.5459677295430755,
    "g2": 0.0504080656968157,
    "h2": 0.004654069910596177,
    "t2": 0.00042970022779563797,
    "alpha_2": 0.09244992295839752,
    "beta_2": 0.09166666666666667,
    "gamma_2": 0.09090909090909093,
    "epsilon_2": -0.007049306625577595,
    "epsilon_prime_2": -0.006818181818181737,
    "f3": 0.27056867825017705,
    "g3": 0.024981042003311218,
    "h3": 0.0023064475297254407,
    "t3": 0.00021294949212572712,
    "alpha_3": 0.09232792154034926,
    "beta_3": 0.09232788138685069,
    "gamma_3": 0.09232784123360842,
    "epsilon_3": -3.6138148711006846e-07,
    "epsilon_prime_3": -3.6137918045520134e-07,
    "f4": 0.032931320755039385,
    "g4": 0.0030404801927793553,
    "h4": 0.00028072119765402715,
    "t4": 2.5918402954723718e-05,
    "alpha_4": 0.09232791528150532,
    "beta_4": 0.09232791528150519,
    "gamma_4": 0.09232791528150507,
    "epsilon_4": -1.124100812432971e-15,
    "epsilon_prime_4": -1.124100812432971e-15,
    "f5": 5.937505649309192e-05,
    "g5": 5.481975185728787e-06,
    "h5": 5.061393405232817e-07,
    "t5": 4.673079015247054e-08,
    "alpha_5": 0.09232791528150536,
    "beta_5": 0.09232791528150527,
    "gamma_5": 0.09232791528150529,
    "epsilon_5": -7.494005416219807e-16,
    "epsilon_prime_5": 1.249000902703301e-16,
    "f6": 3.480075742568477e-13,
    "g6": 3.213081383330841e-14,
    "h6": 2.96657105752752e-15,
    "t6": 2.738973212759667e-16,
    "alpha_6": 0.09232791528150537,
    "beta_6": 0.0923279152815053,
    "gamma_6": 0.09232791528150534,
    "epsilon_6": -6.245004513516506e-16,
    "epsilon_prime_6": 3.7470027081099033e-16,
    "f7": 7.007170382591771e-38,
    "g7": 6.469574334470062e-39,
    "h7": 5.973223110603533e-40,
    "t7": 5.514952373133329e-41,
    "alpha_7": 0.09232791528150533,
    "beta_7": 0.09232791528150537,
    "gamma_7": 0.09232791528150538,
    "epsilon_7": 3.7470027081099033e-16,
    "epsilon_prime_7": 1.249000902703301e-16,
    "f8": 5.7201131783888945e-112,
    "g8": 5.281261249349121e-113,
    "h8": 4.876078412094023e-114,
    "t8": 4.501981545377942e-115,
    "alpha_8": 0.09232791528150532,
    "beta_8": 0.09232791528150537,
    "gamma_8": 0.09232791528150536,
    "epsilon_8": 4.996003610813204e-16,
    "epsilon_prime_8": -1.249000902703301e-16,
    "f9": 0.0,
    "g9": 0.0,
    "h9": 0.0,
    "t9": 0.0,
    "alpha_9": 0.09232791528150534,
    "beta_9": 0.09232791528150526,
    "gamma_9": 0.09232791528150537,
    "epsilon_9": -7.494005416219807e-16,
    "epsilon_prime_9": 9.992007221626409e-16,
    "f10": 0.0,
    "g10": 0.0,
    "h10": 0.0,
    "t10": 0.0,
    "alpha_10": NaN,
    "beta_10": NaN,
    "gamma_10": NaN,
    "epsilon_10": NaN,
    "epsilon_prime_10": NaN,
    "f11": 0.0,
    "g11": 0.0,
    "h11": 0.0,
    "t11": 0.0,
    "alpha_11": NaN,
    "beta_11": NaN,
    "gamma_11": NaN,
    "epsilon_11": NaN,
    "epsilon_prime_11": NaN,
    "f12": 0.0,
    "g12": 0.0,
    "h12": 0.0,
    "t12": 0.0,
    "alpha_12": NaN,
    "beta_12": NaN,
    "gamma_12": NaN,
    "epsilon_12": NaN,
    "epsilon_prime_12": NaN,
    "f13": 0.0,
    "g13": 0.0,
    "h13": 0.0,
    "t13": 0.0,
    "alpha_13": NaN,
    "beta_13": NaN,
    "gamma_13": NaN,
    "epsilon_13": NaN,
    "epsilon_prime_13": NaN,
    "f14": 0.0,
    "g14": 0.0,
    "h14": 0.0,
    "t14": 0.0,
    "alpha_14": NaN,
    "beta_14": NaN,
    "gamma_14": NaN,
    "epsilon_14": NaN,
    "epsilon_prime_14": NaN,
    "f15": 0.0,
    "g15": 0.0,
    "h15": 0.0,
    "t15": 0.0,
    "alpha_15": NaN,
    "beta_15": NaN,
    "gamma_15": NaN,
    "epsilon_15": NaN,
    "epsilon_prime_15": NaN,
    "f16": 0.0,
    "g16": 0.0,
    "h16": 0.0,
    "t16": 0.0,
    "alpha_16": NaN,
    "beta_16": NaN,
    "gamma_16": NaN,
    "epsilon_16": NaN,
    "epsilon_prime_16": NaN,
    "f17": 0.0,
    "g17": 0.0,
    "h17": 0.0,
    "t17": 0.0,
    "alpha_17": NaN,
    "beta_17": NaN,
    "gamma_17": NaN,
    "epsilon_17": NaN,
    "epsilon_prime_17": NaN,
    "f18": 0.0,
    "g18": 0.0,
    "h18": 0.0,
    "t18": 0.0,
    "alpha_18": NaN,
    "beta_18": NaN,
    "gamma_18": NaN,
    "epsilon_18": NaN,
    "epsilon_prime_18": NaN,
    "f19": 0.0,
    "g19": 0.0,
    "h19": 0.0,
    "t19": 0.0,
    "alpha_19": NaN,
    "beta_19": NaN,
    "gamma_19": NaN,
    "epsilon_19": NaN,
    "epsilon_prime_19": NaN,
    "f20": 0.0,
    "g20": 0.0,
    "h20": 0.0,
    "t20": 0.0,
    "alpha_20": NaN,
    "beta_20": NaN,
    "gamma_20": NaN,
    "epsilon_20": NaN,
    "epsilon_prime_20": NaN
}