{
    "f0": 0.7290000000000001,
    "g0": 0.081,
    "h0": 0,
    "t0": 0,
    "f1": 1.8633042824943653,
    "g1": 0.09858752817430505,
    "h1": 0.004929376408715252,
    "t1": 0.0005477084898572502,
    "alpha_1": 0.1111111111111111,
    "beta_1": 0.0,
    "gamma_1": 9999,
    "epsilon_1": -1.0000000000000002,
    "epsilon_prime_1": 89991.00000000001,
    "f2": 13.782293977187745,
    "g2": 0.7507884179231182,
    "h2": 0.0411268856455705,
    "t2": 0.002288406859418499,
    "alpha_2": 0.052910052910052914,
    "beta_2": 0.049999999999999996,
    "gamma_2": 0.1111111111111111,
    "epsilon_2": -0.026190476190476267,
    "epsilon_prime_2": 0.55,
    "f3": 5848.145774335194,
    "g3": 319.5546550076603,
    "h3": 17.461312250401328,
    "t3": 0.9541428688256204,
    "alpha_3": 0.05447485151352978,
    "beta_3": 0.05477826330797494,
    "gamma_3": 0.05564260029655242,
    "epsilon_3": 0.0027307061500064307,
    "epsilon_prime_3": 0.007779032897197358,
    "f4": 448282787496.346,
    "g4": 24495211931.859306,
    "h4": 1338475231.1159885,
    "t4": 73137393.10902134,
    "alpha_4": 0.05464204678516015,
    "beta_4": 0.05464264712395677,
    "gamma_4": 0.05464325104224,
    "epsilon_4": 5.403049169572239e-06,
    "epsilon_prime_4": 5.4352645490612925e-06,
    "f5": 2.0190911434748717e+35,
    "g5": 1.1032782620510778e+34,
    "h5": 6.028568484628173e+32,
    "t5": 3.294149737554554e+31,
    "alpha_5": 0.05464232090789114,
    "beta_5": 0.05464232090905578,
    "gamma_5": 0.054642320910220456,
    "epsilon_5": 1.048180292562151e-11,
    "epsilon_prime_5": 1.048205272580205e-11,
    "f6": 1.844877370871495e+106,
    "g6": 1.0080838133584714e+105,
    "h6": 5.5084039232119955e+103,
    "t6": 3.0099197486536365e+102,
    "alpha_6": 0.054642320908422554,
    "beta_6": 0.054642320908422574,
    "gamma_6": 0.054642320908422574,
    "epsilon_6": 1.8735013540549522e-16,
    "epsilon_prime_6": 0.0,
    "f7": Infinity,
    "g7": Infinity,
    "h7": Infinity,
    "t7": Infinity,
    "alpha_7": 0.05464232090842257,
    "beta_7": 0.05464232090842257,
    "gamma_7": 0.054642320908422554,
    "epsilon_7": 0.0,
    "epsilon_prime_7": -1.2490009027033014e-16,
    "f8": Infinity,
    "g8": Infinity,
    "h8": Infinity,
    "t8": Infinity,
    "alpha_8": NaN,
    "beta_8": NaN,
    "gamma_8": NaN,
    "epsilon_8": NaN,
    "epsilon_prime_8": NaN,
    "f9": Infinity,
    "g9": Infinity,
    "h9": Infinity,
    "t9": Infinity,
    "alpha_9": NaN,
    "beta_9": NaN,
    "gamma_9": NaN,
    "epsilon_9": NaN,
    "epsilon_prime_9": NaN,
    "f10": Infinity,
    "g10": Infinity,
    "h10": Infinity,
    "t10": Infinity,
    "alpha_10": NaN,
    "beta_10": NaN,
    "gamma_10": NaN,
    "epsilon_10": NaN,
    "epsilon_prime_10": NaN,
    "f11": Infinity,
    "g11": Infinity,
    "h11": Infinity,
    "t11": Infinity,
    "alpha_11": NaN,
    "beta_11": NaN,
    "gamma_11": NaN,
    "epsilon_11": NaN,
    "epsilon_prime_11": NaN,
    "f12": Infinity,
    "g12": Infinity,
    "h12": Infinity,
    "t12": Infinity,
    "alpha_12": NaN,
    "beta_12": NaN,
    "gamma_12": NaN,
    "epsilon_12": NaN,
    "epsilon_prime_12": NaN,
    "f13": Infinity,
    "g13": Infinity,
    "h13": Infinity,
    "t13": Infinity,
    "alpha_13": NaN,
    "beta_13": NaN,
    "gamma_13": NaN,
    "epsilon_13": NaN,
    "epsilon_prime_13": NaN,
    "f14": Infinity,
    "g14": Infinity,
    "h14": Infinity,
    "t14": Infinity,
    "alpha_14": NaN,
    "beta_14": NaN,
    "gamma_14": NaN,
    "epsilon_14": NaN,
    "epsilon_prime_14": NaN,
    "f15": Infinity,
    "g15": Infinity,
    "h15": Infinity,
    "t15": Infinity,
    "alpha_15": NaN,
    "beta_15": NaN,
    "gamma_15": NaN,
    "epsilon_15": NaN,
    "epsilon_prime_15": NaN,
    "f16": Infinity,
    "g16": Infinity,
    "h16": Infinity,
    "t16": Infinity,
    "alpha_16": NaN,
    "beta_16": NaN,
    "gamma_16": NaN,
    "epsilon_16": NaN,
    "epsilon_prime_16": NaN,
    "f17": Infinity,
    "g17": Infinity,
    "h17": Infinity,
    "t17": Infinity,
    "alpha_17": NaN,
    "beta_17": NaN,
    "gamma_17": NaN,
    "epsilon_17": NaN,
    "epsilon_prime_17": NaN,
    "f18": Infinity,
    "g18": Infinity,
    "h18": Infinity,
    "t18": Infinity,
    "alpha_18": NaN,
    "beta_18": NaN,
    "gamma_18": NaN,
    "epsilon_18": NaN,
    "epsilon_prime_18": NaN,
    "f19": Infinity,
    "g19": Infinity,
    "h19": Infinity,
    "t19": Infinity,
    "alpha_19": NaN,
    "beta_19": NaN,
    "gamma_19": NaN,
    "epsilon_19": NaN,
    "epsilon_prime_19": NaN,
    "f20": Infinity,
    "g20": Infinity,
    "h20": Infinity,
    "t20": Infinity,
    "alpha_20": NaN,
    "beta_20": NaN,
    "gamma_20": NaN,
    "epsilon_20": NaN,
    "epsilon_prime_20": NaN
}