{
    "f0": 0.7290000000000001,
    "g0": 0.08100000000000002,
    "h0": 0,
    "t0": 0,
    "f1": 0.6898104180000004,
    "g1": 0.06377292000000002,
    "h1": 0.005845851000000003,
    "t1": 0.0005314410000000003,
    "beta_1": 0.09166666666666667,
    "alpha_1": 0.09244992295839752,
    "epsilon_1": -0.007049306625577595,
    "gamma_1": 0.09090909090909093,
    "epsilon_prime_1": -0.006818181818181737,
    "f2": 0.5459677295430755,
    "g2": 0.0504080656968157,
    "h2": 0.004654069910596177,
    "t2": 0.00042970022779563797,
    "beta_2": 0.09232788138685069,
    "alpha_2": 0.09232792154034926,
    "epsilon_2": -3.6138148711006846e-07,
    "gamma_2": 0.09232784123360842,
    "epsilon_prime_2": -3.6137918045520134e-07,
    "f3": 0.27056867825017705,
    "g3": 0.024981042003311218,
    "h3": 0.0023064475297254407,
    "t3": 0.00021294949212572712,
    "beta_3": 0.09232791528150519,
    "alpha_3": 0.09232791528150532,
    "epsilon_3": -1.124100812432971e-15,
    "gamma_3": 0.09232791528150507,
    "epsilon_prime_3": -1.124100812432971e-15,
    "f4": 0.032931320755039385,
    "g4": 0.0030404801927793553,
    "h4": 0.00028072119765402715,
    "t4": 2.5918402954723718e-05,
    "beta_4": 0.09232791528150527,
    "alpha_4": 0.09232791528150536,
    "epsilon_4": -7.494005416219807e-16,
    "gamma_4": 0.09232791528150529,
    "epsilon_prime_4": 1.249000902703301e-16,
    "f5": 5.937505649309192e-05,
    "g5": 5.481975185728787e-06,
    "h5": 5.061393405232817e-07,
    "t5": 4.673079015247054e-08,
    "beta_5": 0.0923279152815053,
    "alpha_5": 0.09232791528150537,
    "epsilon_5": -6.245004513516506e-16,
    "gamma_5": 0.09232791528150534,
    "epsilon_prime_5": 3.7470027081099033e-16
}