{
    "f0": 0.7049690000000001,
    "g0": 0.087131,
    "h0": 0,
    "t0": 0,
    "f1": 1.9992784552474143,
    "g1": 0.1121192586938283,
    "h1": 0.0055158167970481365,
    "t1": 0.0006817301659272977,
    "alpha_1": 0.12359550561797751,
    "beta_1": 0.0,
    "gamma_1": 9999,
    "epsilon_1": -1.0,
    "epsilon_prime_1": 80901.00000000001,
    "f2": 18.197724408731254,
    "g2": 1.034195796726968,
    "h2": 0.059032796097072855,
    "t2": 0.0034420410582533365,
    "alpha_2": 0.05607986141177785,
    "beta_2": 0.04919597989949749,
    "gamma_2": 0.12359550561797751,
    "epsilon_2": -0.05569685950845018,
    "epsilon_prime_2": 0.6019597989949748,
    "f3": 14287.432541106564,
    "g3": 814.5258545508415,
    "h3": 46.43670568183753,
    "t3": 2.64742610128965,
    "alpha_3": 0.0568310506027205,
    "beta_3": 0.05708087026064153,
    "gamma_3": 0.05830726792261853,
    "epsilon_3": 0.002021268141361049,
    "epsilon_prime_3": 0.009922671992359406,
    "f4": 6940953549071.729,
    "g4": 395706031577.61304,
    "h4": 22559330259.903736,
    "t4": 1286114795.2774525,
    "alpha_4": 0.05700995278244417,
    "beta_4": 0.05701072031340783,
    "gamma_4": 0.05701149688413663,
    "epsilon_4": 6.2100232514363105e-06,
    "epsilon_prime_4": 6.283163169369666e-06,
    "f5": 7.958241201517314e+38,
    "g5": 4.537019333118152e+37,
    "h5": 2.586569558254058e+36,
    "t5": 1.4746117634655368e+35,
    "alpha_5": 0.057010327007668005,
    "beta_5": 0.05701032700958209,
    "gamma_5": 0.05701032701149615,
    "epsilon_5": 1.5486703460036597e-11,
    "epsilon_prime_5": 1.5486478892197525e-11,
    "f6": 1.1995296219176065e+117,
    "g6": 6.838557600202496e+115,
    "h6": 3.898684050546907e+114,
    "t6": 2.2226525262489207e+113,
    "alpha_6": 0.05701032700859992,
    "beta_6": 0.057010327008599926,
    "gamma_6": 0.05701032700859992,
    "epsilon_6": 5.614195976797667e-17,
    "epsilon_prime_6": -5.614195976797667e-17,
    "f7": Infinity,
    "g7": Infinity,
    "h7": Infinity,
    "t7": Infinity,
    "alpha_7": 0.05701032700859991,
    "beta_7": 0.05701032700859993,
    "gamma_7": 0.05701032700859992,
    "epsilon_7": 1.6842587930393e-16,
    "epsilon_prime_7": -1.1228391953595334e-16,
    "f8": Infinity,
    "g8": Infinity,
    "h8": Infinity,
    "t8": Infinity,
    "alpha_8": NaN,
    "beta_8": NaN,
    "gamma_8": NaN,
    "epsilon_8": NaN,
    "epsilon_prime_8": NaN,
    "f9": Infinity,
    "g9": Infinity,
    "h9": Infinity,
    "t9": Infinity,
    "alpha_9": NaN,
    "beta_9": NaN,
    "gamma_9": NaN,
    "epsilon_9": NaN,
    "epsilon_prime_9": NaN,
    "f10": Infinity,
    "g10": Infinity,
    "h10": Infinity,
    "t10": Infinity,
    "alpha_10": NaN,
    "beta_10": NaN,
    "gamma_10": NaN,
    "epsilon_10": NaN,
    "epsilon_prime_10": NaN,
    "f11": Infinity,
    "g11": Infinity,
    "h11": Infinity,
    "t11": Infinity,
    "alpha_11": NaN,
    "beta_11": NaN,
    "gamma_11": NaN,
    "epsilon_11": NaN,
    "epsilon_prime_11": NaN,
    "f12": Infinity,
    "g12": Infinity,
    "h12": Infinity,
    "t12": Infinity,
    "alpha_12": NaN,
    "beta_12": NaN,
    "gamma_12": NaN,
    "epsilon_12": NaN,
    "epsilon_prime_12": NaN,
    "f13": Infinity,
    "g13": Infinity,
    "h13": Infinity,
    "t13": Infinity,
    "alpha_13": NaN,
    "beta_13": NaN,
    "gamma_13": NaN,
    "epsilon_13": NaN,
    "epsilon_prime_13": NaN,
    "f14": Infinity,
    "g14": Infinity,
    "h14": Infinity,
    "t14": Infinity,
    "alpha_14": NaN,
    "beta_14": NaN,
    "gamma_14": NaN,
    "epsilon_14": NaN,
    "epsilon_prime_14": NaN,
    "f15": Infinity,
    "g15": Infinity,
    "h15": Infinity,
    "t15": Infinity,
    "alpha_15": NaN,
    "beta_15": NaN,
    "gamma_15": NaN,
    "epsilon_15": NaN,
    "epsilon_prime_15": NaN,
    "f16": Infinity,
    "g16": Infinity,
    "h16": Infinity,
    "t16": Infinity,
    "alpha_16": NaN,
    "beta_16": NaN,
    "gamma_16": NaN,
    "epsilon_16": NaN,
    "epsilon_prime_16": NaN,
    "f17": Infinity,
    "g17": Infinity,
    "h17": Infinity,
    "t17": Infinity,
    "alpha_17": NaN,
    "beta_17": NaN,
    "gamma_17": NaN,
    "epsilon_17": NaN,
    "epsilon_prime_17": NaN,
    "f18": Infinity,
    "g18": Infinity,
    "h18": Infinity,
    "t18": Infinity,
    "alpha_18": NaN,
    "beta_18": NaN,
    "gamma_18": NaN,
    "epsilon_18": NaN,
    "epsilon_prime_18": NaN,
    "f19": Infinity,
    "g19": Infinity,
    "h19": Infinity,
    "t19": Infinity,
    "alpha_19": NaN,
    "beta_19": NaN,
    "gamma_19": NaN,
    "epsilon_19": NaN,
    "epsilon_prime_19": NaN,
    "f20": Infinity,
    "g20": Infinity,
    "h20": Infinity,
    "t20": Infinity,
    "alpha_20": NaN,
    "beta_20": NaN,
    "gamma_20": NaN,
    "epsilon_20": NaN,
    "epsilon_prime_20": NaN
}