{
    "f1": 0.480263834295654,
    "g1": 0.09730893677016382,
    "h1": 0.01605597456707703,
    "t1": 0.001322964196538182,
    "alpha_1": 0.20261558298029103,
    "epsilon_1": 0.0,
    "beta_1": 0.16499999999999998,
    "gamma_1": 0.08239700374531835,
    "epsilon_prime_1": 0.6683333333333333,
    "f2": 0.3038260379144383,
    "g2": 0.05809358545080062,
    "h2": 0.01109703606448723,
    "t2": 0.0021176610835324395,
    "alpha_2": 0.1912067374132055,
    "epsilon_2": 0.0,
    "beta_2": 0.19101998918426705,
    "gamma_2": 0.19083123378407188,
    "epsilon_prime_2": 0.001527202783397264,
    "f3": 0.07409083701988767,
    "g3": 0.014162837241460197,
    "h3": 0.0027072977324093194,
    "t3": 0.0005175135993430998,
    "alpha_3": 0.19115504441741654,
    "epsilon_3": 0.0,
    "beta_3": 0.19115504091821334,
    "gamma_3": 0.19115503741900833,
    "epsilon_prime_3": 2.8311749618945763e-08,
    "f4": 0.0010742613135952355,
    "g4": 0.00020535046807655408,
    "h4": 3.925377764757561e-05,
    "t4": 7.5035575717844406e-06,
    "alpha_4": 0.19115504344963022,
    "epsilon_4": 0.0,
    "beta_4": 0.19115504344963027,
    "gamma_4": 0.19115504344963025,
    "epsilon_prime_4": 2.245678390719067e-16,
    "f5": 3.2745093879525572e-09,
    "g5": 6.25938984330293e-10,
    "h5": 1.1965139374647469e-10,
    "t5": 2.2871967370416172e-11,
    "alpha_5": 0.1911550434496302,
    "epsilon_5": 0.0,
    "beta_5": 0.1911550434496304,
    "gamma_5": 0.19115504344963014,
    "epsilon_prime_5": 2.245678390719067e-15
}