{
    "f0": 0.7049690000000001,
    "g0": 0.087131,
    "h0": 0,
    "t0": 0,
    "f1": 0.659662152781592,
    "g1": 0.06669488924696622,
    "h1": 0.0066749557188971916,
    "t1": 0.000661482098269091,
    "beta_1": 0.10008196721311473,
    "alpha_1": 0.10110461690993552,
    "epsilon_1": -0.008274165728822804,
    "gamma_1": 0.0990990990990991,
    "epsilon_prime_1": -0.00795229655885372,
    "f2": 0.4986681898210858,
    "g2": 0.05033208116330312,
    "h2": 0.005080164774547383,
    "t2": 0.0005127555820769588,
    "beta_2": 0.10093293694859784,
    "alpha_2": 0.10093300954560881,
    "epsilon_2": -5.873758160475994e-07,
    "gamma_2": 0.10093286435234629,
    "epsilon_prime_2": -5.873696716469545e-07,
    "f3": 0.21527973910232565,
    "g3": 0.02172882933679399,
    "h3": 0.002193155873916687,
    "t3": 0.00022136179601495905,
    "beta_3": 0.10093299735218404,
    "alpha_3": 0.10093299735218443,
    "epsilon_3": -3.1439497470066935e-15,
    "gamma_3": 0.10093299735218368,
    "epsilon_prime_3": -2.9193819079347868e-15,
    "f4": 0.017321185704373285,
    "g4": 0.0017482791908362025,
    "h4": 0.00017645905893954943,
    "t4": 1.7810541728714493e-05,
    "beta_4": 0.10093299735218436,
    "alpha_4": 0.10093299735218436,
    "epsilon_4": 0.0,
    "gamma_4": 0.10093299735218439,
    "epsilon_prime_4": 2.245678390719067e-16,
    "f5": 9.021962056548782e-06,
    "g5": 9.106136723651462e-07,
    "h5": 9.191096738169418e-08,
    "t5": 9.276849427373244e-09,
    "beta_5": 0.10093299735218436,
    "alpha_5": 0.10093299735218439,
    "epsilon_5": -2.245678390719067e-16,
    "gamma_5": 0.10093299735218439,
    "epsilon_prime_5": 2.245678390719067e-16
}