{
    "f0": 0.681472,
    "g0": 0.092928,
    "h0": 0,
    "t0": 0,
    "f1": 0.6299845775023144,
    "g1": 0.06910332811345919,
    "h1": 0.007489909111652352,
    "t1": 0.0008024902619627519,
    "alpha_1": 0.13636363636363635,
    "beta_1": 0.0,
    "gamma_1": 9999,
    "epsilon_1": -1.0,
    "epsilon_prime_1": 73326.0,
    "f2": 0.45319253119312125,
    "g2": 0.04960495328797173,
    "h2": 0.005429587715401705,
    "t2": 0.0005943033381136304,
    "alpha_2": 0.1096905076429515,
    "beta_2": 0.10838709677419356,
    "gamma_2": 0.10714285714285714,
    "epsilon_2": -0.009558346370891601,
    "epsilon_prime_2": -0.00912442396313376,
    "f3": 0.16856474483388786,
    "g3": 0.018450534849642097,
    "h3": 0.002019534016874781,
    "t3": 0.0002210514588629099,
    "alpha_3": 0.10945668755258749,
    "beta_3": 0.10945656341779639,
    "gamma_3": 0.10945643928503349,
    "epsilon_3": -9.103218013932028e-07,
    "epsilon_prime_3": -9.103069279481347e-07,
    "f4": 0.00867398611299886,
    "g4": 0.0009494255944260936,
    "h4": 0.000103920959476807,
    "t4": 1.137484167477943e-05,
    "alpha_4": 0.10945666525835031,
    "beta_4": 0.10945666525834918,
    "gamma_4": 0.10945666525834803,
    "epsilon_4": -8.243405957841787e-15,
    "epsilon_prime_4": -8.446946845689734e-15,
    "f5": 1.181883440094011e-06,
    "g5": 1.293650200767575e-07,
    "h5": 1.4159863698681382e-08,
    "t5": 1.549891460970431e-09,
    "alpha_5": 0.1094566652583501,
    "beta_5": 0.10945666525835011,
    "gamma_5": 0.1094566652583501,
    "epsilon_5": 1.0177044392397269e-16,
    "epsilon_prime_5": -1.0177044392397269e-16,
    "f6": 2.9898019640213197e-18,
    "g6": 3.2725375276463934e-19,
    "h6": 3.5820104470898014e-20,
    "t6": 3.920749184590214e-21,
    "alpha_6": 0.10945666525835016,
    "beta_6": 0.10945666525835006,
    "gamma_6": 0.10945666525835009,
    "epsilon_6": -7.123931074678088e-16,
    "epsilon_prime_6": 2.0354088784794538e-16,
    "f7": 4.840004312438991e-53,
    "g7": 5.297707318756056e-54,
    "h7": 5.798693766257935e-55,
    "t7": 6.347056825089763e-56,
    "alpha_7": 0.10945666525835011,
    "beta_7": 0.10945666525835017,
    "gamma_7": 0.1094566652583501,
    "epsilon_7": 4.0708177569589076e-16,
    "epsilon_prime_7": -5.088522196198635e-16,
    "f8": 2.0533156905930014e-157,
    "g8": 2.247490882149562e-158,
    "h8": 2.4600285715863866e-159,
    "t8": 2.6926652388610825e-160,
    "alpha_8": 0.1094566652583501,
    "beta_8": 0.1094566652583502,
    "gamma_8": 0.10945666525835011,
    "epsilon_8": 7.123931074678088e-16,
    "epsilon_prime_8": -6.106226635438361e-16,
    "f9": 0.0,
    "g9": 0.0,
    "h9": 0.0,
    "t9": 0.0,
    "alpha_9": 0.10945666525835013,
    "beta_9": 0.10945666525835014,
    "gamma_9": 0.1094566652583501,
    "epsilon_9": 1.0177044392397269e-16,
    "epsilon_prime_9": -3.0531133177191805e-16,
    "f10": 0.0,
    "g10": 0.0,
    "h10": 0.0,
    "t10": 0.0,
    "alpha_10": NaN,
    "beta_10": NaN,
    "gamma_10": NaN,
    "epsilon_10": NaN,
    "epsilon_prime_10": NaN,
    "f11": 0.0,
    "g11": 0.0,
    "h11": 0.0,
    "t11": 0.0,
    "alpha_11": NaN,
    "beta_11": NaN,
    "gamma_11": NaN,
    "epsilon_11": NaN,
    "epsilon_prime_11": NaN,
    "f12": 0.0,
    "g12": 0.0,
    "h12": 0.0,
    "t12": 0.0,
    "alpha_12": NaN,
    "beta_12": NaN,
    "gamma_12": NaN,
    "epsilon_12": NaN,
    "epsilon_prime_12": NaN,
    "f13": 0.0,
    "g13": 0.0,
    "h13": 0.0,
    "t13": 0.0,
    "alpha_13": NaN,
    "beta_13": NaN,
    "gamma_13": NaN,
    "epsilon_13": NaN,
    "epsilon_prime_13": NaN,
    "f14": 0.0,
    "g14": 0.0,
    "h14": 0.0,
    "t14": 0.0,
    "alpha_14": NaN,
    "beta_14": NaN,
    "gamma_14": NaN,
    "epsilon_14": NaN,
    "epsilon_prime_14": NaN,
    "f15": 0.0,
    "g15": 0.0,
    "h15": 0.0,
    "t15": 0.0,
    "alpha_15": NaN,
    "beta_15": NaN,
    "gamma_15": NaN,
    "epsilon_15": NaN,
    "epsilon_prime_15": NaN,
    "f16": 0.0,
    "g16": 0.0,
    "h16": 0.0,
    "t16": 0.0,
    "alpha_16": NaN,
    "beta_16": NaN,
    "gamma_16": NaN,
    "epsilon_16": NaN,
    "epsilon_prime_16": NaN,
    "f17": 0.0,
    "g17": 0.0,
    "h17": 0.0,
    "t17": 0.0,
    "alpha_17": NaN,
    "beta_17": NaN,
    "gamma_17": NaN,
    "epsilon_17": NaN,
    "epsilon_prime_17": NaN,
    "f18": 0.0,
    "g18": 0.0,
    "h18": 0.0,
    "t18": 0.0,
    "alpha_18": NaN,
    "beta_18": NaN,
    "gamma_18": NaN,
    "epsilon_18": NaN,
    "epsilon_prime_18": NaN,
    "f19": 0.0,
    "g19": 0.0,
    "h19": 0.0,
    "t19": 0.0,
    "alpha_19": NaN,
    "beta_19": NaN,
    "gamma_19": NaN,
    "epsilon_19": NaN,
    "epsilon_prime_19": NaN,
    "f20": 0.0,
    "g20": 0.0,
    "h20": 0.0,
    "t20": 0.0,
    "alpha_20": NaN,
    "beta_20": NaN,
    "gamma_20": NaN,
    "epsilon_20": NaN,
    "epsilon_prime_20": NaN
}