{
    "f1": 0.4459468107588567,
    "g1": 0.0980821431287808,
    "h1": 0.017654785763180546,
    "t1": 0.0016049805239255039,
    "alpha_1": 0.21994134897360704,
    "epsilon_1": 0.0,
    "beta_1": 0.18000000000000002,
    "gamma_1": 0.0909090909090909,
    "epsilon_prime_1": 0.6533333333333337,
    "f2": 0.26138135613508523,
    "g2": 0.05411294569105695,
    "h2": 0.011190737317559029,
    "t2": 0.002311749772338743,
    "alpha_2": 0.20702679981157757,
    "epsilon_2": 0.0,
    "beta_2": 0.20680332912293262,
    "gamma_2": 0.2065770741228507,
    "epsilon_prime_2": 0.0016592033339340453,
    "f3": 0.050488362958854914,
    "g3": 0.010449137855369273,
    "h3": 0.0021625672290501597,
    "t3": 0.0004475677292851185,
    "alpha_3": 0.20696131233022377,
    "epsilon_3": 0.0,
    "beta_3": 0.2069613071416153,
    "gamma_3": 0.20696130195300272,
    "epsilon_prime_3": 3.804982569762435e-08,
    "f4": 0.00036379003506760356,
    "g4": 7.529046251766926e-05,
    "h4": 1.5582212814243652e-05,
    "t4": 3.2249151893760405e-06,
    "alpha_4": 0.2069613108112704,
    "epsilon_4": 0.0,
    "beta_4": 0.20696131081127042,
    "gamma_4": 0.20696131081127037,
    "epsilon_prime_4": 4.0708177569589076e-16,
    "f5": 1.360909747738947e-10,
    "g5": 2.816556652878877e-11,
    "h5": 5.82918256854017e-12,
    "t5": 1.206415265343281e-12,
    "alpha_5": 0.2069613108112703,
    "epsilon_5": 0.0,
    "beta_5": 0.20696131081127053,
    "gamma_5": 0.20696131081127028,
    "epsilon_prime_5": 1.8318679906315083e-15
}