{
    "f0": 0.681472,
    "g0": 0.092928,
    "h0": 0,
    "t0": 0,
    "f1": 2.1274907759193193,
    "g1": 0.126355565563786,
    "h1": 0.006065067147061728,
    "t1": 0.0008270546109629629,
    "alpha_1": 0.13636363636363635,
    "beta_1": 0.0,
    "gamma_1": 9999,
    "epsilon_1": -1.0,
    "epsilon_prime_1": 73326.0,
    "f2": 23.478670864959376,
    "g2": 1.385655606190741,
    "h2": 0.08195801034216355,
    "t2": 0.004989458242532012,
    "alpha_2": 0.05939182768451061,
    "beta_2": 0.048,
    "gamma_2": 0.13636363636363635,
    "epsilon_2": -0.08354006968641113,
    "epsilon_prime_2": 0.648,
    "f3": 32456.433046569007,
    "g3": 1921.0906447771374,
    "h3": 113.71083786946765,
    "t3": 6.730742309964468,
    "alpha_3": 0.05901763409694352,
    "beta_3": 0.05914746057822516,
    "gamma_3": 0.060878225590173585,
    "epsilon_3": 0.0009520608627320201,
    "epsilon_prime_3": 0.012692276754288441,
    "f4": 86088729774436.86,
    "g4": 5095619026113.751,
    "h4": 301611294865.2679,
    "t4": 17852467527.222645,
    "alpha_4": 0.059189826621450545,
    "beta_4": 0.059190771751771794,
    "gamma_4": 0.05919173964482528,
    "epsilon_4": 6.930955689159654e-06,
    "epsilon_prime_4": 7.097882392207803e-06,
    "f5": 1.6065231498246704e+42,
    "g5": 9.509061116124988e+40,
    "h5": 5.62844322038363e+39,
    "t5": 3.331493267128356e+38,
    "alpha_5": 0.05919031491653907,
    "beta_5": 0.05919031491946057,
    "gamma_5": 0.059190314922382074,
    "epsilon_5": 2.1424357658320996e-11,
    "epsilon_prime_5": 2.1424357658320996e-11,
    "f6": 1.0440205628316992e+127,
    "g6": 6.179590589492159e+125,
    "h6": 3.6577191305662073e+124,
    "t6": 2.1650154721996714e+123,
    "alpha_6": 0.05919031491804379,
    "beta_6": 0.05919031491804379,
    "gamma_6": 0.05919031491804379,
    "epsilon_6": 0.0,
    "epsilon_prime_6": 0.0,
    "f7": Infinity,
    "g7": Infinity,
    "h7": Infinity,
    "t7": Infinity,
    "alpha_7": 0.05919031491804378,
    "beta_7": 0.05919031491804379,
    "gamma_7": 0.05919031491804379,
    "epsilon_7": 5.0885221961986346e-17,
    "epsilon_prime_7": 0.0,
    "f8": Infinity,
    "g8": Infinity,
    "h8": Infinity,
    "t8": Infinity,
    "alpha_8": NaN,
    "beta_8": NaN,
    "gamma_8": NaN,
    "epsilon_8": NaN,
    "epsilon_prime_8": NaN,
    "f9": Infinity,
    "g9": Infinity,
    "h9": Infinity,
    "t9": Infinity,
    "alpha_9": NaN,
    "beta_9": NaN,
    "gamma_9": NaN,
    "epsilon_9": NaN,
    "epsilon_prime_9": NaN,
    "f10": Infinity,
    "g10": Infinity,
    "h10": Infinity,
    "t10": Infinity,
    "alpha_10": NaN,
    "beta_10": NaN,
    "gamma_10": NaN,
    "epsilon_10": NaN,
    "epsilon_prime_10": NaN,
    "f11": Infinity,
    "g11": Infinity,
    "h11": Infinity,
    "t11": Infinity,
    "alpha_11": NaN,
    "beta_11": NaN,
    "gamma_11": NaN,
    "epsilon_11": NaN,
    "epsilon_prime_11": NaN,
    "f12": Infinity,
    "g12": Infinity,
    "h12": Infinity,
    "t12": Infinity,
    "alpha_12": NaN,
    "beta_12": NaN,
    "gamma_12": NaN,
    "epsilon_12": NaN,
    "epsilon_prime_12": NaN,
    "f13": Infinity,
    "g13": Infinity,
    "h13": Infinity,
    "t13": Infinity,
    "alpha_13": NaN,
    "beta_13": NaN,
    "gamma_13": NaN,
    "epsilon_13": NaN,
    "epsilon_prime_13": NaN,
    "f14": Infinity,
    "g14": Infinity,
    "h14": Infinity,
    "t14": Infinity,
    "alpha_14": NaN,
    "beta_14": NaN,
    "gamma_14": NaN,
    "epsilon_14": NaN,
    "epsilon_prime_14": NaN,
    "f15": Infinity,
    "g15": Infinity,
    "h15": Infinity,
    "t15": Infinity,
    "alpha_15": NaN,
    "beta_15": NaN,
    "gamma_15": NaN,
    "epsilon_15": NaN,
    "epsilon_prime_15": NaN,
    "f16": Infinity,
    "g16": Infinity,
    "h16": Infinity,
    "t16": Infinity,
    "alpha_16": NaN,
    "beta_16": NaN,
    "gamma_16": NaN,
    "epsilon_16": NaN,
    "epsilon_prime_16": NaN,
    "f17": Infinity,
    "g17": Infinity,
    "h17": Infinity,
    "t17": Infinity,
    "alpha_17": NaN,
    "beta_17": NaN,
    "gamma_17": NaN,
    "epsilon_17": NaN,
    "epsilon_prime_17": NaN,
    "f18": Infinity,
    "g18": Infinity,
    "h18": Infinity,
    "t18": Infinity,
    "alpha_18": NaN,
    "beta_18": NaN,
    "gamma_18": NaN,
    "epsilon_18": NaN,
    "epsilon_prime_18": NaN,
    "f19": Infinity,
    "g19": Infinity,
    "h19": Infinity,
    "t19": Infinity,
    "alpha_19": NaN,
    "beta_19": NaN,
    "gamma_19": NaN,
    "epsilon_19": NaN,
    "epsilon_prime_19": NaN,
    "f20": Infinity,
    "g20": Infinity,
    "h20": Infinity,
    "t20": Infinity,
    "alpha_20": NaN,
    "beta_20": NaN,
    "gamma_20": NaN,
    "epsilon_20": NaN,
    "epsilon_prime_20": NaN
}