{
    "f0": 0.681472,
    "g0": 0.092928,
    "h0": 0,
    "t0": 0,
    "f1": 0.6299845775023144,
    "g1": 0.06910332811345919,
    "h1": 0.007489909111652352,
    "t1": 0.0008024902619627519,
    "beta_1": 0.10838709677419356,
    "alpha_1": 0.1096905076429515,
    "epsilon_1": -0.009558346370891601,
    "gamma_1": 0.10714285714285714,
    "epsilon_prime_1": -0.00912442396313376,
    "f2": 0.45319253119312125,
    "g2": 0.04960495328797173,
    "h2": 0.005429587715401705,
    "t2": 0.0005943033381136304,
    "beta_2": 0.10945656341779639,
    "alpha_2": 0.10945668755258749,
    "epsilon_2": -9.103218013932028e-07,
    "gamma_2": 0.10945643928503349,
    "epsilon_prime_2": -9.103069279481347e-07,
    "f3": 0.16856474483388786,
    "g3": 0.018450534849642097,
    "h3": 0.002019534016874781,
    "t3": 0.0002210514588629099,
    "beta_3": 0.10945666525834918,
    "alpha_3": 0.10945666525835031,
    "epsilon_3": -8.243405957841787e-15,
    "gamma_3": 0.10945666525834803,
    "epsilon_prime_3": -8.446946845689734e-15,
    "f4": 0.00867398611299886,
    "g4": 0.0009494255944260936,
    "h4": 0.000103920959476807,
    "t4": 1.137484167477943e-05,
    "beta_4": 0.10945666525835011,
    "alpha_4": 0.1094566652583501,
    "epsilon_4": 1.0177044392397269e-16,
    "gamma_4": 0.1094566652583501,
    "epsilon_prime_4": -1.0177044392397269e-16,
    "f5": 1.181883440094011e-06,
    "g5": 1.293650200767575e-07,
    "h5": 1.4159863698681382e-08,
    "t5": 1.549891460970431e-09,
    "beta_5": 0.10945666525835006,
    "alpha_5": 0.10945666525835016,
    "epsilon_5": -7.123931074678088e-16,
    "gamma_5": 0.10945666525835009,
    "epsilon_prime_5": 2.0354088784794538e-16
}