{
    "f0": 0.658503,
    "g0": 0.09839700000000001,
    "h0": 0,
    "t0": 0,
    "f1": 2.245801702540476,
    "g1": 0.14117557257993993,
    "h1": 0.006570764304029302,
    "t1": 0.0009818383442802409,
    "alpha_1": 0.14942528735632188,
    "beta_1": 0.0,
    "gamma_1": 9999,
    "epsilon_1": -1.0000000000000002,
    "epsilon_prime_1": 66916.38461538461,
    "f2": 29.6265034894642,
    "g2": 1.8092202593043043,
    "h2": 0.11034636294454855,
    "t2": 0.006996604089555929,
    "alpha_2": 0.06286199374603757,
    "beta_2": 0.04654320987654321,
    "gamma_2": 0.14942528735632188,
    "epsilon_2": -0.10921032281892379,
    "epsilon_prime_2": 0.6885185185185188,
    "f3": 68772.38000712947,
    "g3": 4209.366149455681,
    "h3": 257.6483769505372,
    "t3": 15.770540962574247,
    "alpha_3": 0.061067626827705154,
    "beta_3": 0.060991116132526516,
    "gamma_3": 0.06340584232098229,
    "epsilon_3": -0.000512033113887813,
    "epsilon_prime_3": 0.016160090645819386,
    "f4": 863659224847189.4,
    "g4": 52862713977072.664,
    "h4": 3235612436967.1084,
    "t4": 198044842107.95447,
    "alpha_4": 0.06120721936654375,
    "beta_4": 0.061208354845504256,
    "gamma_4": 0.06120954903434862,
    "epsilon_4": 7.598974581871087e-06,
    "epsilon_prime_4": 7.991879189223487e-06,
    "f5": 1.7105385206765175e+45,
    "g5": 1.0469836478004797e+44,
    "h5": 6.408360557282639e+42,
    "t5": 3.922418952617862e+41,
    "alpha_5": 0.0612078380641692,
    "beta_5": 0.0612078380684435,
    "gamma_5": 0.061207838072717756,
    "epsilon_5": 2.8604951740618386e-11,
    "epsilon_prime_5": 2.8604626680127043e-11,
    "f6": 1.328936368411373e+136,
    "g6": 8.134132203838199e+134,
    "h6": 4.978726467438849e+133,
    "t6": 3.047370833963051e+132,
    "alpha_6": 0.06120783806648201,
    "beta_6": 0.06120783806648201,
    "gamma_6": 0.06120783806648202,
    "epsilon_6": 0.0,
    "epsilon_prime_6": 9.287442609845059e-17,
    "f7": Infinity,
    "g7": Infinity,
    "h7": Infinity,
    "t7": Infinity,
    "alpha_7": 0.061207838066482,
    "beta_7": 0.061207838066482015,
    "gamma_7": 0.061207838066482,
    "epsilon_7": 9.287442609845059e-17,
    "epsilon_prime_7": -9.287442609845059e-17,
    "f8": Infinity,
    "g8": Infinity,
    "h8": Infinity,
    "t8": Infinity,
    "alpha_8": NaN,
    "beta_8": NaN,
    "gamma_8": NaN,
    "epsilon_8": NaN,
    "epsilon_prime_8": NaN,
    "f9": Infinity,
    "g9": Infinity,
    "h9": Infinity,
    "t9": Infinity,
    "alpha_9": NaN,
    "beta_9": NaN,
    "gamma_9": NaN,
    "epsilon_9": NaN,
    "epsilon_prime_9": NaN,
    "f10": Infinity,
    "g10": Infinity,
    "h10": Infinity,
    "t10": Infinity,
    "alpha_10": NaN,
    "beta_10": NaN,
    "gamma_10": NaN,
    "epsilon_10": NaN,
    "epsilon_prime_10": NaN,
    "f11": Infinity,
    "g11": Infinity,
    "h11": Infinity,
    "t11": Infinity,
    "alpha_11": NaN,
    "beta_11": NaN,
    "gamma_11": NaN,
    "epsilon_11": NaN,
    "epsilon_prime_11": NaN,
    "f12": Infinity,
    "g12": Infinity,
    "h12": Infinity,
    "t12": Infinity,
    "alpha_12": NaN,
    "beta_12": NaN,
    "gamma_12": NaN,
    "epsilon_12": NaN,
    "epsilon_prime_12": NaN,
    "f13": Infinity,
    "g13": Infinity,
    "h13": Infinity,
    "t13": Infinity,
    "alpha_13": NaN,
    "beta_13": NaN,
    "gamma_13": NaN,
    "epsilon_13": NaN,
    "epsilon_prime_13": NaN,
    "f14": Infinity,
    "g14": Infinity,
    "h14": Infinity,
    "t14": Infinity,
    "alpha_14": NaN,
    "beta_14": NaN,
    "gamma_14": NaN,
    "epsilon_14": NaN,
    "epsilon_prime_14": NaN,
    "f15": Infinity,
    "g15": Infinity,
    "h15": Infinity,
    "t15": Infinity,
    "alpha_15": NaN,
    "beta_15": NaN,
    "gamma_15": NaN,
    "epsilon_15": NaN,
    "epsilon_prime_15": NaN,
    "f16": Infinity,
    "g16": Infinity,
    "h16": Infinity,
    "t16": Infinity,
    "alpha_16": NaN,
    "beta_16": NaN,
    "gamma_16": NaN,
    "epsilon_16": NaN,
    "epsilon_prime_16": NaN,
    "f17": Infinity,
    "g17": Infinity,
    "h17": Infinity,
    "t17": Infinity,
    "alpha_17": NaN,
    "beta_17": NaN,
    "gamma_17": NaN,
    "epsilon_17": NaN,
    "epsilon_prime_17": NaN,
    "f18": Infinity,
    "g18": Infinity,
    "h18": Infinity,
    "t18": Infinity,
    "alpha_18": NaN,
    "beta_18": NaN,
    "gamma_18": NaN,
    "epsilon_18": NaN,
    "epsilon_prime_18": NaN,
    "f19": Infinity,
    "g19": Infinity,
    "h19": Infinity,
    "t19": Infinity,
    "alpha_19": NaN,
    "beta_19": NaN,
    "gamma_19": NaN,
    "epsilon_19": NaN,
    "epsilon_prime_19": NaN,
    "f20": Infinity,
    "g20": Infinity,
    "h20": Infinity,
    "t20": Infinity,
    "alpha_20": NaN,
    "beta_20": NaN,
    "gamma_20": NaN,
    "epsilon_20": NaN,
    "epsilon_prime_20": NaN
}