{
    "f0": 0.658503,
    "g0": 0.09839700000000001,
    "h0": 0,
    "t0": 0,
    "f1": 0.6008350658752765,
    "g1": 0.0710279717252742,
    "h1": 0.008280959560668875,
    "t1": 0.0009526767636167734,
    "alpha_1": 0.14942528735632188,
    "beta_1": 0.0,
    "gamma_1": 9999,
    "epsilon_1": -1.0000000000000002,
    "epsilon_prime_1": 66916.38461538461,
    "f2": 0.4098370764974735,
    "g2": 0.048321919260786064,
    "h2": 0.005697395386180008,
    "t2": 0.0006717501892855021,
    "alpha_2": 0.11821542343205788,
    "beta_2": 0.11658730158730163,
    "gamma_2": 0.11504424778761063,
    "epsilon_2": -0.010895892345676424,
    "epsilon_prime_2": -0.010326590813316668,
    "f3": 0.1299239557700885,
    "g3": 0.015318703949176903,
    "h3": 0.0018061541406403708,
    "t3": 0.00021295488120765926,
    "alpha_3": 0.11790519216502354,
    "beta_3": 0.11790498956450861,
    "gamma_3": 0.11790478696896223,
    "epsilon_3": -1.3558649845592987e-06,
    "epsilon_prime_3": -1.355831733471518e-06,
    "f4": 0.00413926416863919,
    "g4": 0.00048804057720521876,
    "h4": 5.754249917252985e-05,
    "t4": 6.784557198055027e-06,
    "alpha_4": 0.11790515350598356,
    "beta_4": 0.1179051535059804,
    "gamma_4": 0.1179051535059772,
    "epsilon_4": -2.1175369150446732e-14,
    "epsilon_prime_4": -2.1361118002643634e-14,
    "f5": 1.3385200199883716e-07,
    "g5": 1.5781840842756037e-08,
    "h5": 1.8607603671721421e-09,
    "t5": 2.1939323672928072e-10,
    "alpha_5": 0.11790515350598298,
    "beta_5": 0.11790515350598296,
    "gamma_5": 0.11790515350598292,
    "epsilon_5": -9.287442609845059e-17,
    "epsilon_prime_5": -2.7862327829535173e-16,
    "f6": 4.526161569244514e-21,
    "g6": 5.336577746146553e-22,
    "h6": 6.292100183560216e-23,
    "t6": 7.418710380176914e-24,
    "alpha_6": 0.11790515350598299,
    "beta_6": 0.11790515350598296,
    "gamma_6": 0.117905153505983,
    "epsilon_6": -1.8574885219690117e-16,
    "epsilon_prime_6": 2.7862327829535173e-16,
    "f7": 1.7500304183460316e-61,
    "g7": 2.0633760511522838e-62,
    "h7": 2.4328267005167907e-63,
    "t7": 2.868428055778863e-64,
    "alpha_7": 0.11790515350598299,
    "beta_7": 0.1179051535059829,
    "gamma_7": 0.11790515350598306,
    "epsilon_7": -6.501209826891541e-16,
    "epsilon_prime_7": 1.114493113181407e-15,
    "f8": 1.0115613598226185e-182,
    "g8": 1.1926829741060666e-183,
    "h8": 1.4062346914594807e-184,
    "t8": 1.658023171619687e-185,
    "alpha_8": 0.11790515350598293,
    "beta_8": 0.117905153505983,
    "gamma_8": 0.11790515350598299,
    "epsilon_8": 4.64372130492253e-16,
    "epsilon_prime_8": -9.287442609845059e-17,
    "f9": 0.0,
    "g9": 0.0,
    "h9": 0.0,
    "t9": 0.0,
    "alpha_9": 0.11790515350598292,
    "beta_9": 0.11790515350598295,
    "gamma_9": 0.117905153505983,
    "epsilon_9": 1.8574885219690117e-16,
    "epsilon_prime_9": 3.7149770439380234e-16,
    "f10": 0.0,
    "g10": 0.0,
    "h10": 0.0,
    "t10": 0.0,
    "alpha_10": NaN,
    "beta_10": NaN,
    "gamma_10": NaN,
    "epsilon_10": NaN,
    "epsilon_prime_10": NaN,
    "f11": 0.0,
    "g11": 0.0,
    "h11": 0.0,
    "t11": 0.0,
    "alpha_11": NaN,
    "beta_11": NaN,
    "gamma_11": NaN,
    "epsilon_11": NaN,
    "epsilon_prime_11": NaN,
    "f12": 0.0,
    "g12": 0.0,
    "h12": 0.0,
    "t12": 0.0,
    "alpha_12": NaN,
    "beta_12": NaN,
    "gamma_12": NaN,
    "epsilon_12": NaN,
    "epsilon_prime_12": NaN,
    "f13": 0.0,
    "g13": 0.0,
    "h13": 0.0,
    "t13": 0.0,
    "alpha_13": NaN,
    "beta_13": NaN,
    "gamma_13": NaN,
    "epsilon_13": NaN,
    "epsilon_prime_13": NaN,
    "f14": 0.0,
    "g14": 0.0,
    "h14": 0.0,
    "t14": 0.0,
    "alpha_14": NaN,
    "beta_14": NaN,
    "gamma_14": NaN,
    "epsilon_14": NaN,
    "epsilon_prime_14": NaN,
    "f15": 0.0,
    "g15": 0.0,
    "h15": 0.0,
    "t15": 0.0,
    "alpha_15": NaN,
    "beta_15": NaN,
    "gamma_15": NaN,
    "epsilon_15": NaN,
    "epsilon_prime_15": NaN,
    "f16": 0.0,
    "g16": 0.0,
    "h16": 0.0,
    "t16": 0.0,
    "alpha_16": NaN,
    "beta_16": NaN,
    "gamma_16": NaN,
    "epsilon_16": NaN,
    "epsilon_prime_16": NaN,
    "f17": 0.0,
    "g17": 0.0,
    "h17": 0.0,
    "t17": 0.0,
    "alpha_17": NaN,
    "beta_17": NaN,
    "gamma_17": NaN,
    "epsilon_17": NaN,
    "epsilon_prime_17": NaN,
    "f18": 0.0,
    "g18": 0.0,
    "h18": 0.0,
    "t18": 0.0,
    "alpha_18": NaN,
    "beta_18": NaN,
    "gamma_18": NaN,
    "epsilon_18": NaN,
    "epsilon_prime_18": NaN,
    "f19": 0.0,
    "g19": 0.0,
    "h19": 0.0,
    "t19": 0.0,
    "alpha_19": NaN,
    "beta_19": NaN,
    "gamma_19": NaN,
    "epsilon_19": NaN,
    "epsilon_prime_19": NaN,
    "f20": 0.0,
    "g20": 0.0,
    "h20": 0.0,
    "t20": 0.0,
    "alpha_20": NaN,
    "beta_20": NaN,
    "gamma_20": NaN,
    "epsilon_20": NaN,
    "epsilon_prime_20": NaN
}