{
    "f1": 0.41354670614507727,
    "g1": 0.09808624666823582,
    "h1": 0.019126818100305983,
    "t1": 0.0019053535272335461,
    "alpha_1": 0.2371829958036855,
    "epsilon_1": 0.0,
    "beta_1": 0.19499999999999998,
    "gamma_1": 0.09961685823754789,
    "epsilon_prime_1": 0.6383333333333332,
    "f2": 0.22353785320369157,
    "g2": 0.049788635196513976,
    "h2": 0.01107634237239125,
    "t2": 0.0024611700825722537,
    "alpha_2": 0.22273021988426142,
    "epsilon_2": 0.0,
    "beta_2": 0.22246728251684986,
    "gamma_2": 0.22220061459159435,
    "epsilon_prime_2": 0.0017846238074791774,
    "f3": 0.03373147534151023,
    "g3": 0.007510282958669587,
    "h3": 0.001672157759875349,
    "t3": 0.00037230441201129363,
    "alpha_3": 0.2226491098486692,
    "epsilon_3": 0.0,
    "beta_3": 0.22264910244760794,
    "gamma_3": 0.2226490950465386,
    "epsilon_prime_3": 4.953023328018852e-08,
    "f4": 0.00011587197574787638,
    "g4": 2.579879199245111e-05,
    "h4": 5.744078013461834e-06,
    "t4": 1.278913843500503e-06,
    "alpha_4": 0.22264910756839262,
    "epsilon_4": 0.0,
    "beta_4": 0.22264910756839265,
    "gamma_4": 0.22264910756839262,
    "epsilon_prime_4": 1.8574885219690117e-16,
    "f5": 4.6968602213515616e-12,
    "g5": 1.045751736657408e-12,
    "h5": 2.3283569090486875e-13,
    "t5": 5.184065879003913e-14,
    "alpha_5": 0.22264910756839257,
    "epsilon_5": 0.0,
    "beta_5": 0.22264910756839273,
    "gamma_5": 0.22264910756839257,
    "epsilon_prime_5": 1.114493113181407e-15
}