{
    "f0": 0.658503,
    "g0": 0.09839700000000001,
    "h0": 0,
    "t0": 0,
    "f1": 0.6008350658752765,
    "g1": 0.0710279717252742,
    "h1": 0.008280959560668875,
    "t1": 0.0009526767636167734,
    "beta_1": 0.11658730158730163,
    "alpha_1": 0.11821542343205788,
    "epsilon_1": -0.010895892345676424,
    "gamma_1": 0.11504424778761063,
    "epsilon_prime_1": -0.010326590813316668,
    "f2": 0.4098370764974735,
    "g2": 0.048321919260786064,
    "h2": 0.005697395386180008,
    "t2": 0.0006717501892855021,
    "beta_2": 0.11790498956450861,
    "alpha_2": 0.11790519216502354,
    "epsilon_2": -1.3558649845592987e-06,
    "gamma_2": 0.11790478696896223,
    "epsilon_prime_2": -1.355831733471518e-06,
    "f3": 0.1299239557700885,
    "g3": 0.015318703949176903,
    "h3": 0.0018061541406403708,
    "t3": 0.00021295488120765926,
    "beta_3": 0.1179051535059804,
    "alpha_3": 0.11790515350598356,
    "epsilon_3": -2.1175369150446732e-14,
    "gamma_3": 0.1179051535059772,
    "epsilon_prime_3": -2.1361118002643634e-14,
    "f4": 0.00413926416863919,
    "g4": 0.00048804057720521876,
    "h4": 5.754249917252985e-05,
    "t4": 6.784557198055027e-06,
    "beta_4": 0.11790515350598296,
    "alpha_4": 0.11790515350598298,
    "epsilon_4": -9.287442609845059e-17,
    "gamma_4": 0.11790515350598292,
    "epsilon_prime_4": -2.7862327829535173e-16,
    "f5": 1.3385200199883716e-07,
    "g5": 1.5781840842756037e-08,
    "h5": 1.8607603671721421e-09,
    "t5": 2.1939323672928072e-10,
    "beta_5": 0.11790515350598296,
    "alpha_5": 0.11790515350598299,
    "epsilon_5": -1.8574885219690117e-16,
    "gamma_5": 0.117905153505983,
    "epsilon_prime_5": 2.7862327829535173e-16
}