{
    "f1": 0.38299894669642953,
    "g1": 0.0974197902207488,
    "h1": 0.020458155946357248,
    "t1": 0.0022202649864263685,
    "alpha_1": 0.2543604651162791,
    "epsilon_1": 0.0,
    "beta_1": 0.21,
    "gamma_1": 0.10852713178294576,
    "epsilon_prime_1": 0.6233333333333331,
    "f2": 0.19006950925497437,
    "g2": 0.04530081210600586,
    "h2": 0.010783091239657483,
    "t2": 0.002563390377272146,
    "alpha_2": 0.23833813368369222,
    "epsilon_2": 0.0,
    "beta_2": 0.2380330669221687,
    "gamma_2": 0.23772314638724787,
    "epsilon_prime_2": 0.0019037975716564726,
    "f3": 0.02210801751547925,
    "g3": 0.005267004023784409,
    "h3": 0.0012548085859254215,
    "t3": 0.0002989450003531323,
    "alpha_3": 0.23823954454969287,
    "epsilon_3": 0.0,
    "beta_3": 0.23823953432711176,
    "gamma_3": 0.23823952410451538,
    "epsilon_prime_3": 6.279594919452894e-08,
    "f4": 3.478013794908159e-05,
    "g4": 8.286004109626373e-06,
    "h4": 1.9740538178790677e-06,
    "t4": 4.7029767597576507e-07,
    "alpha_4": 0.238239541250732,
    "epsilon_4": 0.0,
    "beta_4": 0.23823954125073207,
    "gamma_4": 0.23823954125073196,
    "epsilon_prime_4": 6.819941436983104e-16,
    "f5": 1.354178132794284e-13,
    "g5": 3.226187771286831e-14,
    "h5": 7.68605494620096e-15,
    "t5": 1.831122204410837e-15,
    "alpha_5": 0.23823954125073205,
    "epsilon_5": 0.0,
    "beta_5": 0.23823954125073196,
    "gamma_5": 0.23823954125073207,
    "epsilon_prime_5": -6.819941436983104e-16
}