{
    "f0": 0.636056,
    "g0": 0.103544,
    "h0": 0,
    "t0": 0,
    "f1": 0.5722652089066936,
    "g1": 0.07249844853637119,
    "h1": 0.009039650301878782,
    "t1": 0.0011101324932131838,
    "beta_1": 0.12468749999999999,
    "alpha_1": 0.12668680081893965,
    "epsilon_1": -0.012281419316343635,
    "gamma_1": 0.12280701754385966,
    "epsilon_prime_1": -0.01155153508771921,
    "f2": 0.36882771252817415,
    "g2": 0.04657716628639173,
    "h2": 0.005881952154958557,
    "t2": 0.000742794738887816,
    "beta_2": 0.1262840276454745,
    "alpha_2": 0.1262843455203594,
    "epsilon_2": -1.9526600071595457e-06,
    "gamma_2": 0.12628370978190143,
    "epsilon_prime_2": -1.9525905203107307e-06,
    "f3": 0.09859962378208247,
    "g3": 0.01245158263799779,
    "h3": 0.0015724391660311,
    "t3": 0.00019857435016517791,
    "beta_3": 0.12628428142399958,
    "alpha_3": 0.12628428142400774,
    "epsilon_3": -5.012656956182581e-14,
    "gamma_3": 0.12628428142399148,
    "epsilon_prime_3": -4.978557248997666e-14,
    "f4": 0.0018837804961152926,
    "g4": 0.00023789186631247743,
    "h4": 3.0042003393886935e-05,
    "t4": 3.793832811134565e-06,
    "beta_4": 0.1262842814240061,
    "alpha_4": 0.1262842814240061,
    "epsilon_4": 0.0,
    "gamma_4": 0.12628428142400613,
    "epsilon_prime_4": 1.704985359245776e-16,
    "f5": 1.3136976129560159e-08,
    "g5": 1.6589935906058252e-09,
    "h5": 2.0950481347668837e-10,
    "t5": 2.6457164824774024e-11,
    "beta_5": 0.12628428142400608,
    "alpha_5": 0.12628428142400608,
    "epsilon_5": 0.0,
    "gamma_5": 0.1262842814240061,
    "epsilon_prime_5": 1.704985359245776e-16
}