{
    "f0": 0.636056,
    "g0": 0.103544,
    "h0": 0,
    "t0": 0,
    "f1": 2.352558186704336,
    "g1": 0.1564400526260742,
    "h1": 0.007028127737380348,
    "t1": 0.00114411381771308,
    "alpha_1": 0.16279069767441862,
    "beta_1": 0.0,
    "gamma_1": 9999,
    "epsilon_1": -1.0,
    "epsilon_prime_1": 61422.428571428565,
    "f2": 36.60151172807945,
    "g2": 2.306237125938356,
    "h2": 0.1444121568254937,
    "t2": 0.009521241605635687,
    "alpha_2": 0.06649784626378519,
    "beta_2": 0.04492537313432836,
    "gamma_2": 0.16279069767441862,
    "epsilon_2": -0.13251662065237765,
    "epsilon_prime_2": 0.7240298507462687,
    "f3": 136409.89919214,
    "g3": 8604.951156241073,
    "h3": 542.8253508225702,
    "t3": 34.243809818229025,
    "alpha_3": 0.06300934079094575,
    "beta_3": 0.0626180869266579,
    "gamma_3": 0.06593102557938434,
    "epsilon_3": -0.0024034165949110404,
    "epsilon_prime_3": 0.020350908866748067,
    "f4": 7085575594210994.0,
    "g4": 446974694508046.8,
    "h4": 28196210017591.633,
    "t4": 1778682930379.5305,
    "alpha_4": 0.06308157404412842,
    "beta_4": 0.06308290900975831,
    "gamma_4": 0.06308439678864976,
    "epsilon_4": 8.200503155021489e-06,
    "epsilon_prime_4": 9.13921319030992e-06,
    "f5": 9.930465990702335e+47,
    "g5": 6.264370401165369e+46,
    "h5": 3.951711486624943e+45,
    "t5": 2.4928321081745825e+44,
    "alpha_5": 0.06308234081550564,
    "beta_5": 0.06308234082161003,
    "gamma_5": 0.0630823408277144,
    "epsilon_5": 3.749842500003605e-11,
    "epsilon_prime_5": 3.749825450150013e-11,
    "f6": 2.7337141850597123e+144,
    "g6": 1.7244908992355152e+143,
    "h6": 1.087849226447628e+142,
    "t6": 6.862407566240699e+140,
    "alpha_6": 0.06308234081895607,
    "beta_6": 0.06308234081895607,
    "gamma_6": 0.06308234081895607,
    "epsilon_6": 0.0,
    "epsilon_prime_6": 0.0,
    "f7": Infinity,
    "g7": Infinity,
    "h7": Infinity,
    "t7": Infinity,
    "alpha_7": 0.06308234081895607,
    "beta_7": 0.06308234081895607,
    "gamma_7": 0.06308234081895607,
    "epsilon_7": 0.0,
    "epsilon_prime_7": 0.0,
    "f8": Infinity,
    "g8": Infinity,
    "h8": Infinity,
    "t8": Infinity,
    "alpha_8": NaN,
    "beta_8": NaN,
    "gamma_8": NaN,
    "epsilon_8": NaN,
    "epsilon_prime_8": NaN,
    "f9": Infinity,
    "g9": Infinity,
    "h9": Infinity,
    "t9": Infinity,
    "alpha_9": NaN,
    "beta_9": NaN,
    "gamma_9": NaN,
    "epsilon_9": NaN,
    "epsilon_prime_9": NaN,
    "f10": Infinity,
    "g10": Infinity,
    "h10": Infinity,
    "t10": Infinity,
    "alpha_10": NaN,
    "beta_10": NaN,
    "gamma_10": NaN,
    "epsilon_10": NaN,
    "epsilon_prime_10": NaN,
    "f11": Infinity,
    "g11": Infinity,
    "h11": Infinity,
    "t11": Infinity,
    "alpha_11": NaN,
    "beta_11": NaN,
    "gamma_11": NaN,
    "epsilon_11": NaN,
    "epsilon_prime_11": NaN,
    "f12": Infinity,
    "g12": Infinity,
    "h12": Infinity,
    "t12": Infinity,
    "alpha_12": NaN,
    "beta_12": NaN,
    "gamma_12": NaN,
    "epsilon_12": NaN,
    "epsilon_prime_12": NaN,
    "f13": Infinity,
    "g13": Infinity,
    "h13": Infinity,
    "t13": Infinity,
    "alpha_13": NaN,
    "beta_13": NaN,
    "gamma_13": NaN,
    "epsilon_13": NaN,
    "epsilon_prime_13": NaN,
    "f14": Infinity,
    "g14": Infinity,
    "h14": Infinity,
    "t14": Infinity,
    "alpha_14": NaN,
    "beta_14": NaN,
    "gamma_14": NaN,
    "epsilon_14": NaN,
    "epsilon_prime_14": NaN,
    "f15": Infinity,
    "g15": Infinity,
    "h15": Infinity,
    "t15": Infinity,
    "alpha_15": NaN,
    "beta_15": NaN,
    "gamma_15": NaN,
    "epsilon_15": NaN,
    "epsilon_prime_15": NaN,
    "f16": Infinity,
    "g16": Infinity,
    "h16": Infinity,
    "t16": Infinity,
    "alpha_16": NaN,
    "beta_16": NaN,
    "gamma_16": NaN,
    "epsilon_16": NaN,
    "epsilon_prime_16": NaN,
    "f17": Infinity,
    "g17": Infinity,
    "h17": Infinity,
    "t17": Infinity,
    "alpha_17": NaN,
    "beta_17": NaN,
    "gamma_17": NaN,
    "epsilon_17": NaN,
    "epsilon_prime_17": NaN,
    "f18": Infinity,
    "g18": Infinity,
    "h18": Infinity,
    "t18": Infinity,
    "alpha_18": NaN,
    "beta_18": NaN,
    "gamma_18": NaN,
    "epsilon_18": NaN,
    "epsilon_prime_18": NaN,
    "f19": Infinity,
    "g19": Infinity,
    "h19": Infinity,
    "t19": Infinity,
    "alpha_19": NaN,
    "beta_19": NaN,
    "gamma_19": NaN,
    "epsilon_19": NaN,
    "epsilon_prime_19": NaN,
    "f20": Infinity,
    "g20": Infinity,
    "h20": Infinity,
    "t20": Infinity,
    "alpha_20": NaN,
    "beta_20": NaN,
    "gamma_20": NaN,
    "epsilon_20": NaN,
    "epsilon_prime_20": NaN
}