{
    "f0": 0.636056,
    "g0": 0.103544,
    "h0": 0,
    "t0": 0,
    "f1": 0.5722652089066936,
    "g1": 0.07249844853637119,
    "h1": 0.009039650301878782,
    "t1": 0.0011101324932131838,
    "alpha_1": 0.16279069767441862,
    "beta_1": 0.0,
    "gamma_1": 9999,
    "epsilon_1": -1.0,
    "epsilon_prime_1": 61422.428571428565,
    "f2": 0.36882771252817415,
    "g2": 0.04657716628639173,
    "h2": 0.005881952154958557,
    "t2": 0.000742794738887816,
    "alpha_2": 0.12668680081893965,
    "beta_2": 0.12468749999999999,
    "gamma_2": 0.12280701754385966,
    "epsilon_2": -0.012281419316343635,
    "epsilon_prime_2": -0.01155153508771921,
    "f3": 0.09859962378208247,
    "g3": 0.01245158263799779,
    "h3": 0.0015724391660311,
    "t3": 0.00019857435016517791,
    "alpha_3": 0.1262843455203594,
    "beta_3": 0.1262840276454745,
    "gamma_3": 0.12628370978190143,
    "epsilon_3": -1.9526600071595457e-06,
    "epsilon_prime_3": -1.9525905203107307e-06,
    "f4": 0.0018837804961152926,
    "g4": 0.00023789186631247743,
    "h4": 3.0042003393886935e-05,
    "t4": 3.793832811134565e-06,
    "alpha_4": 0.12628428142400774,
    "beta_4": 0.12628428142399958,
    "gamma_4": 0.12628428142399148,
    "epsilon_4": -5.012656956182581e-14,
    "epsilon_prime_4": -4.978557248997666e-14,
    "f5": 1.3136976129560159e-08,
    "g5": 1.6589935906058252e-09,
    "h5": 2.0950481347668837e-10,
    "t5": 2.6457164824774024e-11,
    "alpha_5": 0.1262842814240061,
    "beta_5": 0.1262842814240061,
    "gamma_5": 0.12628428142400613,
    "epsilon_5": 0.0,
    "epsilon_prime_5": 1.704985359245776e-16,
    "f6": 4.45544159374195e-24,
    "g6": 5.626522400923303e-25,
    "h6": 7.105413383166732e-26,
    "t6": 8.973020233137265e-27,
    "alpha_6": 0.12628428142400608,
    "beta_6": 0.12628428142400608,
    "gamma_6": 0.1262842814240061,
    "epsilon_6": 0.0,
    "epsilon_prime_6": 1.704985359245776e-16,
    "f7": 1.738108114869652e-70,
    "g7": 2.1949573432354767e-71,
    "h7": 2.7718861084683757e-72,
    "t7": 3.5004564539711346e-73,
    "alpha_7": 0.12628428142400602,
    "beta_7": 0.12628428142400616,
    "gamma_7": 0.12628428142400605,
    "epsilon_7": 8.52492679622888e-16,
    "epsilon_prime_7": -6.819941436983104e-16,
    "f8": 1.0318935174914637e-209,
    "g8": 1.3031193136249947e-210,
    "h8": 1.6456348613087635e-211,
    "t8": 2.07817815946671e-212,
    "alpha_8": 0.126284281424006,
    "beta_8": 0.12628428142400605,
    "gamma_8": 0.1262842814240061,
    "epsilon_8": 3.409970718491552e-16,
    "epsilon_prime_8": 3.409970718491552e-16,
    "f9": 0.0,
    "g9": 0.0,
    "h9": 0.0,
    "t9": 0.0,
    "alpha_9": 0.12628428142400602,
    "beta_9": 0.126284281424006,
    "gamma_9": 0.12628428142400602,
    "epsilon_9": -1.704985359245776e-16,
    "epsilon_prime_9": 1.704985359245776e-16,
    "f10": 0.0,
    "g10": 0.0,
    "h10": 0.0,
    "t10": 0.0,
    "alpha_10": NaN,
    "beta_10": NaN,
    "gamma_10": NaN,
    "epsilon_10": NaN,
    "epsilon_prime_10": NaN,
    "f11": 0.0,
    "g11": 0.0,
    "h11": 0.0,
    "t11": 0.0,
    "alpha_11": NaN,
    "beta_11": NaN,
    "gamma_11": NaN,
    "epsilon_11": NaN,
    "epsilon_prime_11": NaN,
    "f12": 0.0,
    "g12": 0.0,
    "h12": 0.0,
    "t12": 0.0,
    "alpha_12": NaN,
    "beta_12": NaN,
    "gamma_12": NaN,
    "epsilon_12": NaN,
    "epsilon_prime_12": NaN,
    "f13": 0.0,
    "g13": 0.0,
    "h13": 0.0,
    "t13": 0.0,
    "alpha_13": NaN,
    "beta_13": NaN,
    "gamma_13": NaN,
    "epsilon_13": NaN,
    "epsilon_prime_13": NaN,
    "f14": 0.0,
    "g14": 0.0,
    "h14": 0.0,
    "t14": 0.0,
    "alpha_14": NaN,
    "beta_14": NaN,
    "gamma_14": NaN,
    "epsilon_14": NaN,
    "epsilon_prime_14": NaN,
    "f15": 0.0,
    "g15": 0.0,
    "h15": 0.0,
    "t15": 0.0,
    "alpha_15": NaN,
    "beta_15": NaN,
    "gamma_15": NaN,
    "epsilon_15": NaN,
    "epsilon_prime_15": NaN,
    "f16": 0.0,
    "g16": 0.0,
    "h16": 0.0,
    "t16": 0.0,
    "alpha_16": NaN,
    "beta_16": NaN,
    "gamma_16": NaN,
    "epsilon_16": NaN,
    "epsilon_prime_16": NaN,
    "f17": 0.0,
    "g17": 0.0,
    "h17": 0.0,
    "t17": 0.0,
    "alpha_17": NaN,
    "beta_17": NaN,
    "gamma_17": NaN,
    "epsilon_17": NaN,
    "epsilon_prime_17": NaN,
    "f18": 0.0,
    "g18": 0.0,
    "h18": 0.0,
    "t18": 0.0,
    "alpha_18": NaN,
    "beta_18": NaN,
    "gamma_18": NaN,
    "epsilon_18": NaN,
    "epsilon_prime_18": NaN,
    "f19": 0.0,
    "g19": 0.0,
    "h19": 0.0,
    "t19": 0.0,
    "alpha_19": NaN,
    "beta_19": NaN,
    "gamma_19": NaN,
    "epsilon_19": NaN,
    "epsilon_prime_19": NaN,
    "f20": 0.0,
    "g20": 0.0,
    "h20": 0.0,
    "t20": 0.0,
    "alpha_20": NaN,
    "beta_20": NaN,
    "gamma_20": NaN,
    "epsilon_20": NaN,
    "epsilon_prime_20": NaN
}