{
    "f1": 0.35423768255078114,
    "g1": 0.09617312648437498,
    "h1": 0.02163895345898437,
    "t1": 0.002545759230468749,
    "alpha_1": 0.2714932126696833,
    "epsilon_1": 0.0,
    "beta_1": 0.225,
    "gamma_1": 0.1176470588235294,
    "epsilon_prime_1": 0.6083333333333335,
    "f2": 0.16069687186051368,
    "g2": 0.04079609553414187,
    "h2": 0.010342629308843358,
    "t2": 0.00261838262006361,
    "alpha_2": 0.25386987974198555,
    "epsilon_2": 0.0,
    "beta_2": 0.2535200776796816,
    "gamma_2": 0.2531641173511642,
    "epsilon_prime_2": 0.002017108528265403,
    "f3": 0.014221667854281249,
    "g3": 0.003608775604756324,
    "h3": 0.0009157337095467399,
    "t3": 0.00023236916705985774,
    "alpha_3": 0.2537519257046879,
    "epsilon_3": 0.0,
    "beta_3": 0.25375191196144575,
    "gamma_3": 0.25375189821817673,
    "epsilon_prime_3": 7.787852446261567e-08,
    "f4": 9.854325050588185e-06,
    "g4": 2.5005539125138148e-06,
    "h4": 6.345203590594903e-07,
    "t4": 1.6101076007444815e-07,
    "alpha_4": 0.2537519210780003,
    "epsilon_4": 0.0,
    "beta_4": 0.25375192107800026,
    "gamma_4": 0.25375192107800026,
    "epsilon_prime_4": 0.0,
    "f5": 3.2783546540432467e-15,
    "g5": 8.318887914384768e-16,
    "h5": 2.1109337895076942e-16,
    "t5": 5.356535043560406e-17,
    "alpha_5": 0.25375192107800026,
    "epsilon_5": 0.0,
    "beta_5": 0.25375192107800026,
    "gamma_5": 0.2537519210780004,
    "epsilon_prime_5": -6.291263806209221e-16
}