{
    "f0": 0.6141249999999999,
    "g0": 0.108375,
    "h0": 0,
    "t0": 0,
    "f1": 2.446537962754425,
    "g1": 0.17199714795548843,
    "h1": 0.007433775038754161,
    "t1": 0.0013118426538977932,
    "alpha_1": 0.17647058823529413,
    "beta_1": 0.0,
    "gamma_1": 9999,
    "epsilon_1": -1.0,
    "epsilon_prime_1": 56660.99999999999,
    "f2": 44.32061642952368,
    "g2": 2.8749976960558454,
    "h2": 0.18408893732900544,
    "t2": 0.012607632836951951,
    "alpha_2": 0.07030225999920563,
    "beta_2": 0.043220338983050846,
    "gamma_2": 0.17647058823529416,
    "epsilon_2": -0.15346421909154373,
    "epsilon_prime_2": 0.7550847457627121,
    "f3": 254205.0593177242,
    "g3": 16479.688876156564,
    "h3": 1068.3757984792517,
    "t3": 69.26468991239652,
    "alpha_3": 0.0648681793636042,
    "beta_3": 0.06403098603576397,
    "gamma_3": 0.06848664031570498,
    "epsilon_3": -0.004744095524427954,
    "epsilon_prime_3": 0.025248707586332356,
    "f4": 4.807313145828387e+16,
    "g4": 3116545407102843.5,
    "h4": 202043324018751.6,
    "t4": 13098318636053.02,
    "alpha_4": 0.06482832765165006,
    "beta_4": 0.06482985246311404,
    "gamma_4": 0.06483176613602566,
    "epsilon_4": 8.640598295898508e-06,
    "epsilon_prime_4": 1.0844146499188374e-05,
    "f5": 3.2513626674332992e+50,
    "g5": 2.1078342686283632e+49,
    "h5": 1.3664933009492435e+48,
    "t5": 8.858874577242148e+46,
    "alpha_5": 0.06482925727039998,
    "beta_5": 0.06482925727899858,
    "gamma_5": 0.06482925728759723,
    "epsilon_5": 4.8725366334304944e-11,
    "epsilon_prime_5": 4.872568089749525e-11,
    "f6": 1.0058991031942246e+152,
    "g6": 6.5211691754125784e+150,
    "h6": 4.2276255420957545e+149,
    "t6": 2.7407382393280193e+148,
    "alpha_6": 0.06482925727545295,
    "beta_6": 0.06482925727545294,
    "gamma_6": 0.06482925727545297,
    "epsilon_6": -7.864079757761525e-17,
    "epsilon_prime_6": 1.572815951552305e-16,
    "f7": Infinity,
    "g7": Infinity,
    "h7": Infinity,
    "t7": Infinity,
    "alpha_7": 0.06482925727545295,
    "beta_7": 0.06482925727545295,
    "gamma_7": 0.06482925727545295,
    "epsilon_7": 0.0,
    "epsilon_prime_7": 0.0,
    "f8": Infinity,
    "g8": Infinity,
    "h8": Infinity,
    "t8": Infinity,
    "alpha_8": NaN,
    "beta_8": NaN,
    "gamma_8": NaN,
    "epsilon_8": NaN,
    "epsilon_prime_8": NaN,
    "f9": Infinity,
    "g9": Infinity,
    "h9": Infinity,
    "t9": Infinity,
    "alpha_9": NaN,
    "beta_9": NaN,
    "gamma_9": NaN,
    "epsilon_9": NaN,
    "epsilon_prime_9": NaN,
    "f10": Infinity,
    "g10": Infinity,
    "h10": Infinity,
    "t10": Infinity,
    "alpha_10": NaN,
    "beta_10": NaN,
    "gamma_10": NaN,
    "epsilon_10": NaN,
    "epsilon_prime_10": NaN,
    "f11": Infinity,
    "g11": Infinity,
    "h11": Infinity,
    "t11": Infinity,
    "alpha_11": NaN,
    "beta_11": NaN,
    "gamma_11": NaN,
    "epsilon_11": NaN,
    "epsilon_prime_11": NaN,
    "f12": Infinity,
    "g12": Infinity,
    "h12": Infinity,
    "t12": Infinity,
    "alpha_12": NaN,
    "beta_12": NaN,
    "gamma_12": NaN,
    "epsilon_12": NaN,
    "epsilon_prime_12": NaN,
    "f13": Infinity,
    "g13": Infinity,
    "h13": Infinity,
    "t13": Infinity,
    "alpha_13": NaN,
    "beta_13": NaN,
    "gamma_13": NaN,
    "epsilon_13": NaN,
    "epsilon_prime_13": NaN,
    "f14": Infinity,
    "g14": Infinity,
    "h14": Infinity,
    "t14": Infinity,
    "alpha_14": NaN,
    "beta_14": NaN,
    "gamma_14": NaN,
    "epsilon_14": NaN,
    "epsilon_prime_14": NaN,
    "f15": Infinity,
    "g15": Infinity,
    "h15": Infinity,
    "t15": Infinity,
    "alpha_15": NaN,
    "beta_15": NaN,
    "gamma_15": NaN,
    "epsilon_15": NaN,
    "epsilon_prime_15": NaN,
    "f16": Infinity,
    "g16": Infinity,
    "h16": Infinity,
    "t16": Infinity,
    "alpha_16": NaN,
    "beta_16": NaN,
    "gamma_16": NaN,
    "epsilon_16": NaN,
    "epsilon_prime_16": NaN,
    "f17": Infinity,
    "g17": Infinity,
    "h17": Infinity,
    "t17": Infinity,
    "alpha_17": NaN,
    "beta_17": NaN,
    "gamma_17": NaN,
    "epsilon_17": NaN,
    "epsilon_prime_17": NaN,
    "f18": Infinity,
    "g18": Infinity,
    "h18": Infinity,
    "t18": Infinity,
    "alpha_18": NaN,
    "beta_18": NaN,
    "gamma_18": NaN,
    "epsilon_18": NaN,
    "epsilon_prime_18": NaN,
    "f19": Infinity,
    "g19": Infinity,
    "h19": Infinity,
    "t19": Infinity,
    "alpha_19": NaN,
    "beta_19": NaN,
    "gamma_19": NaN,
    "epsilon_19": NaN,
    "epsilon_prime_19": NaN,
    "f20": Infinity,
    "g20": Infinity,
    "h20": Infinity,
    "t20": Infinity,
    "alpha_20": NaN,
    "beta_20": NaN,
    "gamma_20": NaN,
    "epsilon_20": NaN,
    "epsilon_prime_20": NaN
}