{
    "f0": 0.6141249999999999,
    "g0": 0.10837499999999999,
    "h0": 0,
    "t0": 0,
    "f1": 0.5443210384257811,
    "g1": 0.07354415554687496,
    "h1": 0.009758743716796872,
    "t1": 0.0012728796152343745,
    "alpha_1": 0.17647058823529413,
    "beta_1": 0.0,
    "gamma_1": 9999,
    "epsilon_1": -1.0000000000000002,
    "epsilon_prime_1": 56661.0,
    "f2": 0.33032519245439773,
    "g2": 0.044461638580479634,
    "h2": 0.005984497304671113,
    "t2": 0.0008055051691008848,
    "alpha_2": 0.13511172700502336,
    "beta_2": 0.13269230769230772,
    "gamma_2": 0.13043478260869565,
    "epsilon_2": -0.013710042772055278,
    "epsilon_prime_2": -0.012792642140468408,
    "f3": 0.07369099243482302,
    "g3": 0.009918770526003286,
    "h3": 0.001335061525118047,
    "t3": 0.00017969860994137462,
    "alpha_3": 0.1345995994132893,
    "beta_3": 0.13459911725562307,
    "gamma_3": 0.13459863512214457,
    "epsilon_3": -2.7322267753445337e-06,
    "epsilon_prime_3": -2.7320897115120277e-06,
    "f4": 0.0008181489440207786,
    "g4": 0.00011012243645668377,
    "h4": 1.4822424571690662e-05,
    "t4": 1.9950908938513986e-06,
    "alpha_4": 0.1345994971471727,
    "beta_4": 0.13459949714715325,
    "gamma_4": 0.13459949714713376,
    "epsilon_4": -1.1025439820381659e-13,
    "epsilon_prime_4": -1.1041167979897182e-13,
    "f5": 1.119660302095256e-09,
    "g5": 1.5070571363766833e-10,
    "h5": 2.0284913272835336e-11,
    "t5": 2.7303391261975618e-12,
    "alpha_5": 0.13459949714716857,
    "beta_5": 0.1345994971471686,
    "gamma_5": 0.13459949714716857,
    "epsilon_5": 1.5728159515523052e-16,
    "epsilon_prime_5": -1.5728159515523052e-16,
    "f6": 2.8697759995919565e-27,
    "g6": 3.862704064700904e-28,
    "h6": 5.19918024737066e-29,
    "t6": 6.998070468735821e-30,
    "alpha_6": 0.13459949714716857,
    "beta_6": 0.13459949714716854,
    "gamma_6": 0.13459949714716857,
    "epsilon_6": -1.5728159515523052e-16,
    "epsilon_prime_6": 1.5728159515523052e-16,
    "f7": 4.832069314482697e-80,
    "g7": 6.503940999096347e-81,
    "h7": 8.754271879532216e-82,
    "t7": 1.1783205928746345e-82,
    "alpha_7": 0.1345994971471686,
    "beta_7": 0.13459949714716862,
    "gamma_7": 0.13459949714716854,
    "epsilon_7": 1.5728159515523052e-16,
    "epsilon_prime_7": -4.718447854656915e-16,
    "f8": 2.3066867677233845e-238,
    "g8": 3.1047887901159527e-239,
    "h8": 4.1790300989777327e-240,
    "t8": 5.624953498852849e-241,
    "alpha_8": 0.1345994971471686,
    "beta_8": 0.1345994971471686,
    "gamma_8": 0.13459949714716857,
    "epsilon_8": 0.0,
    "epsilon_prime_8": -1.5728159515523052e-16,
    "f9": 0.0,
    "g9": 0.0,
    "h9": 0.0,
    "t9": 0.0,
    "alpha_9": 0.13459949714716862,
    "beta_9": 0.13459949714716862,
    "gamma_9": 0.13459949714716857,
    "epsilon_9": 0.0,
    "epsilon_prime_9": -3.1456319031046104e-16,
    "f10": 0.0,
    "g10": 0.0,
    "h10": 0.0,
    "t10": 0.0,
    "alpha_10": NaN,
    "beta_10": NaN,
    "gamma_10": NaN,
    "epsilon_10": NaN,
    "epsilon_prime_10": NaN,
    "f11": 0.0,
    "g11": 0.0,
    "h11": 0.0,
    "t11": 0.0,
    "alpha_11": NaN,
    "beta_11": NaN,
    "gamma_11": NaN,
    "epsilon_11": NaN,
    "epsilon_prime_11": NaN,
    "f12": 0.0,
    "g12": 0.0,
    "h12": 0.0,
    "t12": 0.0,
    "alpha_12": NaN,
    "beta_12": NaN,
    "gamma_12": NaN,
    "epsilon_12": NaN,
    "epsilon_prime_12": NaN,
    "f13": 0.0,
    "g13": 0.0,
    "h13": 0.0,
    "t13": 0.0,
    "alpha_13": NaN,
    "beta_13": NaN,
    "gamma_13": NaN,
    "epsilon_13": NaN,
    "epsilon_prime_13": NaN,
    "f14": 0.0,
    "g14": 0.0,
    "h14": 0.0,
    "t14": 0.0,
    "alpha_14": NaN,
    "beta_14": NaN,
    "gamma_14": NaN,
    "epsilon_14": NaN,
    "epsilon_prime_14": NaN,
    "f15": 0.0,
    "g15": 0.0,
    "h15": 0.0,
    "t15": 0.0,
    "alpha_15": NaN,
    "beta_15": NaN,
    "gamma_15": NaN,
    "epsilon_15": NaN,
    "epsilon_prime_15": NaN,
    "f16": 0.0,
    "g16": 0.0,
    "h16": 0.0,
    "t16": 0.0,
    "alpha_16": NaN,
    "beta_16": NaN,
    "gamma_16": NaN,
    "epsilon_16": NaN,
    "epsilon_prime_16": NaN,
    "f17": 0.0,
    "g17": 0.0,
    "h17": 0.0,
    "t17": 0.0,
    "alpha_17": NaN,
    "beta_17": NaN,
    "gamma_17": NaN,
    "epsilon_17": NaN,
    "epsilon_prime_17": NaN,
    "f18": 0.0,
    "g18": 0.0,
    "h18": 0.0,
    "t18": 0.0,
    "alpha_18": NaN,
    "beta_18": NaN,
    "gamma_18": NaN,
    "epsilon_18": NaN,
    "epsilon_prime_18": NaN,
    "f19": 0.0,
    "g19": 0.0,
    "h19": 0.0,
    "t19": 0.0,
    "alpha_19": NaN,
    "beta_19": NaN,
    "gamma_19": NaN,
    "epsilon_19": NaN,
    "epsilon_prime_19": NaN,
    "f20": 0.0,
    "g20": 0.0,
    "h20": 0.0,
    "t20": 0.0,
    "alpha_20": NaN,
    "beta_20": NaN,
    "gamma_20": NaN,
    "epsilon_20": NaN,
    "epsilon_prime_20": NaN
}