{
    "f0": 0.6141249999999999,
    "g0": 0.10837499999999999,
    "h0": 0,
    "t0": 0,
    "f1": 0.5443210384257811,
    "g1": 0.07354415554687496,
    "h1": 0.009758743716796872,
    "t1": 0.0012728796152343745,
    "beta_1": 0.13269230769230772,
    "alpha_1": 0.13511172700502336,
    "epsilon_1": -0.013710042772055278,
    "gamma_1": 0.13043478260869565,
    "epsilon_prime_1": -0.012792642140468408,
    "f2": 0.33032519245439773,
    "g2": 0.044461638580479634,
    "h2": 0.005984497304671113,
    "t2": 0.0008055051691008848,
    "beta_2": 0.13459911725562307,
    "alpha_2": 0.1345995994132893,
    "epsilon_2": -2.7322267753445337e-06,
    "gamma_2": 0.13459863512214457,
    "epsilon_prime_2": -2.7320897115120277e-06,
    "f3": 0.07369099243482302,
    "g3": 0.009918770526003286,
    "h3": 0.001335061525118047,
    "t3": 0.00017969860994137462,
    "beta_3": 0.13459949714715325,
    "alpha_3": 0.1345994971471727,
    "epsilon_3": -1.1025439820381659e-13,
    "gamma_3": 0.13459949714713376,
    "epsilon_prime_3": -1.1041167979897182e-13,
    "f4": 0.0008181489440207786,
    "g4": 0.00011012243645668377,
    "h4": 1.4822424571690662e-05,
    "t4": 1.9950908938513986e-06,
    "beta_4": 0.1345994971471686,
    "alpha_4": 0.13459949714716857,
    "epsilon_4": 1.5728159515523052e-16,
    "gamma_4": 0.13459949714716857,
    "epsilon_prime_4": -1.5728159515523052e-16,
    "f5": 1.119660302095256e-09,
    "g5": 1.5070571363766833e-10,
    "h5": 2.0284913272835336e-11,
    "t5": 2.7303391261975618e-12,
    "beta_5": 0.13459949714716854,
    "alpha_5": 0.13459949714716857,
    "epsilon_5": -1.5728159515523052e-16,
    "gamma_5": 0.13459949714716857,
    "epsilon_prime_5": 1.5728159515523052e-16
}