{
    "f0": 0.5927039999999999,
    "g0": 0.11289599999999998,
    "h0": 0,
    "t0": 0,
    "f1": 0.5170432533166814,
    "g1": 0.07419414427729916,
    "h1": 0.010432146346868731,
    "t1": 0.0014389167374991353,
    "beta_1": 0.14060606060606062,
    "alpha_1": 0.14349697786667825,
    "epsilon_1": -0.015177315618242565,
    "gamma_1": 0.13793103448275862,
    "epsilon_prime_1": -0.014043887147335524,
    "f2": 0.2944311230271247,
    "g2": 0.04206127427929502,
    "h2": 0.006008678634360896,
    "t2": 0.0008583677042604976,
    "beta_2": 0.1428553636882731,
    "alpha_2": 0.14285607393285013,
    "epsilon_2": -3.728784029460863e-06,
    "gamma_2": 0.14285465349268037,
    "epsilon_prime_2": -3.7285268617986977e-06,
    "f3": 0.05424782224349426,
    "g3": 0.007749622343149803,
    "h3": 0.0011070793992772803,
    "t3": 0.00015815284178165775,
    "beta_3": 0.14285591610226936,
    "alpha_3": 0.14285591610231296,
    "epsilon_3": -2.2892104878380337e-13,
    "gamma_3": 0.14285591610222587,
    "epsilon_prime_3": -2.2833818169587516e-13,
    "f4": 0.0003392953024655187,
    "g4": 4.8470341262919773e-05,
    "h4": 6.924275004905673e-06,
    "t4": 9.891736491700802e-07,
    "beta_4": 0.14285591610230322,
    "alpha_4": 0.14285591610230333,
    "epsilon_4": -5.828670879282072e-16,
    "gamma_4": 0.14285591610230325,
    "epsilon_prime_4": 1.457167719820518e-16,
    "f5": 8.301650826299577e-11,
    "g5": 1.1859399339524692e-11,
    "h5": 1.6941853570708508e-12,
    "t5": 2.4202440123146426e-13,
    "beta_5": 0.1428559161023033,
    "alpha_5": 0.1428559161023033,
    "epsilon_5": 0.0,
    "gamma_5": 0.14285591610230333,
    "epsilon_prime_5": 1.457167719820518e-16
}