{
    "f1": 0.3271961762628893,
    "g1": 0.09442891089838078,
    "h1": 0.02266293861561139,
    "t1": 0.002877833474998272,
    "alpha_1": 0.28860028860028863,
    "epsilon_1": 0.0,
    "beta_1": 0.24000000000000002,
    "gamma_1": 0.126984126984127,
    "epsilon_prime_1": 0.5933333333333333,
    "f2": 0.13510652422030675,
    "g2": 0.03639003483764483,
    "h2": 0.009786960627300985,
    "t2": 0.002628204296354045,
    "alpha_2": 0.26934328336584756,
    "epsilon_2": 0.0,
    "beta_2": 0.2689461736149961,
    "gamma_2": 0.2685414191840723,
    "epsilon_prime_2": 0.00212496076234997,
    "f3": 0.008982983183782774,
    "g3": 0.0024182554235576,
    "h3": 0.0006510041020510481,
    "t3": 0.00017525291511009668,
    "alpha_3": 0.26920404659371316,
    "epsilon_3": 0.0,
    "beta_3": 0.2692040285361287,
    "gamma_3": 0.26920401047849973,
    "epsilon_prime_3": 9.480255197535925e-08,
    "f4": 2.6392250535916426e-06,
    "g4": 7.104900476191422e-07,
    "h4": 1.9126679139351483e-07,
    "t4": 5.148979301337184e-08,
    "alpha_4": 0.2692040402739651,
    "epsilon_4": 0.0,
    "beta_4": 0.26920404027396494,
    "gamma_4": 0.26920404027396505,
    "epsilon_prime_4": -5.828670879282072e-16,
    "f5": 6.693356128637557e-17,
    "g5": 1.8018785128217364e-17,
    "h5": 4.850729757344547e-18,
    "t5": 1.3058360489543026e-18,
    "alpha_5": 0.26920404027396516,
    "epsilon_5": 0.0,
    "beta_5": 0.26920404027396494,
    "gamma_5": 0.2692040402739651,
    "epsilon_prime_5": -8.743006318923108e-16
}