{
    "f0": 0.5927039999999999,
    "g0": 0.11289599999999998,
    "h0": 0,
    "t0": 0,
    "f1": 0.5170432533166814,
    "g1": 0.07419414427729916,
    "h1": 0.010432146346868731,
    "t1": 0.0014389167374991353,
    "alpha_1": 0.1904761904761905,
    "beta_1": 0.0,
    "gamma_1": 9999,
    "epsilon_1": -1.0,
    "epsilon_prime_1": 52494.75,
    "f2": 0.2944311230271247,
    "g2": 0.04206127427929502,
    "h2": 0.006008678634360896,
    "t2": 0.0008583677042604976,
    "alpha_2": 0.14349697786667825,
    "beta_2": 0.14060606060606062,
    "gamma_2": 0.13793103448275862,
    "epsilon_2": -0.015177315618242565,
    "epsilon_prime_2": -0.014043887147335524,
    "f3": 0.05424782224349426,
    "g3": 0.007749622343149803,
    "h3": 0.0011070793992772803,
    "t3": 0.00015815284178165775,
    "alpha_3": 0.14285607393285013,
    "beta_3": 0.1428553636882731,
    "gamma_3": 0.14285465349268037,
    "epsilon_3": -3.728784029460863e-06,
    "epsilon_prime_3": -3.7285268617986977e-06,
    "f4": 0.0003392953024655187,
    "g4": 4.8470341262919773e-05,
    "h4": 6.924275004905673e-06,
    "t4": 9.891736491700802e-07,
    "alpha_4": 0.14285591610231296,
    "beta_4": 0.14285591610226936,
    "gamma_4": 0.14285591610222587,
    "epsilon_4": -2.2892104878380337e-13,
    "epsilon_prime_4": -2.2833818169587516e-13,
    "f5": 8.301650826299577e-11,
    "g5": 1.1859399339524692e-11,
    "h5": 1.6941853570708508e-12,
    "t5": 2.4202440123146426e-13,
    "alpha_5": 0.14285591610230333,
    "beta_5": 0.14285591610230322,
    "gamma_5": 0.14285591610230325,
    "epsilon_5": -5.828670879282072e-16,
    "epsilon_prime_5": 1.457167719820518e-16,
    "f6": 1.2159740590285825e-30,
    "g6": 1.7370908815916435e-31,
    "h6": 2.481537092427319e-32,
    "t6": 3.545022546805508e-33,
    "alpha_6": 0.1428559161023033,
    "beta_6": 0.1428559161023033,
    "gamma_6": 0.14285591610230333,
    "epsilon_6": 0.0,
    "epsilon_prime_6": 1.457167719820518e-16,
    "f7": 3.821235924835902e-90,
    "g7": 5.458861586854651e-91,
    "h7": 7.798306728657941e-92,
    "t7": 1.1140342517691858e-92,
    "alpha_7": 0.14285591610230328,
    "beta_7": 0.1428559161023033,
    "gamma_7": 0.1428559161023033,
    "epsilon_7": 1.457167719820518e-16,
    "epsilon_prime_7": 0.0,
    "f8": 1.1858847333850964e-268,
    "g8": 1.6941064997946366e-269,
    "h8": 2.4201313600302933e-270,
    "t8": 3.457300825250408e-271,
    "alpha_8": 0.14285591610230333,
    "beta_8": 0.14285591610230328,
    "gamma_8": 0.14285591610230325,
    "epsilon_8": -2.914335439641036e-16,
    "epsilon_prime_8": -1.457167719820518e-16,
    "f9": 0.0,
    "g9": 0.0,
    "h9": 0.0,
    "t9": 0.0,
    "alpha_9": 0.1428559161023033,
    "beta_9": 0.1428559161023033,
    "gamma_9": 0.14285591610230333,
    "epsilon_9": 0.0,
    "epsilon_prime_9": 1.457167719820518e-16,
    "f10": 0.0,
    "g10": 0.0,
    "h10": 0.0,
    "t10": 0.0,
    "alpha_10": NaN,
    "beta_10": NaN,
    "gamma_10": NaN,
    "epsilon_10": NaN,
    "epsilon_prime_10": NaN,
    "f11": 0.0,
    "g11": 0.0,
    "h11": 0.0,
    "t11": 0.0,
    "alpha_11": NaN,
    "beta_11": NaN,
    "gamma_11": NaN,
    "epsilon_11": NaN,
    "epsilon_prime_11": NaN,
    "f12": 0.0,
    "g12": 0.0,
    "h12": 0.0,
    "t12": 0.0,
    "alpha_12": NaN,
    "beta_12": NaN,
    "gamma_12": NaN,
    "epsilon_12": NaN,
    "epsilon_prime_12": NaN,
    "f13": 0.0,
    "g13": 0.0,
    "h13": 0.0,
    "t13": 0.0,
    "alpha_13": NaN,
    "beta_13": NaN,
    "gamma_13": NaN,
    "epsilon_13": NaN,
    "epsilon_prime_13": NaN,
    "f14": 0.0,
    "g14": 0.0,
    "h14": 0.0,
    "t14": 0.0,
    "alpha_14": NaN,
    "beta_14": NaN,
    "gamma_14": NaN,
    "epsilon_14": NaN,
    "epsilon_prime_14": NaN,
    "f15": 0.0,
    "g15": 0.0,
    "h15": 0.0,
    "t15": 0.0,
    "alpha_15": NaN,
    "beta_15": NaN,
    "gamma_15": NaN,
    "epsilon_15": NaN,
    "epsilon_prime_15": NaN,
    "f16": 0.0,
    "g16": 0.0,
    "h16": 0.0,
    "t16": 0.0,
    "alpha_16": NaN,
    "beta_16": NaN,
    "gamma_16": NaN,
    "epsilon_16": NaN,
    "epsilon_prime_16": NaN,
    "f17": 0.0,
    "g17": 0.0,
    "h17": 0.0,
    "t17": 0.0,
    "alpha_17": NaN,
    "beta_17": NaN,
    "gamma_17": NaN,
    "epsilon_17": NaN,
    "epsilon_prime_17": NaN,
    "f18": 0.0,
    "g18": 0.0,
    "h18": 0.0,
    "t18": 0.0,
    "alpha_18": NaN,
    "beta_18": NaN,
    "gamma_18": NaN,
    "epsilon_18": NaN,
    "epsilon_prime_18": NaN,
    "f19": 0.0,
    "g19": 0.0,
    "h19": 0.0,
    "t19": 0.0,
    "alpha_19": NaN,
    "beta_19": NaN,
    "gamma_19": NaN,
    "epsilon_19": NaN,
    "epsilon_prime_19": NaN,
    "f20": 0.0,
    "g20": 0.0,
    "h20": 0.0,
    "t20": 0.0,
    "alpha_20": NaN,
    "beta_20": NaN,
    "gamma_20": NaN,
    "epsilon_20": NaN,
    "epsilon_prime_20": NaN
}