{
    "f0": 0.5927039999999999,
    "g0": 0.11289599999999998,
    "h0": 0,
    "t0": 0,
    "f1": 2.5268980710857747,
    "g1": 0.18768740315071364,
    "h1": 0.007785551538103677,
    "t1": 0.0014829621977340338,
    "alpha_1": 0.1904761904761905,
    "beta_1": 0.0,
    "gamma_1": 9999,
    "epsilon_1": -1.0,
    "epsilon_prime_1": 52494.75,
    "f2": 52.65782929547137,
    "g2": 3.510564561215265,
    "h2": 0.2289977625289088,
    "t2": 0.01628147161207693,
    "alpha_2": 0.07427581084426838,
    "beta_2": 0.04148148148148148,
    "gamma_2": 0.1904761904761905,
    "epsilon_2": -0.1721702291546312,
    "epsilon_prime_2": 0.7822222222222224,
    "f3": 446651.3648539934,
    "g3": 29684.537189317703,
    "h3": 1972.8893055888414,
    "t3": 131.12700415413647,
    "alpha_3": 0.06666747581858976,
    "beta_3": 0.0652310357880545,
    "gamma_3": 0.0710988239896953,
    "epsilon_3": -0.007541310160310073,
    "epsilon_prime_3": 0.0308058880586142,
    "f4": 2.726631711700738e+17,
    "g4": 1.81215462794882e+16,
    "h4": 1204381355244338.8,
    "t4": 80044739381011.34,
    "alpha_4": 0.06646019585996638,
    "beta_4": 0.06646185160329218,
    "gamma_4": 0.06646445078427725,
    "epsilon_4": 8.692652460486061e-06,
    "epsilon_prime_4": 1.3645700171597414e-05,
    "f5": 6.20311717236299e+52,
    "g5": 4.12267173619574e+51,
    "h5": 2.7399808470734815e+50,
    "t5": 1.8210266358138833e+49,
    "alpha_5": 0.06646129068962114,
    "beta_5": 0.06646129070164279,
    "gamma_5": 0.06646129071366459,
    "epsilon_5": 6.311364972311218e-11,
    "epsilon_prime_5": 6.311445116535808e-11,
    "f6": 7.303995464527459e+158,
    "g6": 4.854329658170637e+157,
    "h6": 3.2262501455043803e+156,
    "t6": 2.1442074878139954e+155,
    "alpha_6": 0.06646129069693628,
    "beta_6": 0.06646129069693629,
    "gamma_6": 0.06646129069693626,
    "epsilon_6": 7.28583859910259e-17,
    "epsilon_prime_6": -1.457167719820518e-16,
    "f7": Infinity,
    "g7": Infinity,
    "h7": Infinity,
    "t7": Infinity,
    "alpha_7": 0.06646129069693629,
    "beta_7": 0.06646129069693628,
    "gamma_7": 0.06646129069693626,
    "epsilon_7": -7.28583859910259e-17,
    "epsilon_prime_7": -7.28583859910259e-17,
    "f8": Infinity,
    "g8": Infinity,
    "h8": Infinity,
    "t8": Infinity,
    "alpha_8": NaN,
    "beta_8": NaN,
    "gamma_8": NaN,
    "epsilon_8": NaN,
    "epsilon_prime_8": NaN,
    "f9": Infinity,
    "g9": Infinity,
    "h9": Infinity,
    "t9": Infinity,
    "alpha_9": NaN,
    "beta_9": NaN,
    "gamma_9": NaN,
    "epsilon_9": NaN,
    "epsilon_prime_9": NaN,
    "f10": Infinity,
    "g10": Infinity,
    "h10": Infinity,
    "t10": Infinity,
    "alpha_10": NaN,
    "beta_10": NaN,
    "gamma_10": NaN,
    "epsilon_10": NaN,
    "epsilon_prime_10": NaN,
    "f11": Infinity,
    "g11": Infinity,
    "h11": Infinity,
    "t11": Infinity,
    "alpha_11": NaN,
    "beta_11": NaN,
    "gamma_11": NaN,
    "epsilon_11": NaN,
    "epsilon_prime_11": NaN,
    "f12": Infinity,
    "g12": Infinity,
    "h12": Infinity,
    "t12": Infinity,
    "alpha_12": NaN,
    "beta_12": NaN,
    "gamma_12": NaN,
    "epsilon_12": NaN,
    "epsilon_prime_12": NaN,
    "f13": Infinity,
    "g13": Infinity,
    "h13": Infinity,
    "t13": Infinity,
    "alpha_13": NaN,
    "beta_13": NaN,
    "gamma_13": NaN,
    "epsilon_13": NaN,
    "epsilon_prime_13": NaN,
    "f14": Infinity,
    "g14": Infinity,
    "h14": Infinity,
    "t14": Infinity,
    "alpha_14": NaN,
    "beta_14": NaN,
    "gamma_14": NaN,
    "epsilon_14": NaN,
    "epsilon_prime_14": NaN,
    "f15": Infinity,
    "g15": Infinity,
    "h15": Infinity,
    "t15": Infinity,
    "alpha_15": NaN,
    "beta_15": NaN,
    "gamma_15": NaN,
    "epsilon_15": NaN,
    "epsilon_prime_15": NaN,
    "f16": Infinity,
    "g16": Infinity,
    "h16": Infinity,
    "t16": Infinity,
    "alpha_16": NaN,
    "beta_16": NaN,
    "gamma_16": NaN,
    "epsilon_16": NaN,
    "epsilon_prime_16": NaN,
    "f17": Infinity,
    "g17": Infinity,
    "h17": Infinity,
    "t17": Infinity,
    "alpha_17": NaN,
    "beta_17": NaN,
    "gamma_17": NaN,
    "epsilon_17": NaN,
    "epsilon_prime_17": NaN,
    "f18": Infinity,
    "g18": Infinity,
    "h18": Infinity,
    "t18": Infinity,
    "alpha_18": NaN,
    "beta_18": NaN,
    "gamma_18": NaN,
    "epsilon_18": NaN,
    "epsilon_prime_18": NaN,
    "f19": Infinity,
    "g19": Infinity,
    "h19": Infinity,
    "t19": Infinity,
    "alpha_19": NaN,
    "beta_19": NaN,
    "gamma_19": NaN,
    "epsilon_19": NaN,
    "epsilon_prime_19": NaN,
    "f20": Infinity,
    "g20": Infinity,
    "h20": Infinity,
    "t20": Infinity,
    "alpha_20": NaN,
    "beta_20": NaN,
    "gamma_20": NaN,
    "epsilon_20": NaN,
    "epsilon_prime_20": NaN
}