{
    "f0": 0.5717869999999999,
    "g0": 0.117113,
    "h0": 0,
    "t0": 0,
    "f1": 2.5931273966686494,
    "g1": 0.20334815899860914,
    "h1": 0.008082373305550353,
    "t1": 0.0016554258577633253,
    "alpha_1": 0.20481927710843376,
    "beta_1": 0.0,
    "gamma_1": 9999,
    "epsilon_1": -1.0,
    "epsilon_prime_1": 48818.647058823524,
    "f2": 61.44755138408345,
    "g2": 4.204782960532486,
    "h2": 0.2784389388601998,
    "t2": 0.020545509158105033,
    "alpha_2": 0.07841811368768359,
    "beta_2": 0.03974647887323944,
    "gamma_2": 0.20481927710843373,
    "epsilon_2": -0.18880856997640377,
    "epsilon_prime_2": 0.8059436619718308,
    "f3": 742419.0966579198,
    "g3": 50475.56555386605,
    "h3": 3431.813062133781,
    "t3": 233.34053492435245,
    "alpha_3": 0.06842881230938093,
    "beta_3": 0.06621957458297414,
    "gamma_3": 0.07378820376994985,
    "epsilon_3": -0.010786278311280184,
    "epsilon_prime_3": 0.03695271897170491,
    "f4": 1.306088147975386e+18,
    "g4": 8.879988762233608e+16,
    "h4": 6037433274244793.0,
    "t4": 410480255391397.0,
    "alpha_4": 0.06798796768710193,
    "beta_4": 0.06798959109178183,
    "gamma_4": 0.06799336988922977,
    "epsilon_4": 7.926034613662846e-06,
    "epsilon_prime_4": 1.8449422834045184e-05,
    "f5": 7.111386881613702e+54,
    "g5": 4.834975013002713e+53,
    "h5": 3.2872608065806603e+52,
    "t5": 2.2349823073377836e+51,
    "alpha_5": 0.06798919947324226,
    "beta_5": 0.06798919949000229,
    "gamma_5": 0.06798919950676273,
    "epsilon_5": 8.182835210077938e-11,
    "epsilon_prime_5": 8.183038478852299e-11,
    "f6": 1.1478886445098826e+165,
    "g6": 7.804403003673225e+163,
    "h6": 5.306151126684425e+162,
    "t6": 3.607609674431575e+161,
    "alpha_6": 0.0679891994837661,
    "beta_6": 0.0679891994837661,
    "gamma_6": 0.0679891994837661,
    "epsilon_6": 0.0,
    "epsilon_prime_6": 0.0,
    "f7": Infinity,
    "g7": Infinity,
    "h7": Infinity,
    "t7": Infinity,
    "alpha_7": 0.06798919948376608,
    "beta_7": 0.06798919948376612,
    "gamma_7": 0.06798919948376608,
    "epsilon_7": 2.032687743615176e-16,
    "epsilon_prime_7": -2.032687743615176e-16,
    "f8": Infinity,
    "g8": Infinity,
    "h8": Infinity,
    "t8": Infinity,
    "alpha_8": NaN,
    "beta_8": NaN,
    "gamma_8": NaN,
    "epsilon_8": NaN,
    "epsilon_prime_8": NaN,
    "f9": Infinity,
    "g9": Infinity,
    "h9": Infinity,
    "t9": Infinity,
    "alpha_9": NaN,
    "beta_9": NaN,
    "gamma_9": NaN,
    "epsilon_9": NaN,
    "epsilon_prime_9": NaN,
    "f10": Infinity,
    "g10": Infinity,
    "h10": Infinity,
    "t10": Infinity,
    "alpha_10": NaN,
    "beta_10": NaN,
    "gamma_10": NaN,
    "epsilon_10": NaN,
    "epsilon_prime_10": NaN,
    "f11": Infinity,
    "g11": Infinity,
    "h11": Infinity,
    "t11": Infinity,
    "alpha_11": NaN,
    "beta_11": NaN,
    "gamma_11": NaN,
    "epsilon_11": NaN,
    "epsilon_prime_11": NaN,
    "f12": Infinity,
    "g12": Infinity,
    "h12": Infinity,
    "t12": Infinity,
    "alpha_12": NaN,
    "beta_12": NaN,
    "gamma_12": NaN,
    "epsilon_12": NaN,
    "epsilon_prime_12": NaN,
    "f13": Infinity,
    "g13": Infinity,
    "h13": Infinity,
    "t13": Infinity,
    "alpha_13": NaN,
    "beta_13": NaN,
    "gamma_13": NaN,
    "epsilon_13": NaN,
    "epsilon_prime_13": NaN,
    "f14": Infinity,
    "g14": Infinity,
    "h14": Infinity,
    "t14": Infinity,
    "alpha_14": NaN,
    "beta_14": NaN,
    "gamma_14": NaN,
    "epsilon_14": NaN,
    "epsilon_prime_14": NaN,
    "f15": Infinity,
    "g15": Infinity,
    "h15": Infinity,
    "t15": Infinity,
    "alpha_15": NaN,
    "beta_15": NaN,
    "gamma_15": NaN,
    "epsilon_15": NaN,
    "epsilon_prime_15": NaN,
    "f16": Infinity,
    "g16": Infinity,
    "h16": Infinity,
    "t16": Infinity,
    "alpha_16": NaN,
    "beta_16": NaN,
    "gamma_16": NaN,
    "epsilon_16": NaN,
    "epsilon_prime_16": NaN,
    "f17": Infinity,
    "g17": Infinity,
    "h17": Infinity,
    "t17": Infinity,
    "alpha_17": NaN,
    "beta_17": NaN,
    "gamma_17": NaN,
    "epsilon_17": NaN,
    "epsilon_prime_17": NaN,
    "f18": Infinity,
    "g18": Infinity,
    "h18": Infinity,
    "t18": Infinity,
    "alpha_18": NaN,
    "beta_18": NaN,
    "gamma_18": NaN,
    "epsilon_18": NaN,
    "epsilon_prime_18": NaN,
    "f19": Infinity,
    "g19": Infinity,
    "h19": Infinity,
    "t19": Infinity,
    "alpha_19": NaN,
    "beta_19": NaN,
    "gamma_19": NaN,
    "epsilon_19": NaN,
    "epsilon_prime_19": NaN,
    "f20": Infinity,
    "g20": Infinity,
    "h20": Infinity,
    "t20": Infinity,
    "alpha_20": NaN,
    "beta_20": NaN,
    "gamma_20": NaN,
    "epsilon_20": NaN,
    "epsilon_prime_20": NaN
}