{
    "f0": 0.5717869999999999,
    "g0": 0.117113,
    "h0": 0,
    "t0": 0,
    "f1": 0.49046744767846606,
    "g1": 0.07447701705345819,
    "h1": 0.011054834844725995,
    "t1": 0.0016062580543618969,
    "beta_1": 0.14843283582089553,
    "alpha_1": 0.1518490521766142,
    "epsilon_1": -0.016679173972038244,
    "gamma_1": 0.1452991452991453,
    "epsilon_prime_1": -0.015299783135604018,
    "f2": 0.2611943800734379,
    "g2": 0.03945565514675459,
    "h2": 0.005960075453705261,
    "t2": 0.0009003084472190229,
    "beta_2": 0.15105757163420225,
    "alpha_2": 0.15105859144312814,
    "epsilon_2": -4.979067108754554e-06,
    "gamma_2": 0.15105655191987863,
    "epsilon_prime_2": -4.978605227081123e-06,
    "f3": 0.039340654091035335,
    "g3": 0.005942734484869391,
    "h3": 0.0008976996944664879,
    "t3": 0.00013560503897599971,
    "beta_3": 0.15105835482841995,
    "alpha_3": 0.1510583548285126,
    "epsilon_3": -4.523407792124972e-13,
    "gamma_3": 0.15105835482832727,
    "epsilon_prime_3": -4.524762917287382e-13,
    "f4": 0.00013442327294596766,
    "g4": 2.0305758461879083e-05,
    "h4": 3.0673544667961676e-06,
    "t4": 4.633495194300524e-07,
    "beta_4": 0.15105835482849117,
    "alpha_4": 0.15105835482849103,
    "epsilon_4": 6.775625812050587e-16,
    "gamma_4": 0.15105835482849103,
    "epsilon_prime_4": -6.775625812050587e-16,
    "f5": 5.362571954749062e-12,
    "g5": 8.100612971337989e-13,
    "h5": 1.223665268552651e-13,
    "t5": 1.848448623283272e-14,
    "beta_5": 0.15105835482849103,
    "alpha_5": 0.15105835482849111,
    "epsilon_5": -4.065375487230352e-16,
    "gamma_5": 0.15105835482849111,
    "epsilon_prime_5": 4.065375487230352e-16
}