{
    "f0": 0.5717869999999999,
    "g0": 0.117113,
    "h0": 0,
    "t0": 0,
    "f1": 0.49046744767846606,
    "g1": 0.07447701705345819,
    "h1": 0.011054834844725995,
    "t1": 0.0016062580543618969,
    "alpha_1": 0.20481927710843376,
    "beta_1": 0.0,
    "gamma_1": 9999,
    "epsilon_1": -1.0,
    "epsilon_prime_1": 48818.647058823524,
    "f2": 0.2611943800734379,
    "g2": 0.03945565514675459,
    "h2": 0.005960075453705261,
    "t2": 0.0009003084472190229,
    "alpha_2": 0.1518490521766142,
    "beta_2": 0.14843283582089553,
    "gamma_2": 0.1452991452991453,
    "epsilon_2": -0.016679173972038244,
    "epsilon_prime_2": -0.015299783135604018,
    "f3": 0.039340654091035335,
    "g3": 0.005942734484869391,
    "h3": 0.0008976996944664879,
    "t3": 0.00013560503897599971,
    "alpha_3": 0.15105859144312814,
    "beta_3": 0.15105757163420225,
    "gamma_3": 0.15105655191987863,
    "epsilon_3": -4.979067108754554e-06,
    "epsilon_prime_3": -4.978605227081123e-06,
    "f4": 0.00013442327294596766,
    "g4": 2.0305758461879083e-05,
    "h4": 3.0673544667961676e-06,
    "t4": 4.633495194300524e-07,
    "alpha_4": 0.1510583548285126,
    "beta_4": 0.15105835482841995,
    "gamma_4": 0.15105835482832727,
    "epsilon_4": -4.523407792124972e-13,
    "epsilon_prime_4": -4.524762917287382e-13,
    "f5": 5.362571954749062e-12,
    "g5": 8.100612971337989e-13,
    "h5": 1.223665268552651e-13,
    "t5": 1.848448623283272e-14,
    "alpha_5": 0.15105835482849103,
    "beta_5": 0.15105835482849117,
    "gamma_5": 0.15105835482849103,
    "epsilon_5": 6.775625812050587e-16,
    "epsilon_prime_5": -6.775625812050587e-16,
    "f6": 3.404623825741446e-34,
    "g6": 5.14296873926386e-35,
    "h6": 7.768883966875579e-36,
    "t6": 1.1735548308896666e-36,
    "alpha_6": 0.15105835482849111,
    "beta_6": 0.15105835482849103,
    "gamma_6": 0.15105835482849111,
    "epsilon_6": -4.065375487230352e-16,
    "epsilon_prime_6": 4.065375487230352e-16,
    "f7": 8.712787830184234e-101,
    "g7": 1.3161393955973287e-101,
    "h7": 1.9881385182389713e-102,
    "t7": 3.0032493373633294e-103,
    "alpha_7": 0.15105835482849103,
    "beta_7": 0.15105835482849114,
    "gamma_7": 0.1510583548284911,
    "epsilon_7": 5.42050064964047e-16,
    "epsilon_prime_7": -2.710250324820235e-16,
    "f8": 1.4602296130942254e-300,
    "g8": 2.205798830258577e-301,
    "h8": 3.3320434238147074e-302,
    "t8": 5.033329978185423e-303,
    "alpha_8": 0.15105835482849106,
    "beta_8": 0.15105835482849111,
    "gamma_8": 0.15105835482849106,
    "epsilon_8": 2.710250324820235e-16,
    "epsilon_prime_8": -2.710250324820235e-16,
    "f9": 0.0,
    "g9": 0.0,
    "h9": 0.0,
    "t9": 0.0,
    "alpha_9": 0.15105835482849106,
    "beta_9": 0.1510583548284911,
    "gamma_9": 0.15105835482849106,
    "epsilon_9": 1.3551251624101174e-16,
    "epsilon_prime_9": -1.3551251624101174e-16,
    "f10": 0.0,
    "g10": 0.0,
    "h10": 0.0,
    "t10": 0.0,
    "alpha_10": NaN,
    "beta_10": NaN,
    "gamma_10": NaN,
    "epsilon_10": NaN,
    "epsilon_prime_10": NaN,
    "f11": 0.0,
    "g11": 0.0,
    "h11": 0.0,
    "t11": 0.0,
    "alpha_11": NaN,
    "beta_11": NaN,
    "gamma_11": NaN,
    "epsilon_11": NaN,
    "epsilon_prime_11": NaN,
    "f12": 0.0,
    "g12": 0.0,
    "h12": 0.0,
    "t12": 0.0,
    "alpha_12": NaN,
    "beta_12": NaN,
    "gamma_12": NaN,
    "epsilon_12": NaN,
    "epsilon_prime_12": NaN,
    "f13": 0.0,
    "g13": 0.0,
    "h13": 0.0,
    "t13": 0.0,
    "alpha_13": NaN,
    "beta_13": NaN,
    "gamma_13": NaN,
    "epsilon_13": NaN,
    "epsilon_prime_13": NaN,
    "f14": 0.0,
    "g14": 0.0,
    "h14": 0.0,
    "t14": 0.0,
    "alpha_14": NaN,
    "beta_14": NaN,
    "gamma_14": NaN,
    "epsilon_14": NaN,
    "epsilon_prime_14": NaN,
    "f15": 0.0,
    "g15": 0.0,
    "h15": 0.0,
    "t15": 0.0,
    "alpha_15": NaN,
    "beta_15": NaN,
    "gamma_15": NaN,
    "epsilon_15": NaN,
    "epsilon_prime_15": NaN,
    "f16": 0.0,
    "g16": 0.0,
    "h16": 0.0,
    "t16": 0.0,
    "alpha_16": NaN,
    "beta_16": NaN,
    "gamma_16": NaN,
    "epsilon_16": NaN,
    "epsilon_prime_16": NaN,
    "f17": 0.0,
    "g17": 0.0,
    "h17": 0.0,
    "t17": 0.0,
    "alpha_17": NaN,
    "beta_17": NaN,
    "gamma_17": NaN,
    "epsilon_17": NaN,
    "epsilon_prime_17": NaN,
    "f18": 0.0,
    "g18": 0.0,
    "h18": 0.0,
    "t18": 0.0,
    "alpha_18": NaN,
    "beta_18": NaN,
    "gamma_18": NaN,
    "epsilon_18": NaN,
    "epsilon_prime_18": NaN,
    "f19": 0.0,
    "g19": 0.0,
    "h19": 0.0,
    "t19": 0.0,
    "alpha_19": NaN,
    "beta_19": NaN,
    "gamma_19": NaN,
    "epsilon_19": NaN,
    "epsilon_prime_19": NaN,
    "f20": 0.0,
    "g20": 0.0,
    "h20": 0.0,
    "t20": 0.0,
    "alpha_20": NaN,
    "beta_20": NaN,
    "gamma_20": NaN,
    "epsilon_20": NaN,
    "epsilon_prime_20": NaN
}