{
    "f1": 0.30180715910663136,
    "g1": 0.09226257336473177,
    "h1": 0.023526956208006607,
    "t1": 0.0032125161087237933,
    "alpha_1": 0.30570041359467726,
    "epsilon_1": 0.0,
    "beta_1": 0.25500000000000006,
    "gamma_1": 0.1365461847389558,
    "epsilon_prime_1": 0.5783333333333337,
    "f2": 0.11296710430037447,
    "g2": 0.032170195072076184,
    "h2": 0.009146884497348916,
    "t2": 0.00259654098667422,
    "alpha_2": 0.28477489328696143,
    "epsilon_2": 0.0,
    "beta_2": 0.2843279152288522,
    "gamma_2": 0.2838716272657414,
    "epsilon_prime_2": 0.0022277588787174983,
    "f3": 0.005573319664264469,
    "g3": 0.0015862359953118792,
    "h3": 0.0004514624279095065,
    "t3": 0.00012849179299641306,
    "alpha_3": 0.28461241968277096,
    "epsilon_3": 0.0,
    "beta_3": 0.2846123964175594,
    "gamma_3": 0.28461237315227617,
    "epsilon_prime_3": 1.1358932412964359e-07,
    "f4": 6.689557301530722e-07,
    "g4": 1.903931033740108e-07,
    "h4": 5.4188240235406985e-08,
    "t4": 1.5422645714440307e-08,
    "alpha_4": 0.28461241124348324,
    "epsilon_4": 0.0,
    "beta_4": 0.2846124112434833,
    "gamma_4": 0.284612411243483,
    "epsilon_prime_4": 1.3551251624101175e-15,
    "f5": 1.1567716660623553e-18,
    "g5": 3.2923157313614836e-19,
    "h5": 9.370339188776436e-20,
    "t5": 2.6669148306869668e-20,
    "alpha_5": 0.2846124112434833,
    "epsilon_5": 0.0,
    "beta_5": 0.2846124112434832,
    "gamma_5": 0.2846124112434833,
    "epsilon_prime_5": -5.42050064964047e-16
}