{
    "f0": 0.5513679999999999,
    "g0": 0.121032,
    "h0": 0,
    "t0": 0,
    "f1": 2.645003011018643,
    "g1": 0.2188173535400135,
    "h1": 0.00832408283054278,
    "t1": 0.0018272376945093914,
    "alpha_1": 0.21951219512195128,
    "beta_1": 0.0,
    "gamma_1": 9999,
    "epsilon_1": -1.0,
    "epsilon_prime_1": 45550.99999999999,
    "f2": 70.4905721365411,
    "g2": 4.946471356519779,
    "h2": 0.3314086183699141,
    "t2": 0.02537628605399023,
    "alpha_2": 0.08272858391028547,
    "beta_2": 0.03804123711340206,
    "gamma_2": 0.2195121951219513,
    "epsilon_2": -0.20357569096357991,
    "epsilon_prime_2": 0.8267010309278352,
    "f3": 1171028.8164836226,
    "g3": 81294.00427801847,
    "h3": 5643.6121192097735,
    "t3": 391.82525485986275,
    "alpha_3": 0.07017209829051185,
    "beta_3": 0.06699899675616143,
    "gamma_3": 0.07657099015350755,
    "epsilon_3": -0.014455240323151921,
    "epsilon_prime_3": 0.04360574769902118,
    "f4": 5.333799402194244e+18,
    "g4": 3.70284564494919e+17,
    "h4": 2.57060021216756e+16,
    "t4": 1784569513999697.0,
    "alpha_4": 0.06942101093816713,
    "beta_4": 0.06942224299727083,
    "gamma_4": 0.06942809792440638,
    "epsilon_4": 5.612713694623978e-06,
    "epsilon_prime_4": 2.6672445839720805e-05,
    "f5": 5.040307721047667e+56,
    "g5": 3.49909700212393e+55,
    "h5": 2.4291532398199947e+54,
    "t5": 1.686373786993112e+53,
    "alpha_5": 0.06942228917394036,
    "beta_5": 0.06942228919733524,
    "gamma_5": 0.06942228922073135,
    "epsilon_5": 1.0657669037418392e-10,
    "epsilon_prime_5": 1.0658225382511844e-10,
    "f6": 4.253223181951921e+170,
    "g6": 2.9526848972305476e+169,
    "h6": 2.0498214481969135e+168,
    "t6": 1.4230329736265165e+167,
    "alpha_6": 0.06942228918905403,
    "beta_6": 0.06942228918905403,
    "gamma_6": 0.06942228918905403,
    "epsilon_6": 0.0,
    "epsilon_prime_6": 0.0,
    "f7": Infinity,
    "g7": Infinity,
    "h7": Infinity,
    "t7": Infinity,
    "alpha_7": 0.06942228918905402,
    "beta_7": 0.06942228918905402,
    "gamma_7": 0.06942228918905402,
    "epsilon_7": 0.0,
    "epsilon_prime_7": 0.0,
    "f8": Infinity,
    "g8": Infinity,
    "h8": Infinity,
    "t8": Infinity,
    "alpha_8": NaN,
    "beta_8": NaN,
    "gamma_8": NaN,
    "epsilon_8": NaN,
    "epsilon_prime_8": NaN,
    "f9": Infinity,
    "g9": Infinity,
    "h9": Infinity,
    "t9": Infinity,
    "alpha_9": NaN,
    "beta_9": NaN,
    "gamma_9": NaN,
    "epsilon_9": NaN,
    "epsilon_prime_9": NaN,
    "f10": Infinity,
    "g10": Infinity,
    "h10": Infinity,
    "t10": Infinity,
    "alpha_10": NaN,
    "beta_10": NaN,
    "gamma_10": NaN,
    "epsilon_10": NaN,
    "epsilon_prime_10": NaN,
    "f11": Infinity,
    "g11": Infinity,
    "h11": Infinity,
    "t11": Infinity,
    "alpha_11": NaN,
    "beta_11": NaN,
    "gamma_11": NaN,
    "epsilon_11": NaN,
    "epsilon_prime_11": NaN,
    "f12": Infinity,
    "g12": Infinity,
    "h12": Infinity,
    "t12": Infinity,
    "alpha_12": NaN,
    "beta_12": NaN,
    "gamma_12": NaN,
    "epsilon_12": NaN,
    "epsilon_prime_12": NaN,
    "f13": Infinity,
    "g13": Infinity,
    "h13": Infinity,
    "t13": Infinity,
    "alpha_13": NaN,
    "beta_13": NaN,
    "gamma_13": NaN,
    "epsilon_13": NaN,
    "epsilon_prime_13": NaN,
    "f14": Infinity,
    "g14": Infinity,
    "h14": Infinity,
    "t14": Infinity,
    "alpha_14": NaN,
    "beta_14": NaN,
    "gamma_14": NaN,
    "epsilon_14": NaN,
    "epsilon_prime_14": NaN,
    "f15": Infinity,
    "g15": Infinity,
    "h15": Infinity,
    "t15": Infinity,
    "alpha_15": NaN,
    "beta_15": NaN,
    "gamma_15": NaN,
    "epsilon_15": NaN,
    "epsilon_prime_15": NaN,
    "f16": Infinity,
    "g16": Infinity,
    "h16": Infinity,
    "t16": Infinity,
    "alpha_16": NaN,
    "beta_16": NaN,
    "gamma_16": NaN,
    "epsilon_16": NaN,
    "epsilon_prime_16": NaN,
    "f17": Infinity,
    "g17": Infinity,
    "h17": Infinity,
    "t17": Infinity,
    "alpha_17": NaN,
    "beta_17": NaN,
    "gamma_17": NaN,
    "epsilon_17": NaN,
    "epsilon_prime_17": NaN,
    "f18": Infinity,
    "g18": Infinity,
    "h18": Infinity,
    "t18": Infinity,
    "alpha_18": NaN,
    "beta_18": NaN,
    "gamma_18": NaN,
    "epsilon_18": NaN,
    "epsilon_prime_18": NaN,
    "f19": Infinity,
    "g19": Infinity,
    "h19": Infinity,
    "t19": Infinity,
    "alpha_19": NaN,
    "beta_19": NaN,
    "gamma_19": NaN,
    "epsilon_19": NaN,
    "epsilon_prime_19": NaN,
    "f20": Infinity,
    "g20": Infinity,
    "h20": Infinity,
    "t20": Infinity,
    "alpha_20": NaN,
    "beta_20": NaN,
    "gamma_20": NaN,
    "epsilon_20": NaN,
    "epsilon_prime_20": NaN
}