{
    "f0": 0.5513680000000001,
    "g0": 0.12103200000000001,
    "h0": 0,
    "t0": 0,
    "f1": 0.4646243401774706,
    "g1": 0.07442083316459523,
    "h1": 0.011622783061882372,
    "t1": 0.0017729669077447686,
    "alpha_1": 0.21951219512195122,
    "beta_1": 0.0,
    "gamma_1": 9999,
    "epsilon_1": -1.0000000000000002,
    "epsilon_prime_1": 45551.00000000001,
    "f2": 0.23061772604412972,
    "g2": 0.03671704173441902,
    "h2": 0.005845730308280404,
    "t2": 0.0009306919611700707,
    "alpha_2": 0.16017420253138054,
    "beta_2": 0.15617647058823528,
    "gamma_2": 0.15254237288135594,
    "epsilon_2": -0.018211889963217303,
    "epsilon_prime_2": -0.016555333998005864,
    "f3": 0.028108819473976535,
    "g3": 0.004475243399449327,
    "h3": 0.0007125095916188556,
    "t3": 0.00011343962167750204,
    "alpha_3": 0.15921170659445774,
    "beta_3": 0.15921027490623088,
    "gamma_3": 0.1592088433932296,
    "epsilon_3": -6.522135255698164e-06,
    "epsilon_prime_3": -6.521337005815303e-06,
    "f4": 5.089696148426408e-05,
    "g4": 8.103374499426863e-06,
    "h4": 1.2901492812741523e-06,
    "t4": 2.0540642273042404e-07,
    "alpha_4": 0.15921136081835663,
    "beta_4": 0.15921136081816892,
    "gamma_4": 0.15921136081798118,
    "epsilon_4": -8.551276970476037e-13,
    "epsilon_prime_4": -8.552541391142971e-13,
    "f5": 3.021618321203695e-13,
    "g5": 4.8107596479238143e-14,
    "h5": 7.659275901157707e-15,
    "t5": 1.219443739106216e-15,
    "alpha_5": 0.15921136081831133,
    "beta_5": 0.1592113608183112,
    "gamma_5": 0.1592113608183113,
    "epsilon_5": -6.3221033346710315e-16,
    "epsilon_prime_5": 5.057682667736825e-16,
    "f6": 6.322412861996641e-38,
    "g6": 1.0065999554136795e-38,
    "h6": 1.6026214870106333e-39,
    "t6": 2.551555478236286e-40,
    "alpha_6": 0.15921136081831128,
    "beta_6": 0.1592113608183113,
    "gamma_6": 0.15921136081831128,
    "epsilon_6": 1.2644206669342063e-16,
    "epsilon_prime_6": -1.2644206669342063e-16,
    "f7": 5.791787168388794e-112,
    "g7": 9.221183166492138e-113,
    "h7": 1.4681171202921174e-113,
    "t7": 2.337409245623685e-114,
    "alpha_7": 0.1592113608183113,
    "beta_7": 0.15921136081831122,
    "gamma_7": 0.15921136081831133,
    "epsilon_7": -3.7932620008026185e-16,
    "epsilon_prime_7": 5.057682667736825e-16,
    "f8": 0.0,
    "g8": 0.0,
    "h8": 0.0,
    "t8": 0.0,
    "alpha_8": 0.1592113608183113,
    "beta_8": 0.15921136081831122,
    "gamma_8": 0.15921136081831133,
    "epsilon_8": -3.7932620008026185e-16,
    "epsilon_prime_8": 5.057682667736825e-16,
    "f9": 0.0,
    "g9": 0.0,
    "h9": 0.0,
    "t9": 0.0,
    "alpha_9": NaN,
    "beta_9": NaN,
    "gamma_9": NaN,
    "epsilon_9": NaN,
    "epsilon_prime_9": NaN,
    "f10": 0.0,
    "g10": 0.0,
    "h10": 0.0,
    "t10": 0.0,
    "alpha_10": NaN,
    "beta_10": NaN,
    "gamma_10": NaN,
    "epsilon_10": NaN,
    "epsilon_prime_10": NaN,
    "f11": 0.0,
    "g11": 0.0,
    "h11": 0.0,
    "t11": 0.0,
    "alpha_11": NaN,
    "beta_11": NaN,
    "gamma_11": NaN,
    "epsilon_11": NaN,
    "epsilon_prime_11": NaN,
    "f12": 0.0,
    "g12": 0.0,
    "h12": 0.0,
    "t12": 0.0,
    "alpha_12": NaN,
    "beta_12": NaN,
    "gamma_12": NaN,
    "epsilon_12": NaN,
    "epsilon_prime_12": NaN,
    "f13": 0.0,
    "g13": 0.0,
    "h13": 0.0,
    "t13": 0.0,
    "alpha_13": NaN,
    "beta_13": NaN,
    "gamma_13": NaN,
    "epsilon_13": NaN,
    "epsilon_prime_13": NaN,
    "f14": 0.0,
    "g14": 0.0,
    "h14": 0.0,
    "t14": 0.0,
    "alpha_14": NaN,
    "beta_14": NaN,
    "gamma_14": NaN,
    "epsilon_14": NaN,
    "epsilon_prime_14": NaN,
    "f15": 0.0,
    "g15": 0.0,
    "h15": 0.0,
    "t15": 0.0,
    "alpha_15": NaN,
    "beta_15": NaN,
    "gamma_15": NaN,
    "epsilon_15": NaN,
    "epsilon_prime_15": NaN,
    "f16": 0.0,
    "g16": 0.0,
    "h16": 0.0,
    "t16": 0.0,
    "alpha_16": NaN,
    "beta_16": NaN,
    "gamma_16": NaN,
    "epsilon_16": NaN,
    "epsilon_prime_16": NaN,
    "f17": 0.0,
    "g17": 0.0,
    "h17": 0.0,
    "t17": 0.0,
    "alpha_17": NaN,
    "beta_17": NaN,
    "gamma_17": NaN,
    "epsilon_17": NaN,
    "epsilon_prime_17": NaN,
    "f18": 0.0,
    "g18": 0.0,
    "h18": 0.0,
    "t18": 0.0,
    "alpha_18": NaN,
    "beta_18": NaN,
    "gamma_18": NaN,
    "epsilon_18": NaN,
    "epsilon_prime_18": NaN,
    "f19": 0.0,
    "g19": 0.0,
    "h19": 0.0,
    "t19": 0.0,
    "alpha_19": NaN,
    "beta_19": NaN,
    "gamma_19": NaN,
    "epsilon_19": NaN,
    "epsilon_prime_19": NaN,
    "f20": 0.0,
    "g20": 0.0,
    "h20": 0.0,
    "t20": 0.0,
    "alpha_20": NaN,
    "beta_20": NaN,
    "gamma_20": NaN,
    "epsilon_20": NaN,
    "epsilon_prime_20": NaN
}