{
    "f1": 0.27800315677707693,
    "g1": 0.08974276940436485,
    "h1": 0.024230547739178508,
    "t1": 0.0035459338154895373,
    "alpha_1": 0.3228120516499282,
    "epsilon_1": 0.0,
    "beta_1": 0.27,
    "gamma_1": 0.14634146341463414,
    "epsilon_prime_1": 0.5633333333333336,
    "f2": 0.09394215561010655,
    "g2": 0.028199573220928087,
    "h2": 0.008450869674932093,
    "t2": 0.0025282483923473272,
    "alpha_2": 0.3001801804289692,
    "epsilon_2": 0.0,
    "beta_2": 0.29968076497910784,
    "gamma_2": 0.29917020254695187,
    "epsilon_prime_2": 0.002325895524266085,
    "f3": 0.0033974936357018706,
    "g3": 0.001019222522168959,
    "h3": 0.00030575905624257387,
    "t3": 9.172539779729278e-05,
    "alpha_3": 0.2999924742930102,
    "epsilon_3": 0.0,
    "beta_3": 0.29999244482147286,
    "gamma_3": 0.2999924153498252,
    "epsilon_prime_3": 1.3425972831024623e-07,
    "f4": 1.6062888422090773e-07,
    "g4": 4.818745464514025e-08,
    "h4": 1.4455873216326603e-08,
    "t4": 4.336653014470519e-09,
    "alpha_4": 0.29999246324135326,
    "epsilon_4": 0.0,
    "beta_4": 0.29999246324135304,
    "gamma_4": 0.29999246324135304,
    "epsilon_prime_4": 0.0,
    "f5": 1.697534468395672e-20,
    "g5": 5.092475466111187e-21,
    "h5": 1.527704259074853e-21,
    "t5": 4.582997637841715e-22,
    "alpha_5": 0.2999924632413532,
    "epsilon_5": 0.0,
    "beta_5": 0.29999246324135315,
    "gamma_5": 0.29999246324135315,
    "epsilon_prime_5": 0.0
}