{
    "f0": 0.5513680000000001,
    "g0": 0.12103200000000001,
    "h0": 0,
    "t0": 0,
    "f1": 0.4646243401774706,
    "g1": 0.07442083316459523,
    "h1": 0.011622783061882372,
    "t1": 0.0017729669077447686,
    "beta_1": 0.15617647058823528,
    "alpha_1": 0.16017420253138054,
    "epsilon_1": -0.018211889963217303,
    "gamma_1": 0.15254237288135594,
    "epsilon_prime_1": -0.016555333998005864,
    "f2": 0.23061772604412972,
    "g2": 0.03671704173441902,
    "h2": 0.005845730308280404,
    "t2": 0.0009306919611700707,
    "beta_2": 0.15921027490623088,
    "alpha_2": 0.15921170659445774,
    "epsilon_2": -6.522135255698164e-06,
    "gamma_2": 0.1592088433932296,
    "epsilon_prime_2": -6.521337005815303e-06,
    "f3": 0.028108819473976535,
    "g3": 0.004475243399449327,
    "h3": 0.0007125095916188556,
    "t3": 0.00011343962167750204,
    "beta_3": 0.15921136081816892,
    "alpha_3": 0.15921136081835663,
    "epsilon_3": -8.551276970476037e-13,
    "gamma_3": 0.15921136081798118,
    "epsilon_prime_3": -8.552541391142971e-13,
    "f4": 5.089696148426408e-05,
    "g4": 8.103374499426863e-06,
    "h4": 1.2901492812741523e-06,
    "t4": 2.0540642273042404e-07,
    "beta_4": 0.1592113608183112,
    "alpha_4": 0.15921136081831133,
    "epsilon_4": -6.3221033346710315e-16,
    "gamma_4": 0.1592113608183113,
    "epsilon_prime_4": 5.057682667736825e-16,
    "f5": 3.021618321203695e-13,
    "g5": 4.8107596479238143e-14,
    "h5": 7.659275901157707e-15,
    "t5": 1.219443739106216e-15,
    "beta_5": 0.1592113608183113,
    "alpha_5": 0.15921136081831128,
    "epsilon_5": 1.2644206669342063e-16,
    "gamma_5": 0.15921136081831128,
    "epsilon_prime_5": -1.2644206669342063e-16
}