{
    "f0": 0.531441,
    "g0": 0.12465900000000002,
    "h0": 0,
    "t0": 0,
    "f1": 2.682550112842076,
    "g1": 0.23393677461254705,
    "h1": 0.008511316693350115,
    "t1": 0.0019964816935018792,
    "alpha_1": 0.23456790123456792,
    "beta_1": 0.0,
    "gamma_1": 9999,
    "epsilon_1": -1.0000000000000002,
    "epsilon_prime_1": 42627.31578947369,
    "f2": 79.56240539871087,
    "g2": 5.7217755765691,
    "h2": 0.38663906931376374,
    "t2": 0.030722312236510667,
    "alpha_2": 0.08720686092409977,
    "beta_2": 0.03638297872340425,
    "gamma_2": 0.23456790123456794,
    "epsilon_2": -0.21667023464507038,
    "epsilon_prime_2": 0.844893617021277,
    "f3": 1757734.5522283402,
    "g3": 124390.67093879447,
    "h3": 8802.848425667662,
    "t3": 623.0412003140083,
    "alpha_3": 0.0719155680109919,
    "beta_3": 0.06757326709860244,
    "gamma_3": 0.07945992703489316,
    "epsilon_3": -0.018511914415976133,
    "epsilon_prime_3": 0.05067470814944992,
    "f4": 1.8731514496292397e+19,
    "g4": 1.3256054897177664e+18,
    "h4": 9.38114168788883e+16,
    "t4": 6638914827351306.0,
    "alpha_4": 0.07076760867054707,
    "beta_4": 0.07076775419917977,
    "gamma_4": 0.07077722689139146,
    "epsilon_4": 6.204115394057765e-07,
    "epsilon_prime_4": 4.038358258666661e-05,
    "f5": 2.266966442625289e+58,
    "g5": 1.604303358849365e+57,
    "h5": 1.1353451109028083e+56,
    "t5": 8.034693150398998e+54,
    "alpha_5": 0.07076872988460964,
    "beta_5": 0.07076872991742182,
    "gamma_5": 0.07076872995023864,
    "epsilon_5": 1.398835192415635e-10,
    "epsilon_prime_5": 1.3990327975058207e-10,
    "f6": 4.018478856823078e+175,
    "g6": 2.8438264485294073e+174,
    "h6": 2.012539858365477e+173,
    "t6": 1.4242488966245543e+172,
    "alpha_6": 0.0707687299063625,
    "beta_6": 0.07076872990636247,
    "gamma_6": 0.07076872990636246,
    "epsilon_6": -1.183264013087338e-16,
    "epsilon_prime_6": -5.91632006543669e-17,
    "f7": Infinity,
    "g7": Infinity,
    "h7": Infinity,
    "t7": Infinity,
    "alpha_7": 0.07076872990636249,
    "beta_7": 0.07076872990636249,
    "gamma_7": 0.07076872990636247,
    "epsilon_7": 0.0,
    "epsilon_prime_7": -5.91632006543669e-17,
    "f8": Infinity,
    "g8": Infinity,
    "h8": Infinity,
    "t8": Infinity,
    "alpha_8": NaN,
    "beta_8": NaN,
    "gamma_8": NaN,
    "epsilon_8": NaN,
    "epsilon_prime_8": NaN,
    "f9": Infinity,
    "g9": Infinity,
    "h9": Infinity,
    "t9": Infinity,
    "alpha_9": NaN,
    "beta_9": NaN,
    "gamma_9": NaN,
    "epsilon_9": NaN,
    "epsilon_prime_9": NaN,
    "f10": Infinity,
    "g10": Infinity,
    "h10": Infinity,
    "t10": Infinity,
    "alpha_10": NaN,
    "beta_10": NaN,
    "gamma_10": NaN,
    "epsilon_10": NaN,
    "epsilon_prime_10": NaN,
    "f11": Infinity,
    "g11": Infinity,
    "h11": Infinity,
    "t11": Infinity,
    "alpha_11": NaN,
    "beta_11": NaN,
    "gamma_11": NaN,
    "epsilon_11": NaN,
    "epsilon_prime_11": NaN,
    "f12": Infinity,
    "g12": Infinity,
    "h12": Infinity,
    "t12": Infinity,
    "alpha_12": NaN,
    "beta_12": NaN,
    "gamma_12": NaN,
    "epsilon_12": NaN,
    "epsilon_prime_12": NaN,
    "f13": Infinity,
    "g13": Infinity,
    "h13": Infinity,
    "t13": Infinity,
    "alpha_13": NaN,
    "beta_13": NaN,
    "gamma_13": NaN,
    "epsilon_13": NaN,
    "epsilon_prime_13": NaN,
    "f14": Infinity,
    "g14": Infinity,
    "h14": Infinity,
    "t14": Infinity,
    "alpha_14": NaN,
    "beta_14": NaN,
    "gamma_14": NaN,
    "epsilon_14": NaN,
    "epsilon_prime_14": NaN,
    "f15": Infinity,
    "g15": Infinity,
    "h15": Infinity,
    "t15": Infinity,
    "alpha_15": NaN,
    "beta_15": NaN,
    "gamma_15": NaN,
    "epsilon_15": NaN,
    "epsilon_prime_15": NaN,
    "f16": Infinity,
    "g16": Infinity,
    "h16": Infinity,
    "t16": Infinity,
    "alpha_16": NaN,
    "beta_16": NaN,
    "gamma_16": NaN,
    "epsilon_16": NaN,
    "epsilon_prime_16": NaN,
    "f17": Infinity,
    "g17": Infinity,
    "h17": Infinity,
    "t17": Infinity,
    "alpha_17": NaN,
    "beta_17": NaN,
    "gamma_17": NaN,
    "epsilon_17": NaN,
    "epsilon_prime_17": NaN,
    "f18": Infinity,
    "g18": Infinity,
    "h18": Infinity,
    "t18": Infinity,
    "alpha_18": NaN,
    "beta_18": NaN,
    "gamma_18": NaN,
    "epsilon_18": NaN,
    "epsilon_prime_18": NaN,
    "f19": Infinity,
    "g19": Infinity,
    "h19": Infinity,
    "t19": Infinity,
    "alpha_19": NaN,
    "beta_19": NaN,
    "gamma_19": NaN,
    "epsilon_19": NaN,
    "epsilon_prime_19": NaN,
    "f20": Infinity,
    "g20": Infinity,
    "h20": Infinity,
    "t20": Infinity,
    "alpha_20": NaN,
    "beta_20": NaN,
    "gamma_20": NaN,
    "epsilon_20": NaN,
    "epsilon_prime_20": NaN
}