{
    "f0": 0.531441,
    "g0": 0.12465900000000002,
    "h0": 0,
    "t0": 0,
    "f1": 0.4395400038937237,
    "g1": 0.07405302446531824,
    "h1": 0.012132890457687284,
    "t1": 0.0019371841907231799,
    "beta_1": 0.16384057971014493,
    "alpha_1": 0.16847846341472825,
    "epsilon_1": -0.019772030530065723,
    "gamma_1": 0.1596638655462185,
    "epsilon_prime_1": -0.017805991962002134,
    "f2": 0.20266443497100278,
    "g2": 0.033909759135093046,
    "h2": 0.005673705034224367,
    "t2": 0.0009493004564635977,
    "beta_2": 0.1673177627602986,
    "alpha_2": 0.16731973293658975,
    "epsilon_2": -8.399172609589942e-06,
    "gamma_2": 0.1673157928967616,
    "epsilon_prime_2": -8.397839289359404e-06,
    "f3": 0.019789019411122592,
    "g3": 0.0033110836674735615,
    "h3": 0.0005540079993465607,
    "t3": 9.269619682353153e-05,
    "beta_3": 0.16731923895154316,
    "alpha_3": 0.16731923895190773,
    "epsilon_3": -1.5542172811902185e-12,
    "gamma_3": 0.1673192389511785,
    "epsilon_prime_3": -1.5545722603941446e-12,
    "f4": 1.8423144056368677e-05,
    "g4": 3.0825464426112853e-06,
    "h4": 5.157693248113493e-07,
    "t4": 8.629813090212708e-08,
    "beta_4": 0.1673192389518164,
    "alpha_4": 0.16731923895181633,
    "epsilon_4": 3.549792039262014e-16,
    "gamma_4": 0.16731923895181627,
    "epsilon_prime_4": -5.91632006543669e-16,
    "f5": 1.4865590612764712e-14,
    "g5": 2.4872993078970575e-15,
    "h5": 4.1617302724271505e-16,
    "t5": 6.963375419052459e-17,
    "beta_5": 0.1673192389518163,
    "alpha_5": 0.16731923895181638,
    "epsilon_5": -3.549792039262014e-16,
    "gamma_5": 0.1673192389518163,
    "epsilon_prime_5": 0.0
}