{
    "f1": 0.25571678606155424,
    "g1": 0.08693181132885185,
    "h1": 0.02477556622872278,
    "t1": 0.0038743683814463597,
    "alpha_1": 0.33995348005009834,
    "epsilon_1": 0.0,
    "beta_1": 0.28500000000000003,
    "gamma_1": 0.15637860082304522,
    "epsilon_prime_1": 0.5483333333333337,
    "f2": 0.07770013845767504,
    "g2": 0.02452012067578651,
    "h2": 0.007724310199489726,
    "t2": 0.0024289221869751307,
    "alpha_2": 0.31557370633442505,
    "epsilon_2": 0.0,
    "beta_2": 0.31501925710820183,
    "gamma_2": 0.31445166289872556,
    "epsilon_prime_2": 0.0024197437351356956,
    "f3": 0.002035444775671804,
    "g3": 0.0006418952676409224,
    "h3": 0.00020242724906053872,
    "t3": 6.383718411351316e-05,
    "alpha_3": 0.3153587242027056,
    "epsilon_3": 0.0,
    "beta_3": 0.3153586874140611,
    "gamma_3": 0.3153586506252513,
    "epsilon_prime_3": 1.568365048358538e-07,
    "f4": 3.656908721939643e-08,
    "g4": 1.1532380170429913e-08,
    "h4": 3.636836533474737e-09,
    "t4": 1.146908077582345e-09,
    "alpha_4": 0.3153587099738459,
    "epsilon_4": 0.0,
    "beta_4": 0.31535870997384574,
    "gamma_4": 0.31535870997384546,
    "epsilon_prime_4": 1.183264013087338e-15,
    "f5": 2.1206963673122885e-22,
    "g5": 6.687800706418242e-23,
    "h5": 2.1090562033382327e-23,
    "t5": 6.651092435470819e-24,
    "alpha_5": 0.31535870997384574,
    "epsilon_5": 0.0,
    "beta_5": 0.315358709973846,
    "gamma_5": 0.31535870997384574,
    "epsilon_prime_5": 1.183264013087338e-15
}