{
    "f0": 0.531441,
    "g0": 0.12465900000000002,
    "h0": 0,
    "t0": 0,
    "f1": 0.4395400038937237,
    "g1": 0.07405302446531824,
    "h1": 0.012132890457687284,
    "t1": 0.0019371841907231799,
    "alpha_1": 0.23456790123456792,
    "beta_1": 0.0,
    "gamma_1": 9999,
    "epsilon_1": -1.0000000000000002,
    "epsilon_prime_1": 42627.31578947369,
    "f2": 0.20266443497100278,
    "g2": 0.033909759135093046,
    "h2": 0.005673705034224367,
    "t2": 0.0009493004564635977,
    "alpha_2": 0.16847846341472825,
    "beta_2": 0.16384057971014493,
    "gamma_2": 0.1596638655462185,
    "epsilon_2": -0.019772030530065723,
    "epsilon_prime_2": -0.017805991962002134,
    "f3": 0.019789019411122592,
    "g3": 0.0033110836674735615,
    "h3": 0.0005540079993465607,
    "t3": 9.269619682353153e-05,
    "alpha_3": 0.16731973293658975,
    "beta_3": 0.1673177627602986,
    "gamma_3": 0.1673157928967616,
    "epsilon_3": -8.399172609589942e-06,
    "epsilon_prime_3": -8.397839289359404e-06,
    "f4": 1.8423144056368677e-05,
    "g4": 3.0825464426112853e-06,
    "h4": 5.157693248113493e-07,
    "t4": 8.629813090212708e-08,
    "alpha_4": 0.16731923895190773,
    "beta_4": 0.16731923895154316,
    "gamma_4": 0.1673192389511785,
    "epsilon_4": -1.5542172811902185e-12,
    "epsilon_prime_4": -1.5545722603941446e-12,
    "f5": 1.4865590612764712e-14,
    "g5": 2.4872993078970575e-15,
    "h5": 4.1617302724271505e-16,
    "t5": 6.963375419052459e-17,
    "alpha_5": 0.16731923895181633,
    "beta_5": 0.1673192389518164,
    "gamma_5": 0.16731923895181627,
    "epsilon_5": 3.549792039262014e-16,
    "epsilon_prime_5": -5.91632006543669e-16,
    "f6": 7.809755361746282e-42,
    "g6": 1.3067223235272551e-42,
    "h6": 2.1863978469392956e-43,
    "t6": 3.6582642379577275e-44,
    "alpha_6": 0.16731923895181638,
    "beta_6": 0.1673192389518163,
    "gamma_6": 0.1673192389518163,
    "epsilon_6": -3.549792039262014e-16,
    "epsilon_prime_6": 0.0,
    "f7": 1.1324087444436044e-123,
    "g7": 1.894737693026858e-124,
    "h7": 3.17026068810574e-125,
    "t7": 5.304456056127143e-126,
    "alpha_7": 0.16731923895181636,
    "beta_7": 0.1673192389518164,
    "gamma_7": 0.16731923895181633,
    "epsilon_7": 2.366528026174676e-16,
    "epsilon_prime_7": -3.549792039262014e-16,
    "f8": 0.0,
    "g8": 0.0,
    "h8": 0.0,
    "t8": 0.0,
    "alpha_8": 0.16731923895181638,
    "beta_8": 0.16731923895181627,
    "gamma_8": 0.16731923895181644,
    "epsilon_8": -4.733056052349352e-16,
    "epsilon_prime_8": 7.099584078524028e-16,
    "f9": 0.0,
    "g9": 0.0,
    "h9": 0.0,
    "t9": 0.0,
    "alpha_9": NaN,
    "beta_9": NaN,
    "gamma_9": NaN,
    "epsilon_9": NaN,
    "epsilon_prime_9": NaN,
    "f10": 0.0,
    "g10": 0.0,
    "h10": 0.0,
    "t10": 0.0,
    "alpha_10": NaN,
    "beta_10": NaN,
    "gamma_10": NaN,
    "epsilon_10": NaN,
    "epsilon_prime_10": NaN,
    "f11": 0.0,
    "g11": 0.0,
    "h11": 0.0,
    "t11": 0.0,
    "alpha_11": NaN,
    "beta_11": NaN,
    "gamma_11": NaN,
    "epsilon_11": NaN,
    "epsilon_prime_11": NaN,
    "f12": 0.0,
    "g12": 0.0,
    "h12": 0.0,
    "t12": 0.0,
    "alpha_12": NaN,
    "beta_12": NaN,
    "gamma_12": NaN,
    "epsilon_12": NaN,
    "epsilon_prime_12": NaN,
    "f13": 0.0,
    "g13": 0.0,
    "h13": 0.0,
    "t13": 0.0,
    "alpha_13": NaN,
    "beta_13": NaN,
    "gamma_13": NaN,
    "epsilon_13": NaN,
    "epsilon_prime_13": NaN,
    "f14": 0.0,
    "g14": 0.0,
    "h14": 0.0,
    "t14": 0.0,
    "alpha_14": NaN,
    "beta_14": NaN,
    "gamma_14": NaN,
    "epsilon_14": NaN,
    "epsilon_prime_14": NaN,
    "f15": 0.0,
    "g15": 0.0,
    "h15": 0.0,
    "t15": 0.0,
    "alpha_15": NaN,
    "beta_15": NaN,
    "gamma_15": NaN,
    "epsilon_15": NaN,
    "epsilon_prime_15": NaN,
    "f16": 0.0,
    "g16": 0.0,
    "h16": 0.0,
    "t16": 0.0,
    "alpha_16": NaN,
    "beta_16": NaN,
    "gamma_16": NaN,
    "epsilon_16": NaN,
    "epsilon_prime_16": NaN,
    "f17": 0.0,
    "g17": 0.0,
    "h17": 0.0,
    "t17": 0.0,
    "alpha_17": NaN,
    "beta_17": NaN,
    "gamma_17": NaN,
    "epsilon_17": NaN,
    "epsilon_prime_17": NaN,
    "f18": 0.0,
    "g18": 0.0,
    "h18": 0.0,
    "t18": 0.0,
    "alpha_18": NaN,
    "beta_18": NaN,
    "gamma_18": NaN,
    "epsilon_18": NaN,
    "epsilon_prime_18": NaN,
    "f19": 0.0,
    "g19": 0.0,
    "h19": 0.0,
    "t19": 0.0,
    "alpha_19": NaN,
    "beta_19": NaN,
    "gamma_19": NaN,
    "epsilon_19": NaN,
    "epsilon_prime_19": NaN,
    "f20": 0.0,
    "g20": 0.0,
    "h20": 0.0,
    "t20": 0.0,
    "alpha_20": NaN,
    "beta_20": NaN,
    "gamma_20": NaN,
    "epsilon_20": NaN,
    "epsilon_prime_20": NaN
}