{
    "f0": 0.5120000000000001,
    "g0": 0.12800000000000003,
    "h0": 0,
    "t0": 0,
    "f1": 2.706005369478894,
    "g1": 0.24855480630197513,
    "h1": 0.008645384567025221,
    "t1": 0.0021613461417563052,
    "alpha_1": 0.25,
    "beta_1": 0.0,
    "gamma_1": 9999,
    "epsilon_1": -1.0,
    "epsilon_prime_1": 39996.0,
    "f2": 88.4234061254798,
    "g2": 6.514663285736379,
    "h2": 0.4426591552254441,
    "t2": 0.03650392839691512,
    "alpha_2": 0.09185303514376998,
    "beta_2": 0.03478260869565217,
    "gamma_2": 0.25,
    "epsilon_2": -0.22828170579247126,
    "epsilon_prime_2": 0.8608695652173913,
    "f3": 2517241.9340079753,
    "g3": 181330.01946758595,
    "h3": 13061.749541636147,
    "t3": 941.0811361817567,
    "alpha_3": 0.07367577852058263,
    "beta_3": 0.0679481249928343,
    "gamma_3": 0.0824650929863268,
    "epsilon_3": -0.02291061411099332,
    "epsilon_prime_3": 0.05806787197397001,
    "f4": 5.701637440303571e+19,
    "g4": 4.1072183986378696e+18,
    "h4": 2.958666376385353e+17,
    "t4": 2.131298091012744e+16,
    "alpha_4": 0.07203519733952257,
    "beta_4": 0.07203302343421977,
    "gamma_4": 0.07204862818582836,
    "epsilon_4": -8.695621211196602e-06,
    "epsilon_prime_4": 6.241900643433329e-05,
    "f5": 6.625750351361559e+59,
    "g5": 4.7729102463472507e+58,
    "h5": 3.438202620327411e+57,
    "t5": 2.4767357122361907e+56,
    "alpha_5": 0.07203576940204724,
    "beta_5": 0.07203576944840756,
    "gamma_5": 0.07203576949478781,
    "epsilon_5": 1.854412734481059e-10,
    "epsilon_prime_5": 1.85520987461274e-10,
    "f6": 1.039780049993103e+180,
    "g6": 7.490135594287389e+178,
    "h6": 5.395576806958646e+177,
    "t6": 3.886745268269046e+176,
    "alpha_6": 0.07203576943351693,
    "beta_6": 0.07203576943351694,
    "gamma_6": 0.07203576943351692,
    "epsilon_6": 5.551115123125783e-17,
    "epsilon_prime_6": -1.1102230246251565e-16,
    "f7": Infinity,
    "g7": Infinity,
    "h7": Infinity,
    "t7": Infinity,
    "alpha_7": 0.07203576943351694,
    "beta_7": 0.07203576943351693,
    "gamma_7": 0.07203576943351694,
    "epsilon_7": -5.551115123125783e-17,
    "epsilon_prime_7": 5.551115123125783e-17,
    "f8": Infinity,
    "g8": Infinity,
    "h8": Infinity,
    "t8": Infinity,
    "alpha_8": NaN,
    "beta_8": NaN,
    "gamma_8": NaN,
    "epsilon_8": NaN,
    "epsilon_prime_8": NaN,
    "f9": Infinity,
    "g9": Infinity,
    "h9": Infinity,
    "t9": Infinity,
    "alpha_9": NaN,
    "beta_9": NaN,
    "gamma_9": NaN,
    "epsilon_9": NaN,
    "epsilon_prime_9": NaN,
    "f10": Infinity,
    "g10": Infinity,
    "h10": Infinity,
    "t10": Infinity,
    "alpha_10": NaN,
    "beta_10": NaN,
    "gamma_10": NaN,
    "epsilon_10": NaN,
    "epsilon_prime_10": NaN,
    "f11": Infinity,
    "g11": Infinity,
    "h11": Infinity,
    "t11": Infinity,
    "alpha_11": NaN,
    "beta_11": NaN,
    "gamma_11": NaN,
    "epsilon_11": NaN,
    "epsilon_prime_11": NaN,
    "f12": Infinity,
    "g12": Infinity,
    "h12": Infinity,
    "t12": Infinity,
    "alpha_12": NaN,
    "beta_12": NaN,
    "gamma_12": NaN,
    "epsilon_12": NaN,
    "epsilon_prime_12": NaN,
    "f13": Infinity,
    "g13": Infinity,
    "h13": Infinity,
    "t13": Infinity,
    "alpha_13": NaN,
    "beta_13": NaN,
    "gamma_13": NaN,
    "epsilon_13": NaN,
    "epsilon_prime_13": NaN,
    "f14": Infinity,
    "g14": Infinity,
    "h14": Infinity,
    "t14": Infinity,
    "alpha_14": NaN,
    "beta_14": NaN,
    "gamma_14": NaN,
    "epsilon_14": NaN,
    "epsilon_prime_14": NaN,
    "f15": Infinity,
    "g15": Infinity,
    "h15": Infinity,
    "t15": Infinity,
    "alpha_15": NaN,
    "beta_15": NaN,
    "gamma_15": NaN,
    "epsilon_15": NaN,
    "epsilon_prime_15": NaN,
    "f16": Infinity,
    "g16": Infinity,
    "h16": Infinity,
    "t16": Infinity,
    "alpha_16": NaN,
    "beta_16": NaN,
    "gamma_16": NaN,
    "epsilon_16": NaN,
    "epsilon_prime_16": NaN,
    "f17": Infinity,
    "g17": Infinity,
    "h17": Infinity,
    "t17": Infinity,
    "alpha_17": NaN,
    "beta_17": NaN,
    "gamma_17": NaN,
    "epsilon_17": NaN,
    "epsilon_prime_17": NaN,
    "f18": Infinity,
    "g18": Infinity,
    "h18": Infinity,
    "t18": Infinity,
    "alpha_18": NaN,
    "beta_18": NaN,
    "gamma_18": NaN,
    "epsilon_18": NaN,
    "epsilon_prime_18": NaN,
    "f19": Infinity,
    "g19": Infinity,
    "h19": Infinity,
    "t19": Infinity,
    "alpha_19": NaN,
    "beta_19": NaN,
    "gamma_19": NaN,
    "epsilon_19": NaN,
    "epsilon_prime_19": NaN,
    "f20": Infinity,
    "g20": Infinity,
    "h20": Infinity,
    "t20": Infinity,
    "alpha_20": NaN,
    "beta_20": NaN,
    "gamma_20": NaN,
    "epsilon_20": NaN,
    "epsilon_prime_20": NaN
}