{
    "f1": 0.23488102400000013,
    "g1": 0.08388608000000004,
    "h1": 0.025165824000000014,
    "t1": 0.004194304000000003,
    "alpha_1": 0.35714285714285715,
    "epsilon_1": 0.0,
    "beta_1": 0.3,
    "gamma_1": 0.16666666666666669,
    "epsilon_prime_1": 0.5333333333333332,
    "f2": 0.06392195271212363,
    "g2": 0.021156201843256048,
    "h2": 0.006989102394647086,
    "t2": 0.0023045148436403907,
    "alpha_2": 0.33096926713947994,
    "epsilon_2": 0.0,
    "beta_2": 0.3303571428571428,
    "gamma_2": 0.32972972972972975,
    "epsilon_prime_2": 0.0025096525096521827,
    "f3": 0.0011986693402781165,
    "g3": 0.00039642981087138903,
    "h3": 0.00013110919594206842,
    "t3": 4.3361065270042626e-05,
    "alpha_3": 0.3307249109912238,
    "epsilon_3": 0.0,
    "beta_3": 0.3307248656549779,
    "gamma_3": 0.33072482031849265,
    "epsilon_prime_3": 1.8134594093055512e-07,
    "f4": 7.898777358576519e-09,
    "g4": 2.612322296288924e-09,
    "h4": 8.639600117704874e-10,
    "t4": 2.8573308239907366e-10,
    "alpha_4": 0.330724892942128,
    "epsilon_4": 0.0,
    "beta_4": 0.33072489294212765,
    "gamma_4": 0.33072489294212754,
    "epsilon_prime_4": 4.440892098500626e-16,
    "f5": 2.260170895462177e-24,
    "g5": 7.474947774326417e-25,
    "h5": 2.4721513024121015e-25,
    "t5": 8.176019748269843e-26,
    "alpha_5": 0.3307248929421278,
    "epsilon_5": 0.0,
    "beta_5": 0.3307248929421279,
    "gamma_5": 0.33072489294212787,
    "epsilon_prime_5": 2.220446049250313e-16
}