{
    "f0": 0.5120000000000001,
    "g0": 0.12800000000000003,
    "h0": 0,
    "t0": 0,
    "f1": 0.4152360960000003,
    "g1": 0.07340032000000005,
    "h1": 0.012582912000000009,
    "t1": 0.0020971520000000014,
    "beta_1": 0.17142857142857143,
    "alpha_1": 0.17676767676767677,
    "epsilon_1": -0.02135642135642135,
    "gamma_1": 0.16666666666666666,
    "epsilon_prime_1": -0.01904761904761909,
    "f2": 0.17726476193956336,
    "g2": 0.03108989343078515,
    "h2": 0.005452673080747817,
    "t2": 0.0009562976595251788,
    "beta_2": 0.17538410329025417,
    "alpha_2": 0.17538676661176988,
    "epsilon_2": -1.0653286062867195e-05,
    "gamma_2": 0.17538144050881288,
    "epsilon_prime_2": -1.0651125765148706e-05,
    "f3": 0.013728229456548023,
    "g3": 0.002407740281102023,
    "h3": 0.0004222841175235155,
    "t3": 7.406275390728695e-05,
    "beta_3": 0.17538607500067907,
    "alpha_3": 0.17538607500136086,
    "epsilon_3": -2.7271518376892345e-12,
    "gamma_3": 0.17538607499999728,
    "epsilon_prime_3": -2.7271518376892345e-12,
    "f4": 6.376610381661829e-06,
    "g4": 1.1183686666514683e-06,
    "h4": 1.9614629084830845e-07,
    "t4": 3.440132807792543e-08,
    "beta_4": 0.1753860750011839,
    "alpha_4": 0.17538607500118372,
    "epsilon_4": 6.661338147750939e-16,
    "gamma_4": 0.17538607500118378,
    "epsilon_prime_4": -4.440892098500626e-16,
    "f5": 6.390221899409963e-16,
    "g5": 1.120755937324123e-16,
    "h5": 1.965649848815506e-17,
    "t5": 3.4474761181042192e-18,
    "beta_5": 0.17538607500118375,
    "alpha_5": 0.17538607500118378,
    "epsilon_5": -1.1102230246251565e-16,
    "gamma_5": 0.17538607500118378,
    "epsilon_prime_5": 1.1102230246251565e-16
}