{
    "f0": 0.5120000000000001,
    "g0": 0.12800000000000003,
    "h0": 0,
    "t0": 0,
    "f1": 0.4152360960000003,
    "g1": 0.07340032000000005,
    "h1": 0.012582912000000009,
    "t1": 0.0020971520000000014,
    "alpha_1": 0.25,
    "beta_1": 0.0,
    "gamma_1": 9999,
    "epsilon_1": -1.0,
    "epsilon_prime_1": 39996.0,
    "f2": 0.17726476193956336,
    "g2": 0.03108989343078515,
    "h2": 0.005452673080747817,
    "t2": 0.0009562976595251788,
    "alpha_2": 0.17676767676767677,
    "beta_2": 0.17142857142857143,
    "gamma_2": 0.16666666666666666,
    "epsilon_2": -0.02135642135642135,
    "epsilon_prime_2": -0.01904761904761909,
    "f3": 0.013728229456548023,
    "g3": 0.002407740281102023,
    "h3": 0.0004222841175235155,
    "t3": 7.406275390728695e-05,
    "alpha_3": 0.17538676661176988,
    "beta_3": 0.17538410329025417,
    "gamma_3": 0.17538144050881288,
    "epsilon_3": -1.0653286062867195e-05,
    "epsilon_prime_3": -1.0651125765148706e-05,
    "f4": 6.376610381661829e-06,
    "g4": 1.1183686666514683e-06,
    "h4": 1.9614629084830845e-07,
    "t4": 3.440132807792543e-08,
    "alpha_4": 0.17538607500136086,
    "beta_4": 0.17538607500067907,
    "gamma_4": 0.17538607499999728,
    "epsilon_4": -2.7271518376892345e-12,
    "epsilon_prime_4": -2.7271518376892345e-12,
    "f5": 6.390221899409963e-16,
    "g5": 1.120755937324123e-16,
    "h5": 1.965649848815506e-17,
    "t5": 3.4474761181042192e-18,
    "alpha_5": 0.17538607500118372,
    "beta_5": 0.1753860750011839,
    "gamma_5": 0.17538607500118378,
    "epsilon_5": 6.661338147750939e-16,
    "epsilon_prime_5": -4.440892098500626e-16,
    "f6": 6.431231031813069e-46,
    "g6": 1.127948368095507e-46,
    "h6": 1.9782643708426154e-47,
    "t6": 3.469600233167724e-48,
    "alpha_6": 0.17538607500118378,
    "beta_6": 0.17538607500118375,
    "gamma_6": 0.17538607500118378,
    "epsilon_6": -1.1102230246251565e-16,
    "epsilon_prime_6": 1.1102230246251565e-16,
    "f7": 6.555844247705371e-136,
    "g7": 1.149803790924133e-136,
    "h7": 2.0165957391166545e-137,
    "t7": 3.536828115477811e-138,
    "alpha_7": 0.17538607500118372,
    "beta_7": 0.17538607500118386,
    "gamma_7": 0.1753860750011837,
    "epsilon_7": 5.551115123125783e-16,
    "epsilon_prime_7": -6.661338147750939e-16,
    "f8": 0.0,
    "g8": 0.0,
    "h8": 0.0,
    "t8": 0.0,
    "alpha_8": 0.17538607500118372,
    "beta_8": 0.1753860750011838,
    "gamma_8": 0.17538607500118375,
    "epsilon_8": 3.3306690738754696e-16,
    "epsilon_prime_8": -2.220446049250313e-16,
    "f9": 0.0,
    "g9": 0.0,
    "h9": 0.0,
    "t9": 0.0,
    "alpha_9": NaN,
    "beta_9": NaN,
    "gamma_9": NaN,
    "epsilon_9": NaN,
    "epsilon_prime_9": NaN,
    "f10": 0.0,
    "g10": 0.0,
    "h10": 0.0,
    "t10": 0.0,
    "alpha_10": NaN,
    "beta_10": NaN,
    "gamma_10": NaN,
    "epsilon_10": NaN,
    "epsilon_prime_10": NaN,
    "f11": 0.0,
    "g11": 0.0,
    "h11": 0.0,
    "t11": 0.0,
    "alpha_11": NaN,
    "beta_11": NaN,
    "gamma_11": NaN,
    "epsilon_11": NaN,
    "epsilon_prime_11": NaN,
    "f12": 0.0,
    "g12": 0.0,
    "h12": 0.0,
    "t12": 0.0,
    "alpha_12": NaN,
    "beta_12": NaN,
    "gamma_12": NaN,
    "epsilon_12": NaN,
    "epsilon_prime_12": NaN,
    "f13": 0.0,
    "g13": 0.0,
    "h13": 0.0,
    "t13": 0.0,
    "alpha_13": NaN,
    "beta_13": NaN,
    "gamma_13": NaN,
    "epsilon_13": NaN,
    "epsilon_prime_13": NaN,
    "f14": 0.0,
    "g14": 0.0,
    "h14": 0.0,
    "t14": 0.0,
    "alpha_14": NaN,
    "beta_14": NaN,
    "gamma_14": NaN,
    "epsilon_14": NaN,
    "epsilon_prime_14": NaN,
    "f15": 0.0,
    "g15": 0.0,
    "h15": 0.0,
    "t15": 0.0,
    "alpha_15": NaN,
    "beta_15": NaN,
    "gamma_15": NaN,
    "epsilon_15": NaN,
    "epsilon_prime_15": NaN,
    "f16": 0.0,
    "g16": 0.0,
    "h16": 0.0,
    "t16": 0.0,
    "alpha_16": NaN,
    "beta_16": NaN,
    "gamma_16": NaN,
    "epsilon_16": NaN,
    "epsilon_prime_16": NaN,
    "f17": 0.0,
    "g17": 0.0,
    "h17": 0.0,
    "t17": 0.0,
    "alpha_17": NaN,
    "beta_17": NaN,
    "gamma_17": NaN,
    "epsilon_17": NaN,
    "epsilon_prime_17": NaN,
    "f18": 0.0,
    "g18": 0.0,
    "h18": 0.0,
    "t18": 0.0,
    "alpha_18": NaN,
    "beta_18": NaN,
    "gamma_18": NaN,
    "epsilon_18": NaN,
    "epsilon_prime_18": NaN,
    "f19": 0.0,
    "g19": 0.0,
    "h19": 0.0,
    "t19": 0.0,
    "alpha_19": NaN,
    "beta_19": NaN,
    "gamma_19": NaN,
    "epsilon_19": NaN,
    "epsilon_prime_19": NaN,
    "f20": 0.0,
    "g20": 0.0,
    "h20": 0.0,
    "t20": 0.0,
    "alpha_20": NaN,
    "beta_20": NaN,
    "gamma_20": NaN,
    "epsilon_20": NaN,
    "epsilon_prime_20": NaN
}