{
    "f1": 0.21542945100673175,
    "g1": 0.08065641774186783,
    "h1": 0.02540677158868836,
    "t1": 0.004502465851159963,
    "alpha_1": 0.374398288464967,
    "epsilon_1": 0.0,
    "beta_1": 0.31499999999999995,
    "gamma_1": 0.17721518987341772,
    "epsilon_prime_1": 0.5183333333333332,
    "f2": 0.05230632558933488,
    "g2": 0.01811786598532034,
    "h2": 0.006263482439291449,
    "t2": 0.0021610107674022504,
    "alpha_2": 0.346380017735647,
    "epsilon_2": 0.0,
    "beta_2": 0.34570751568459096,
    "gamma_2": 0.3450174544828313,
    "epsilon_prime_2": 0.0025959445209054787,
    "f3": 0.0006939735228450374,
    "g3": 0.00024018710077435395,
    "h3": 8.312973373080917e-05,
    "t3": 2.8771534794561337e-05,
    "alpha_3": 0.3461041277045769,
    "epsilon_3": 0.0,
    "beta_3": 0.3461040724618521,
    "gamma_3": 0.3461040172187892,
    "epsilon_prime_3": 2.0781914139302755e-07,
    "f4": 1.6195341980141858e-09,
    "g4": 5.605274342941822e-10,
    "h4": 1.9400084603441406e-10,
    "t4": 6.71444892067775e-11,
    "alpha_4": 0.34610410510718487,
    "epsilon_4": 0.0,
    "beta_4": 0.3461041051071845,
    "gamma_4": 0.3461041051071842,
    "epsilon_prime_4": 1.044138320778421e-15,
    "f5": 2.0584094281815897e-26,
    "g5": 7.124239530849809e-27,
    "h5": 2.4657285473940035e-27,
    "t5": 8.5339877233304e-28,
    "alpha_5": 0.3461041051071847,
    "epsilon_5": 0.0,
    "beta_5": 0.34610410510718487,
    "gamma_5": 0.3461041051071847,
    "epsilon_prime_5": 6.264829924670527e-16
}