{
    "f0": 0.49303900000000006,
    "g0": 0.131061,
    "h0": 0,
    "t0": 0,
    "f1": 0.39173008664807024,
    "g1": 0.07248867923636224,
    "h1": 0.012971389714056085,
    "t1": 0.0022512329255799817,
    "alpha_1": 0.26582278481012656,
    "beta_1": 0.0,
    "gamma_1": 9999,
    "epsilon_1": -1.0,
    "epsilon_prime_1": 37615.28571428572,
    "f2": 0.15432212512885632,
    "g2": 0.028305256090078734,
    "h2": 0.005191556585722818,
    "t2": 0.0009521814308246764,
    "alpha_2": 0.1850475153864961,
    "beta_2": 0.17894366197183095,
    "gamma_2": 0.17355371900826447,
    "epsilon_2": -0.022962115226597492,
    "epsilon_prime_2": -0.02027645210103583,
    "f3": 0.00938492691498611,
    "g3": 0.0017213434708225153,
    "h3": 0.00031572151508094934,
    "t3": 5.790830056520319e-05,
    "alpha_3": 0.18341670752942477,
    "beta_3": 0.18341316429716067,
    "gamma_3": 0.1834096219702678,
    "epsilon_3": -1.3329302326820743e-05,
    "epsilon_prime_3": -1.3325896406507764e-05,
    "f4": 2.1107540648298267e-06,
    "g4": 3.8714555381337597e-07,
    "h4": 7.100859466995709e-08,
    "t4": 1.302409511703412e-08,
    "alpha_4": 0.18341575660795256,
    "beta_4": 0.18341575660672013,
    "gamma_4": 0.18341575660548762,
    "epsilon_4": -4.636287385752423e-12,
    "epsilon_prime_4": -4.636600627248657e-12,
    "f5": 2.401363208422078e-17,
    "g5": 4.404478497624418e-18,
    "h5": 8.078507561037839e-19,
    "t5": 1.4817255765681488e-19,
    "alpha_5": 0.18341575660762185,
    "beta_5": 0.18341575660762174,
    "gamma_5": 0.1834157566076218,
    "epsilon_5": -4.1765532831136846e-16,
    "epsilon_prime_5": 2.0882766415568423e-16,
    "f6": 3.5360508927520935e-50,
    "g6": 6.48567449897182e-51,
    "h6": 1.189574895339675e-51,
    "t6": 2.1818677947015912e-52,
    "alpha_6": 0.18341575660762188,
    "beta_6": 0.18341575660762177,
    "gamma_6": 0.1834157566076218,
    "epsilon_6": -4.1765532831136846e-16,
    "epsilon_prime_6": 1.0441383207784211e-16,
    "f7": 1.1290169720252707e-148,
    "g7": 2.0707950214686126e-149,
    "h7": 3.79816435641962e-150,
    "t7": 6.966431891528057e-151,
    "alpha_7": 0.18341575660762185,
    "beta_7": 0.18341575660762185,
    "gamma_7": 0.18341575660762188,
    "epsilon_7": 0.0,
    "epsilon_prime_7": 1.0441383207784211e-16,
    "f8": 0.0,
    "g8": 0.0,
    "h8": 0.0,
    "t8": 0.0,
    "alpha_8": 0.18341575660762185,
    "beta_8": 0.1834157566076218,
    "gamma_8": 0.18341575660762185,
    "epsilon_8": -2.0882766415568423e-16,
    "epsilon_prime_8": 2.0882766415568423e-16,
    "f9": 0.0,
    "g9": 0.0,
    "h9": 0.0,
    "t9": 0.0,
    "alpha_9": NaN,
    "beta_9": NaN,
    "gamma_9": NaN,
    "epsilon_9": NaN,
    "epsilon_prime_9": NaN,
    "f10": 0.0,
    "g10": 0.0,
    "h10": 0.0,
    "t10": 0.0,
    "alpha_10": NaN,
    "beta_10": NaN,
    "gamma_10": NaN,
    "epsilon_10": NaN,
    "epsilon_prime_10": NaN,
    "f11": 0.0,
    "g11": 0.0,
    "h11": 0.0,
    "t11": 0.0,
    "alpha_11": NaN,
    "beta_11": NaN,
    "gamma_11": NaN,
    "epsilon_11": NaN,
    "epsilon_prime_11": NaN,
    "f12": 0.0,
    "g12": 0.0,
    "h12": 0.0,
    "t12": 0.0,
    "alpha_12": NaN,
    "beta_12": NaN,
    "gamma_12": NaN,
    "epsilon_12": NaN,
    "epsilon_prime_12": NaN,
    "f13": 0.0,
    "g13": 0.0,
    "h13": 0.0,
    "t13": 0.0,
    "alpha_13": NaN,
    "beta_13": NaN,
    "gamma_13": NaN,
    "epsilon_13": NaN,
    "epsilon_prime_13": NaN,
    "f14": 0.0,
    "g14": 0.0,
    "h14": 0.0,
    "t14": 0.0,
    "alpha_14": NaN,
    "beta_14": NaN,
    "gamma_14": NaN,
    "epsilon_14": NaN,
    "epsilon_prime_14": NaN,
    "f15": 0.0,
    "g15": 0.0,
    "h15": 0.0,
    "t15": 0.0,
    "alpha_15": NaN,
    "beta_15": NaN,
    "gamma_15": NaN,
    "epsilon_15": NaN,
    "epsilon_prime_15": NaN,
    "f16": 0.0,
    "g16": 0.0,
    "h16": 0.0,
    "t16": 0.0,
    "alpha_16": NaN,
    "beta_16": NaN,
    "gamma_16": NaN,
    "epsilon_16": NaN,
    "epsilon_prime_16": NaN,
    "f17": 0.0,
    "g17": 0.0,
    "h17": 0.0,
    "t17": 0.0,
    "alpha_17": NaN,
    "beta_17": NaN,
    "gamma_17": NaN,
    "epsilon_17": NaN,
    "epsilon_prime_17": NaN,
    "f18": 0.0,
    "g18": 0.0,
    "h18": 0.0,
    "t18": 0.0,
    "alpha_18": NaN,
    "beta_18": NaN,
    "gamma_18": NaN,
    "epsilon_18": NaN,
    "epsilon_prime_18": NaN,
    "f19": 0.0,
    "g19": 0.0,
    "h19": 0.0,
    "t19": 0.0,
    "alpha_19": NaN,
    "beta_19": NaN,
    "gamma_19": NaN,
    "epsilon_19": NaN,
    "epsilon_prime_19": NaN,
    "f20": 0.0,
    "g20": 0.0,
    "h20": 0.0,
    "t20": 0.0,
    "alpha_20": NaN,
    "beta_20": NaN,
    "gamma_20": NaN,
    "epsilon_20": NaN,
    "epsilon_prime_20": NaN
}