{
    "f0": 0.49303900000000006,
    "g0": 0.131061,
    "h0": 0,
    "t0": 0,
    "f1": 0.39173008664807024,
    "g1": 0.07248867923636224,
    "h1": 0.012971389714056085,
    "t1": 0.0022512329255799817,
    "beta_1": 0.17894366197183095,
    "alpha_1": 0.1850475153864961,
    "epsilon_1": -0.022962115226597492,
    "gamma_1": 0.17355371900826447,
    "epsilon_prime_1": -0.02027645210103583,
    "f2": 0.15432212512885632,
    "g2": 0.028305256090078734,
    "h2": 0.005191556585722818,
    "t2": 0.0009521814308246764,
    "beta_2": 0.18341316429716067,
    "alpha_2": 0.18341670752942477,
    "epsilon_2": -1.3329302326820743e-05,
    "gamma_2": 0.1834096219702678,
    "epsilon_prime_2": -1.3325896406507764e-05,
    "f3": 0.00938492691498611,
    "g3": 0.0017213434708225153,
    "h3": 0.00031572151508094934,
    "t3": 5.790830056520319e-05,
    "beta_3": 0.18341575660672013,
    "alpha_3": 0.18341575660795256,
    "epsilon_3": -4.636287385752423e-12,
    "gamma_3": 0.18341575660548762,
    "epsilon_prime_3": -4.636600627248657e-12,
    "f4": 2.1107540648298267e-06,
    "g4": 3.8714555381337597e-07,
    "h4": 7.100859466995709e-08,
    "t4": 1.302409511703412e-08,
    "beta_4": 0.18341575660762174,
    "alpha_4": 0.18341575660762185,
    "epsilon_4": -4.1765532831136846e-16,
    "gamma_4": 0.1834157566076218,
    "epsilon_prime_4": 2.0882766415568423e-16,
    "f5": 2.401363208422078e-17,
    "g5": 4.404478497624418e-18,
    "h5": 8.078507561037839e-19,
    "t5": 1.4817255765681488e-19,
    "beta_5": 0.18341575660762177,
    "alpha_5": 0.18341575660762188,
    "epsilon_5": -4.1765532831136846e-16,
    "gamma_5": 0.1834157566076218,
    "epsilon_prime_5": 1.0441383207784211e-16
}