{
    "f0": 0.49303900000000006,
    "g0": 0.13106100000000004,
    "h0": 0,
    "t0": 0,
    "f1": 2.7157834680472384,
    "g1": 0.2625287098517633,
    "h1": 0.00872815891070291,
    "t1": 0.0023201435079083696,
    "alpha_1": 0.2658227848101266,
    "beta_1": 0.0,
    "gamma_1": 9999,
    "epsilon_1": -1.0,
    "epsilon_prime_1": 37615.28571428572,
    "f2": 96.82997221290607,
    "g2": 7.307529694698401,
    "h2": 0.4978698191878499,
    "t2": 0.04261494864769958,
    "alpha_2": 0.09666776197018843,
    "beta_2": 0.03324649298597194,
    "gamma_2": 0.2658227848101267,
    "epsilon_2": -0.2385847737977668,
    "epsilon_prime_2": 0.8749298597194395,
    "f3": 3447437.180594517,
    "g3": 252457.71146602047,
    "h3": 18485.96628845276,
    "t3": 1354.0905887629056,
    "alpha_3": 0.0754676421741698,
    "beta_3": 0.06813107027797007,
    "gamma_3": 0.08559456107866754,
    "epsilon_3": -0.027599484752370448,
    "epsilon_prime_3": 0.06569598920262384,
    "f4": 1.5150162687919846e+20,
    "g4": 1.1094446467423164e+19,
    "h4": 8.124450216478243e+17,
    "t4": 5.949525429094229e+16,
    "alpha_4": 0.07323054728512375,
    "beta_4": 0.07322401118628884,
    "gamma_4": 0.07324965152666847,
    "epsilon_4": -2.458818133134279e-05,
    "epsilon_prime_4": 9.64565185710063e-05,
    "f5": 1.2858369306151094e+61,
    "g5": 9.416168852660207e+59,
    "h5": 6.895449473472014e+58,
    "t5": 5.0495296107368194e+57,
    "alpha_5": 0.07322988337458215,
    "beta_5": 0.07322988344064052,
    "gamma_5": 0.07322988350679079,
    "epsilon_5": 2.485052857936765e-10,
    "epsilon_prime_5": 2.488509999916862e-10,
    "f6": 7.861251507742451e+183,
    "g6": 5.75678531450501e+182,
    "h6": 4.215687174575292e+181,
    "t6": 3.087142803310656e+180,
    "alpha_6": 0.07322988342040983,
    "beta_6": 0.07322988342040986,
    "gamma_6": 0.07322988342040983,
    "epsilon_6": 1.044138320778421e-16,
    "epsilon_prime_6": -1.044138320778421e-16,
    "f7": Infinity,
    "g7": Infinity,
    "h7": Infinity,
    "t7": Infinity,
    "alpha_7": 0.07322988342040987,
    "beta_7": 0.07322988342040981,
    "gamma_7": 0.07322988342040986,
    "epsilon_7": -2.088276641556842e-16,
    "epsilon_prime_7": 1.5662074811676314e-16,
    "f8": Infinity,
    "g8": Infinity,
    "h8": Infinity,
    "t8": Infinity,
    "alpha_8": NaN,
    "beta_8": NaN,
    "gamma_8": NaN,
    "epsilon_8": NaN,
    "epsilon_prime_8": NaN,
    "f9": Infinity,
    "g9": Infinity,
    "h9": Infinity,
    "t9": Infinity,
    "alpha_9": NaN,
    "beta_9": NaN,
    "gamma_9": NaN,
    "epsilon_9": NaN,
    "epsilon_prime_9": NaN,
    "f10": Infinity,
    "g10": Infinity,
    "h10": Infinity,
    "t10": Infinity,
    "alpha_10": NaN,
    "beta_10": NaN,
    "gamma_10": NaN,
    "epsilon_10": NaN,
    "epsilon_prime_10": NaN,
    "f11": Infinity,
    "g11": Infinity,
    "h11": Infinity,
    "t11": Infinity,
    "alpha_11": NaN,
    "beta_11": NaN,
    "gamma_11": NaN,
    "epsilon_11": NaN,
    "epsilon_prime_11": NaN,
    "f12": Infinity,
    "g12": Infinity,
    "h12": Infinity,
    "t12": Infinity,
    "alpha_12": NaN,
    "beta_12": NaN,
    "gamma_12": NaN,
    "epsilon_12": NaN,
    "epsilon_prime_12": NaN,
    "f13": Infinity,
    "g13": Infinity,
    "h13": Infinity,
    "t13": Infinity,
    "alpha_13": NaN,
    "beta_13": NaN,
    "gamma_13": NaN,
    "epsilon_13": NaN,
    "epsilon_prime_13": NaN,
    "f14": Infinity,
    "g14": Infinity,
    "h14": Infinity,
    "t14": Infinity,
    "alpha_14": NaN,
    "beta_14": NaN,
    "gamma_14": NaN,
    "epsilon_14": NaN,
    "epsilon_prime_14": NaN,
    "f15": Infinity,
    "g15": Infinity,
    "h15": Infinity,
    "t15": Infinity,
    "alpha_15": NaN,
    "beta_15": NaN,
    "gamma_15": NaN,
    "epsilon_15": NaN,
    "epsilon_prime_15": NaN,
    "f16": Infinity,
    "g16": Infinity,
    "h16": Infinity,
    "t16": Infinity,
    "alpha_16": NaN,
    "beta_16": NaN,
    "gamma_16": NaN,
    "epsilon_16": NaN,
    "epsilon_prime_16": NaN,
    "f17": Infinity,
    "g17": Infinity,
    "h17": Infinity,
    "t17": Infinity,
    "alpha_17": NaN,
    "beta_17": NaN,
    "gamma_17": NaN,
    "epsilon_17": NaN,
    "epsilon_prime_17": NaN,
    "f18": Infinity,
    "g18": Infinity,
    "h18": Infinity,
    "t18": Infinity,
    "alpha_18": NaN,
    "beta_18": NaN,
    "gamma_18": NaN,
    "epsilon_18": NaN,
    "epsilon_prime_18": NaN,
    "f19": Infinity,
    "g19": Infinity,
    "h19": Infinity,
    "t19": Infinity,
    "alpha_19": NaN,
    "beta_19": NaN,
    "gamma_19": NaN,
    "epsilon_19": NaN,
    "epsilon_prime_19": NaN,
    "f20": Infinity,
    "g20": Infinity,
    "h20": Infinity,
    "t20": Infinity,
    "alpha_20": NaN,
    "beta_20": NaN,
    "gamma_20": NaN,
    "epsilon_20": NaN,
    "epsilon_prime_20": NaN
}