{
    "f0": 0.47455200000000003,
    "g0": 0.13384800000000002,
    "h0": 0,
    "t0": 0,
    "f1": 2.712446691864235,
    "g1": 0.2757264777520662,
    "h1": 0.008761974737454548,
    "t1": 0.002471326208000001,
    "alpha_1": 0.2820512820512821,
    "beta_1": 0.0,
    "gamma_1": 9999,
    "epsilon_1": -1.0000000000000002,
    "epsilon_prime_1": 35451.0,
    "f2": 104.54606318613565,
    "g2": 8.08188126937625,
    "h2": 0.5506282984992233,
    "t2": 0.04892604015655037,
    "alpha_2": 0.10165231212804496,
    "beta_2": 0.03177777777777777,
    "gamma_2": 0.2820512820512821,
    "epsilon_2": -0.2477369854236746,
    "epsilon_prime_2": 0.8873333333333334,
    "f3": 4524635.177010992,
    "g3": 336451.45684638666,
    "h3": 25013.755808499285,
    "t3": 1860.7052845451858,
    "alpha_3": 0.07730450122246235,
    "beta_3": 0.0681312036327057,
    "gamma_3": 0.08885493224721971,
    "epsilon_3": -0.032523509636409965,
    "epsilon_prime_3": 0.07347503781509516,
    "f4": 3.5369634399965793e+20,
    "g4": 2.6299758901353935e+19,
    "h4": 1.955568189735741e+18,
    "t4": 1.4540996227188755e+17,
    "alpha_4": 0.07435990829842971,
    "beta_4": 0.07434580917840933,
    "gamma_4": 0.07438728109406693,
    "epsilon_4": -4.9987789163186894e-05,
    "epsilon_prime_4": 0.00014703679187696867,
    "f5": 1.6895266029027805e+62,
    "g5": 1.2562793794084892e+61,
    "h5": 9.341302329394538e+59,
    "t5": 6.945901575670024e+58,
    "alpha_5": 0.07435688648616444,
    "beta_5": 0.0743568865810046,
    "gamma_5": 0.07435688667626417,
    "epsilon_5": 3.362514887740208e-10,
    "epsilon_prime_5": 3.377384546274988e-10,
    "f6": 1.8414860205447186e+187,
    "g6": 1.3692716711915823e+186,
    "h6": 1.0181477831545984e+185,
    "t6": 7.570629920653515e+183,
    "alpha_6": 0.07435688655331452,
    "beta_6": 0.0743568865533145,
    "gamma_6": 0.07435688655331453,
    "epsilon_6": -4.920306586406944e-17,
    "epsilon_prime_6": 9.840613172813887e-17,
    "f7": Infinity,
    "g7": Infinity,
    "h7": Infinity,
    "t7": Infinity,
    "alpha_7": 0.0743568865533145,
    "beta_7": 0.0743568865533145,
    "gamma_7": 0.07435688655331452,
    "epsilon_7": 0.0,
    "epsilon_prime_7": 4.920306586406944e-17,
    "f8": Infinity,
    "g8": Infinity,
    "h8": Infinity,
    "t8": Infinity,
    "alpha_8": NaN,
    "beta_8": NaN,
    "gamma_8": NaN,
    "epsilon_8": NaN,
    "epsilon_prime_8": NaN,
    "f9": Infinity,
    "g9": Infinity,
    "h9": Infinity,
    "t9": Infinity,
    "alpha_9": NaN,
    "beta_9": NaN,
    "gamma_9": NaN,
    "epsilon_9": NaN,
    "epsilon_prime_9": NaN,
    "f10": Infinity,
    "g10": Infinity,
    "h10": Infinity,
    "t10": Infinity,
    "alpha_10": NaN,
    "beta_10": NaN,
    "gamma_10": NaN,
    "epsilon_10": NaN,
    "epsilon_prime_10": NaN,
    "f11": Infinity,
    "g11": Infinity,
    "h11": Infinity,
    "t11": Infinity,
    "alpha_11": NaN,
    "beta_11": NaN,
    "gamma_11": NaN,
    "epsilon_11": NaN,
    "epsilon_prime_11": NaN,
    "f12": Infinity,
    "g12": Infinity,
    "h12": Infinity,
    "t12": Infinity,
    "alpha_12": NaN,
    "beta_12": NaN,
    "gamma_12": NaN,
    "epsilon_12": NaN,
    "epsilon_prime_12": NaN,
    "f13": Infinity,
    "g13": Infinity,
    "h13": Infinity,
    "t13": Infinity,
    "alpha_13": NaN,
    "beta_13": NaN,
    "gamma_13": NaN,
    "epsilon_13": NaN,
    "epsilon_prime_13": NaN,
    "f14": Infinity,
    "g14": Infinity,
    "h14": Infinity,
    "t14": Infinity,
    "alpha_14": NaN,
    "beta_14": NaN,
    "gamma_14": NaN,
    "epsilon_14": NaN,
    "epsilon_prime_14": NaN,
    "f15": Infinity,
    "g15": Infinity,
    "h15": Infinity,
    "t15": Infinity,
    "alpha_15": NaN,
    "beta_15": NaN,
    "gamma_15": NaN,
    "epsilon_15": NaN,
    "epsilon_prime_15": NaN,
    "f16": Infinity,
    "g16": Infinity,
    "h16": Infinity,
    "t16": Infinity,
    "alpha_16": NaN,
    "beta_16": NaN,
    "gamma_16": NaN,
    "epsilon_16": NaN,
    "epsilon_prime_16": NaN,
    "f17": Infinity,
    "g17": Infinity,
    "h17": Infinity,
    "t17": Infinity,
    "alpha_17": NaN,
    "beta_17": NaN,
    "gamma_17": NaN,
    "epsilon_17": NaN,
    "epsilon_prime_17": NaN,
    "f18": Infinity,
    "g18": Infinity,
    "h18": Infinity,
    "t18": Infinity,
    "alpha_18": NaN,
    "beta_18": NaN,
    "gamma_18": NaN,
    "epsilon_18": NaN,
    "epsilon_prime_18": NaN,
    "f19": Infinity,
    "g19": Infinity,
    "h19": Infinity,
    "t19": Infinity,
    "alpha_19": NaN,
    "beta_19": NaN,
    "gamma_19": NaN,
    "epsilon_19": NaN,
    "epsilon_prime_19": NaN,
    "f20": Infinity,
    "g20": Infinity,
    "h20": Infinity,
    "t20": Infinity,
    "alpha_20": NaN,
    "beta_20": NaN,
    "gamma_20": NaN,
    "epsilon_20": NaN,
    "epsilon_prime_20": NaN
}