{
    "f0": 0.47455200000000003,
    "g0": 0.13384800000000002,
    "h0": 0,
    "t0": 0,
    "f1": 0.3690354864720477,
    "g1": 0.07134323350302722,
    "h1": 0.013297586022369797,
    "t1": 0.002397925348296193,
    "beta_1": 0.1863888888888889,
    "alpha_1": 0.19332350442788937,
    "epsilon_1": -0.024586364183728907,
    "gamma_1": 0.18032786885245902,
    "epsilon_prime_1": -0.021489071038251418,
    "f2": 0.1337188978476473,
    "g2": 0.02559557261592906,
    "h2": 0.004899213538936978,
    "t2": 0.0009377290048041325,
    "beta_2": 0.19140863197129718,
    "alpha_2": 0.19141327836168223,
    "epsilon_2": -1.6473565910648322e-05,
    "gamma_2": 0.19140398705862474,
    "epsilon_prime_2": -1.646832674772664e-05,
    "f3": 0.006322384341900694,
    "g3": 0.001210180181516027,
    "h3": 0.00023164299930512444,
    "t3": 4.4339247945085846e-05,
    "beta_3": 0.1914119920679404,
    "alpha_3": 0.1914119920701011,
    "epsilon_3": -7.660622136640427e-12,
    "gamma_3": 0.1914119920657795,
    "epsilon_prime_3": -7.661409385694252e-12,
    "f4": 6.682568058136893e-07,
    "g4": 1.2791236641480124e-07,
    "h4": 2.4483960865781287e-08,
    "t4": 4.686523723070947e-09,
    "beta_4": 0.19141199206950293,
    "alpha_4": 0.1914119920695029,
    "epsilon_4": 9.840613172813887e-17,
    "gamma_4": 0.1914119920695029,
    "epsilon_prime_4": -9.840613172813887e-17,
    "f5": 7.890978896404689e-19,
    "g5": 1.5104279899392292e-19,
    "h5": 2.891140304318031e-20,
    "t5": 5.533989250019429e-21,
    "beta_5": 0.191411992069503,
    "alpha_5": 0.1914119920695029,
    "epsilon_5": 2.9521839518441663e-16,
    "gamma_5": 0.19141199206950282,
    "epsilon_prime_5": -5.904367903688333e-16
}