{
    "f0": 0.47455200000000003,
    "g0": 0.13384800000000002,
    "h0": 0,
    "t0": 0,
    "f1": 0.3690354864720477,
    "g1": 0.07134323350302722,
    "h1": 0.013297586022369797,
    "t1": 0.002397925348296193,
    "alpha_1": 0.2820512820512821,
    "beta_1": 0.0,
    "gamma_1": 9999,
    "epsilon_1": -1.0000000000000002,
    "epsilon_prime_1": 35451.0,
    "f2": 0.1337188978476473,
    "g2": 0.02559557261592906,
    "h2": 0.004899213538936978,
    "t2": 0.0009377290048041325,
    "alpha_2": 0.19332350442788937,
    "beta_2": 0.1863888888888889,
    "gamma_2": 0.18032786885245902,
    "epsilon_2": -0.024586364183728907,
    "epsilon_prime_2": -0.021489071038251418,
    "f3": 0.006322384341900694,
    "g3": 0.001210180181516027,
    "h3": 0.00023164299930512444,
    "t3": 4.4339247945085846e-05,
    "alpha_3": 0.19141327836168223,
    "beta_3": 0.19140863197129718,
    "gamma_3": 0.19140398705862474,
    "epsilon_3": -1.6473565910648322e-05,
    "epsilon_prime_3": -1.646832674772664e-05,
    "f4": 6.682568058136893e-07,
    "g4": 1.2791236641480124e-07,
    "h4": 2.4483960865781287e-08,
    "t4": 4.686523723070947e-09,
    "alpha_4": 0.1914119920701011,
    "beta_4": 0.1914119920679404,
    "gamma_4": 0.1914119920657795,
    "epsilon_4": -7.660622136640427e-12,
    "epsilon_prime_4": -7.661409385694252e-12,
    "f5": 7.890978896404689e-19,
    "g5": 1.5104279899392292e-19,
    "h5": 2.891140304318031e-20,
    "t5": 5.533989250019429e-21,
    "alpha_5": 0.1914119920695029,
    "beta_5": 0.19141199206950293,
    "gamma_5": 0.1914119920695029,
    "epsilon_5": 9.840613172813887e-17,
    "epsilon_prime_5": -9.840613172813887e-17,
    "f6": 1.2992518867137462e-54,
    "g6": 2.486923918359383e-55,
    "h6": 4.760270613384632e-56,
    "t6": 9.111728808978673e-57,
    "alpha_6": 0.1914119920695029,
    "beta_6": 0.191411992069503,
    "gamma_6": 0.19141199206950282,
    "epsilon_6": 2.9521839518441663e-16,
    "epsilon_prime_6": -5.904367903688333e-16,
    "f7": 5.799369482827228e-162,
    "g7": 1.1100688654550424e-162,
    "h7": 2.1248049287108273e-163,
    "t7": 4.067131441636375e-164,
    "alpha_7": 0.1914119920695029,
    "beta_7": 0.19141199206950288,
    "gamma_7": 0.19141199206950296,
    "epsilon_7": -9.840613172813887e-17,
    "epsilon_prime_7": 2.9521839518441663e-16,
    "f8": 0.0,
    "g8": 0.0,
    "h8": 0.0,
    "t8": 0.0,
    "alpha_8": 0.1914119920695029,
    "beta_8": 0.19141199206950296,
    "gamma_8": 0.19141199206950288,
    "epsilon_8": 1.9681226345627775e-16,
    "epsilon_prime_8": -2.9521839518441663e-16,
    "f9": 0.0,
    "g9": 0.0,
    "h9": 0.0,
    "t9": 0.0,
    "alpha_9": NaN,
    "beta_9": NaN,
    "gamma_9": NaN,
    "epsilon_9": NaN,
    "epsilon_prime_9": NaN,
    "f10": 0.0,
    "g10": 0.0,
    "h10": 0.0,
    "t10": 0.0,
    "alpha_10": NaN,
    "beta_10": NaN,
    "gamma_10": NaN,
    "epsilon_10": NaN,
    "epsilon_prime_10": NaN,
    "f11": 0.0,
    "g11": 0.0,
    "h11": 0.0,
    "t11": 0.0,
    "alpha_11": NaN,
    "beta_11": NaN,
    "gamma_11": NaN,
    "epsilon_11": NaN,
    "epsilon_prime_11": NaN,
    "f12": 0.0,
    "g12": 0.0,
    "h12": 0.0,
    "t12": 0.0,
    "alpha_12": NaN,
    "beta_12": NaN,
    "gamma_12": NaN,
    "epsilon_12": NaN,
    "epsilon_prime_12": NaN,
    "f13": 0.0,
    "g13": 0.0,
    "h13": 0.0,
    "t13": 0.0,
    "alpha_13": NaN,
    "beta_13": NaN,
    "gamma_13": NaN,
    "epsilon_13": NaN,
    "epsilon_prime_13": NaN,
    "f14": 0.0,
    "g14": 0.0,
    "h14": 0.0,
    "t14": 0.0,
    "alpha_14": NaN,
    "beta_14": NaN,
    "gamma_14": NaN,
    "epsilon_14": NaN,
    "epsilon_prime_14": NaN,
    "f15": 0.0,
    "g15": 0.0,
    "h15": 0.0,
    "t15": 0.0,
    "alpha_15": NaN,
    "beta_15": NaN,
    "gamma_15": NaN,
    "epsilon_15": NaN,
    "epsilon_prime_15": NaN,
    "f16": 0.0,
    "g16": 0.0,
    "h16": 0.0,
    "t16": 0.0,
    "alpha_16": NaN,
    "beta_16": NaN,
    "gamma_16": NaN,
    "epsilon_16": NaN,
    "epsilon_prime_16": NaN,
    "f17": 0.0,
    "g17": 0.0,
    "h17": 0.0,
    "t17": 0.0,
    "alpha_17": NaN,
    "beta_17": NaN,
    "gamma_17": NaN,
    "epsilon_17": NaN,
    "epsilon_prime_17": NaN,
    "f18": 0.0,
    "g18": 0.0,
    "h18": 0.0,
    "t18": 0.0,
    "alpha_18": NaN,
    "beta_18": NaN,
    "gamma_18": NaN,
    "epsilon_18": NaN,
    "epsilon_prime_18": NaN,
    "f19": 0.0,
    "g19": 0.0,
    "h19": 0.0,
    "t19": 0.0,
    "alpha_19": NaN,
    "beta_19": NaN,
    "gamma_19": NaN,
    "epsilon_19": NaN,
    "epsilon_prime_19": NaN,
    "f20": 0.0,
    "g20": 0.0,
    "h20": 0.0,
    "t20": 0.0,
    "alpha_20": NaN,
    "beta_20": NaN,
    "gamma_20": NaN,
    "epsilon_20": NaN,
    "epsilon_prime_20": NaN
}