{
    "f1": 0.19729646937837164,
    "g1": 0.07728850296161283,
    "h1": 0.02550520597733223,
    "t1": 0.004795850696592385,
    "alpha_1": 0.39173789173789175,
    "epsilon_1": 0.0,
    "beta_1": 0.32999999999999996,
    "gamma_1": 0.18803418803418806,
    "epsilon_prime_1": 0.5033333333333331,
    "f2": 0.042573406061478705,
    "g2": 0.015403849318751774,
    "h2": 0.005562066893949061,
    "t2": 0.002004164705945575,
    "alpha_2": 0.3618185798079589,
    "epsilon_2": 0.0,
    "beta_2": 0.3610829201749017,
    "gamma_2": 0.3603273286996771,
    "epsilon_prime_2": 0.0026789152303416993,
    "f3": 0.00039503537765540485,
    "g3": 0.00014280881530046055,
    "h3": 5.1626651994429424e-05,
    "t3": 1.8663488659136725e-05,
    "alpha_3": 0.36150892648666716,
    "epsilon_3": 0.0,
    "beta_3": 0.36150885984041164,
    "gamma_3": 0.3615087931936887,
    "epsilon_prime_3": 2.3629292671008398e-07,
    "f4": 3.153387155505948e-10,
    "g4": 1.1399775171951687e-10,
    "h4": 4.121120165791862e-11,
    "t4": 1.4898216118054053e-11,
    "alpha_4": 0.361508898520348,
    "epsilon_4": 0.0,
    "beta_4": 0.36150889852034773,
    "gamma_4": 0.3615088985203469,
    "epsilon_prime_4": 2.952183951844166e-15,
    "f5": 1.6039882140505255e-28,
    "g5": 5.798560125010254e-29,
    "h5": 2.096231083796467e-29,
    "t5": 7.578061901473758e-30,
    "alpha_5": 0.36150889852034784,
    "epsilon_5": 0.0,
    "beta_5": 0.3615088985203478,
    "gamma_5": 0.36150889852034784,
    "epsilon_prime_5": -1.9681226345627775e-16
}