{
    "f1": 0.18041749856596145,
    "g1": 0.07382320702752382,
    "h1": 0.025469006424495715,
    "t1": 0.005071750197085727,
    "alpha_1": 0.4091798612346558,
    "epsilon_1": 0.0,
    "beta_1": 0.345,
    "gamma_1": 0.19913419913419914,
    "epsilon_prime_1": 0.48833333333333323,
    "f2": 0.03446688556395066,
    "g2": 0.013004257234580931,
    "h2": 0.004896043648222265,
    "t2": 0.0018393034769445902,
    "alpha_2": 0.3772971367097422,
    "epsilon_2": 0.0,
    "beta_2": 0.3764954475987065,
    "gamma_2": 0.3756713806284048,
    "epsilon_prime_2": 0.0027588329005752044,
    "f3": 0.00022110991684327867,
    "g3": 8.334769560501822e-05,
    "h3": 3.1418024994658595e-05,
    "t3": 1.1843063910819952e-05,
    "alpha_3": 0.3769514131023555,
    "epsilon_3": 0.0,
    "beta_3": 0.3769513334063548,
    "gamma_3": 0.3769512537097224,
    "epsilon_prime_3": 2.668104650066746e-07,
    "f4": 5.832318529199196e-11,
    "g4": 2.1985005114481475e-11,
    "h4": 8.287277991830474e-12,
    "t4": 3.1239008658969514e-12,
    "alpha_4": 0.37695137884556035,
    "epsilon_4": 0.0,
    "beta_4": 0.3769513788455597,
    "gamma_4": 0.3769513788455589,
    "epsilon_prime_4": 2.60178352292591e-15,
    "f5": 1.0703855486699244e-30,
    "g5": 4.0348330846748926e-31,
    "h5": 1.5209358946798852e-31,
    "t5": 5.733188826352883e-32,
    "alpha_5": 0.37695137884556,
    "epsilon_5": 0.0,
    "beta_5": 0.37695137884556007,
    "gamma_5": 0.37695137884556007,
    "epsilon_prime_5": 0.0
}