{
    "f0": 0.456533,
    "g0": 0.136367,
    "h0": 0,
    "t0": 0,
    "f1": 2.6966773442766057,
    "g1": 0.2880282979384087,
    "h1": 0.008749538861902604,
    "t1": 0.0026134986210877907,
    "alpha_1": 0.29870129870129863,
    "beta_1": 0.0,
    "gamma_1": 9999,
    "epsilon_1": -0.9999999999999997,
    "epsilon_prime_1": 33474.91304347826,
    "f2": 111.35426512997232,
    "g2": 8.819061716363892,
    "h2": 0.5993344217833558,
    "t2": 0.055289655544576266,
    "alpha_2": 0.10680858744547854,
    "beta_2": 0.030377358490566043,
    "gamma_2": 0.2987012987012987,
    "epsilon_2": -0.2558784621534027,
    "epsilon_prime_2": 0.8983018867924527,
    "f3": 5701808.499820644,
    "g3": 430082.4684454448,
    "h3": 32429.373563631012,
    "t3": 2447.3883792798188,
    "alpha_3": 0.07919823911612468,
    "beta_3": 0.06795897807034079,
    "gamma_3": 0.09225176051136617,
    "epsilon_3": -0.03762709132718955,
    "epsilon_prime_3": 0.08132801078082409,
    "f4": 7.297456536524565e+20,
    "g4": 5.503889036961861e+19,
    "h4": 4.151144228745455e+18,
    "t4": 3.130876789807645e+17,
    "alpha_4": 0.07542913243385384,
    "beta_4": 0.07540268656113477,
    "gamma_4": 0.07546825949251523,
    "epsilon_4": -8.8536182581213e-05,
    "epsilon_prime_4": 0.00021952677027370961,
    "f5": 1.5297446483822197e+63,
    "g5": 1.153764296980322e+62,
    "h5": 8.701923254931968e+60,
    "t5": 6.563166197195759e+59,
    "alpha_5": 0.0754220187460425,
    "beta_5": 0.07542201888279494,
    "gamma_5": 0.07542201902133976,
    "epsilon_5": 4.578233951366984e-10,
    "epsilon_prime_5": 4.638239442281265e-10,
    "f6": 1.4091629628177959e+190,
    "g6": 1.0628191553705317e+189,
    "h6": 8.01599663649821e+187,
    "t6": 6.045826493779076e+186,
    "alpha_6": 0.07542201884481077,
    "beta_6": 0.07542201884481076,
    "gamma_6": 0.07542201884481076,
    "epsilon_6": -4.6460420052248395e-17,
    "epsilon_prime_6": 0.0,
    "f7": Infinity,
    "g7": Infinity,
    "h7": Infinity,
    "t7": Infinity,
    "alpha_7": 0.07542201884481076,
    "beta_7": 0.07542201884481077,
    "gamma_7": 0.07542201884481076,
    "epsilon_7": 4.6460420052248395e-17,
    "epsilon_prime_7": -4.6460420052248395e-17,
    "f8": Infinity,
    "g8": Infinity,
    "h8": Infinity,
    "t8": Infinity,
    "alpha_8": NaN,
    "beta_8": NaN,
    "gamma_8": NaN,
    "epsilon_8": NaN,
    "epsilon_prime_8": NaN,
    "f9": Infinity,
    "g9": Infinity,
    "h9": Infinity,
    "t9": Infinity,
    "alpha_9": NaN,
    "beta_9": NaN,
    "gamma_9": NaN,
    "epsilon_9": NaN,
    "epsilon_prime_9": NaN,
    "f10": Infinity,
    "g10": Infinity,
    "h10": Infinity,
    "t10": Infinity,
    "alpha_10": NaN,
    "beta_10": NaN,
    "gamma_10": NaN,
    "epsilon_10": NaN,
    "epsilon_prime_10": NaN,
    "f11": Infinity,
    "g11": Infinity,
    "h11": Infinity,
    "t11": Infinity,
    "alpha_11": NaN,
    "beta_11": NaN,
    "gamma_11": NaN,
    "epsilon_11": NaN,
    "epsilon_prime_11": NaN,
    "f12": Infinity,
    "g12": Infinity,
    "h12": Infinity,
    "t12": Infinity,
    "alpha_12": NaN,
    "beta_12": NaN,
    "gamma_12": NaN,
    "epsilon_12": NaN,
    "epsilon_prime_12": NaN,
    "f13": Infinity,
    "g13": Infinity,
    "h13": Infinity,
    "t13": Infinity,
    "alpha_13": NaN,
    "beta_13": NaN,
    "gamma_13": NaN,
    "epsilon_13": NaN,
    "epsilon_prime_13": NaN,
    "f14": Infinity,
    "g14": Infinity,
    "h14": Infinity,
    "t14": Infinity,
    "alpha_14": NaN,
    "beta_14": NaN,
    "gamma_14": NaN,
    "epsilon_14": NaN,
    "epsilon_prime_14": NaN,
    "f15": Infinity,
    "g15": Infinity,
    "h15": Infinity,
    "t15": Infinity,
    "alpha_15": NaN,
    "beta_15": NaN,
    "gamma_15": NaN,
    "epsilon_15": NaN,
    "epsilon_prime_15": NaN,
    "f16": Infinity,
    "g16": Infinity,
    "h16": Infinity,
    "t16": Infinity,
    "alpha_16": NaN,
    "beta_16": NaN,
    "gamma_16": NaN,
    "epsilon_16": NaN,
    "epsilon_prime_16": NaN,
    "f17": Infinity,
    "g17": Infinity,
    "h17": Infinity,
    "t17": Infinity,
    "alpha_17": NaN,
    "beta_17": NaN,
    "gamma_17": NaN,
    "epsilon_17": NaN,
    "epsilon_prime_17": NaN,
    "f18": Infinity,
    "g18": Infinity,
    "h18": Infinity,
    "t18": Infinity,
    "alpha_18": NaN,
    "beta_18": NaN,
    "gamma_18": NaN,
    "epsilon_18": NaN,
    "epsilon_prime_18": NaN,
    "f19": Infinity,
    "g19": Infinity,
    "h19": Infinity,
    "t19": Infinity,
    "alpha_19": NaN,
    "beta_19": NaN,
    "gamma_19": NaN,
    "epsilon_19": NaN,
    "epsilon_prime_19": NaN,
    "f20": Infinity,
    "g20": Infinity,
    "h20": Infinity,
    "t20": Infinity,
    "alpha_20": NaN,
    "beta_20": NaN,
    "gamma_20": NaN,
    "epsilon_20": NaN,
    "epsilon_prime_20": NaN
}