{
    "f0": 0.456533,
    "g0": 0.136367,
    "h0": 0,
    "t0": 0,
    "f1": 0.3471620721533243,
    "g1": 0.06998823523388618,
    "h1": 0.01356141900525096,
    "t1": 0.002535875098542862,
    "alpha_1": 0.29870129870129863,
    "beta_1": 0.0,
    "gamma_1": 9999,
    "epsilon_1": -0.9999999999999997,
    "epsilon_prime_1": 33474.91304347826,
    "f2": 0.11532173522337974,
    "g2": 0.022992852371700453,
    "h2": 0.0045841775850474975,
    "t2": 0.0009139383903683465,
    "alpha_2": 0.20160104126517556,
    "beta_2": 0.19376712328767123,
    "gamma_2": 0.18699186991869918,
    "epsilon_2": -0.026226594968166646,
    "epsilon_prime_2": -0.02268236997438471,
    "f3": 0.004197226419163039,
    "g3": 0.000836835982459084,
    "h3": 0.00016684695834564027,
    "t3": 3.326566745716908e-05,
    "alpha_3": 0.19938004164750894,
    "beta_3": 0.19937402767347354,
    "gamma_3": 0.19936801605360954,
    "epsilon_3": -2.0133739162014885e-05,
    "epsilon_prime_3": -2.0125857805544053e-05,
    "f4": 2.0235488380476493e-07,
    "g4": 4.034517823964076e-08,
    "h4": 8.043954149181022e-09,
    "t4": 1.6037901225716014e-09,
    "alpha_4": 0.19937832723018925,
    "beta_4": 0.19937832722650406,
    "gamma_4": 0.19937832722281876,
    "epsilon_4": -1.2337378703194352e-11,
    "epsilon_prime_4": -1.233775038655477e-11,
    "f5": 2.2676058485053702e-20,
    "g5": 4.521114608900124e-21,
    "h5": 9.014122679337285e-22,
    "t5": 1.7972207012445094e-22,
    "alpha_5": 0.1993783272291387,
    "beta_5": 0.1993783272291387,
    "gamma_5": 0.19937832722913865,
    "epsilon_5": 0.0,
    "epsilon_prime_5": -1.8584168020899358e-16,
    "f6": 3.1910176200530056e-59,
    "g6": 6.362197552448757e-60,
    "h6": 1.2684843055085537e-60,
    "t6": 2.5290827894871113e-61,
    "alpha_6": 0.1993783272291387,
    "beta_6": 0.1993783272291387,
    "gamma_6": 0.19937832722913867,
    "epsilon_6": 0.0,
    "epsilon_prime_6": -9.292084010449679e-17,
    "f7": 8.892299952946794e-176,
    "g7": 1.7729318898382804e-176,
    "h7": 3.5348419448715206e-177,
    "t7": 7.047708739878794e-178,
    "alpha_7": 0.19937832722913873,
    "beta_7": 0.19937832722913873,
    "gamma_7": 0.19937832722913867,
    "epsilon_7": 0.0,
    "epsilon_prime_7": -1.8584168020899358e-16,
    "f8": 0.0,
    "g8": 0.0,
    "h8": 0.0,
    "t8": 0.0,
    "alpha_8": 0.19937832722913867,
    "beta_8": 0.19937832722913876,
    "gamma_8": 0.1993783272291388,
    "epsilon_8": 2.7876252031349037e-16,
    "epsilon_prime_8": 1.8584168020899358e-16,
    "f9": 0.0,
    "g9": 0.0,
    "h9": 0.0,
    "t9": 0.0,
    "alpha_9": NaN,
    "beta_9": NaN,
    "gamma_9": NaN,
    "epsilon_9": NaN,
    "epsilon_prime_9": NaN,
    "f10": 0.0,
    "g10": 0.0,
    "h10": 0.0,
    "t10": 0.0,
    "alpha_10": NaN,
    "beta_10": NaN,
    "gamma_10": NaN,
    "epsilon_10": NaN,
    "epsilon_prime_10": NaN,
    "f11": 0.0,
    "g11": 0.0,
    "h11": 0.0,
    "t11": 0.0,
    "alpha_11": NaN,
    "beta_11": NaN,
    "gamma_11": NaN,
    "epsilon_11": NaN,
    "epsilon_prime_11": NaN,
    "f12": 0.0,
    "g12": 0.0,
    "h12": 0.0,
    "t12": 0.0,
    "alpha_12": NaN,
    "beta_12": NaN,
    "gamma_12": NaN,
    "epsilon_12": NaN,
    "epsilon_prime_12": NaN,
    "f13": 0.0,
    "g13": 0.0,
    "h13": 0.0,
    "t13": 0.0,
    "alpha_13": NaN,
    "beta_13": NaN,
    "gamma_13": NaN,
    "epsilon_13": NaN,
    "epsilon_prime_13": NaN,
    "f14": 0.0,
    "g14": 0.0,
    "h14": 0.0,
    "t14": 0.0,
    "alpha_14": NaN,
    "beta_14": NaN,
    "gamma_14": NaN,
    "epsilon_14": NaN,
    "epsilon_prime_14": NaN,
    "f15": 0.0,
    "g15": 0.0,
    "h15": 0.0,
    "t15": 0.0,
    "alpha_15": NaN,
    "beta_15": NaN,
    "gamma_15": NaN,
    "epsilon_15": NaN,
    "epsilon_prime_15": NaN,
    "f16": 0.0,
    "g16": 0.0,
    "h16": 0.0,
    "t16": 0.0,
    "alpha_16": NaN,
    "beta_16": NaN,
    "gamma_16": NaN,
    "epsilon_16": NaN,
    "epsilon_prime_16": NaN,
    "f17": 0.0,
    "g17": 0.0,
    "h17": 0.0,
    "t17": 0.0,
    "alpha_17": NaN,
    "beta_17": NaN,
    "gamma_17": NaN,
    "epsilon_17": NaN,
    "epsilon_prime_17": NaN,
    "f18": 0.0,
    "g18": 0.0,
    "h18": 0.0,
    "t18": 0.0,
    "alpha_18": NaN,
    "beta_18": NaN,
    "gamma_18": NaN,
    "epsilon_18": NaN,
    "epsilon_prime_18": NaN,
    "f19": 0.0,
    "g19": 0.0,
    "h19": 0.0,
    "t19": 0.0,
    "alpha_19": NaN,
    "beta_19": NaN,
    "gamma_19": NaN,
    "epsilon_19": NaN,
    "epsilon_prime_19": NaN,
    "f20": 0.0,
    "g20": 0.0,
    "h20": 0.0,
    "t20": 0.0,
    "alpha_20": NaN,
    "beta_20": NaN,
    "gamma_20": NaN,
    "epsilon_20": NaN,
    "epsilon_prime_20": NaN
}