{
    "f0": 0.456533,
    "g0": 0.136367,
    "h0": 0,
    "t0": 0,
    "f1": 0.3471620721533243,
    "g1": 0.06998823523388618,
    "h1": 0.01356141900525096,
    "t1": 0.002535875098542862,
    "beta_1": 0.19376712328767123,
    "alpha_1": 0.20160104126517556,
    "epsilon_1": -0.026226594968166646,
    "gamma_1": 0.18699186991869918,
    "epsilon_prime_1": -0.02268236997438471,
    "f2": 0.11532173522337974,
    "g2": 0.022992852371700453,
    "h2": 0.0045841775850474975,
    "t2": 0.0009139383903683465,
    "beta_2": 0.19937402767347354,
    "alpha_2": 0.19938004164750894,
    "epsilon_2": -2.0133739162014885e-05,
    "gamma_2": 0.19936801605360954,
    "epsilon_prime_2": -2.0125857805544053e-05,
    "f3": 0.004197226419163039,
    "g3": 0.000836835982459084,
    "h3": 0.00016684695834564027,
    "t3": 3.326566745716908e-05,
    "beta_3": 0.19937832722650406,
    "alpha_3": 0.19937832723018925,
    "epsilon_3": -1.2337378703194352e-11,
    "gamma_3": 0.19937832722281876,
    "epsilon_prime_3": -1.233775038655477e-11,
    "f4": 2.0235488380476493e-07,
    "g4": 4.034517823964076e-08,
    "h4": 8.043954149181022e-09,
    "t4": 1.6037901225716014e-09,
    "beta_4": 0.1993783272291387,
    "alpha_4": 0.1993783272291387,
    "epsilon_4": 0.0,
    "gamma_4": 0.19937832722913865,
    "epsilon_prime_4": -1.8584168020899358e-16,
    "f5": 2.2676058485053702e-20,
    "g5": 4.521114608900124e-21,
    "h5": 9.014122679337285e-22,
    "t5": 1.7972207012445094e-22,
    "beta_5": 0.1993783272291387,
    "alpha_5": 0.1993783272291387,
    "epsilon_5": 0.0,
    "gamma_5": 0.19937832722913867,
    "epsilon_prime_5": -9.292084010449679e-17
}