{
    "f1": 0.16472914854333648,
    "g1": 0.0702969339445248,
    "h1": 0.02530689622002893,
    "t1": 0.005327767625269248,
    "alpha_1": 0.4267425320056898,
    "epsilon_1": 0.0,
    "beta_1": 0.36000000000000004,
    "gamma_1": 0.21052631578947364,
    "epsilon_prime_1": 0.47333333333333366,
    "f2": 0.027754936319211113,
    "g2": 0.010902902734602336,
    "h2": 0.00427346709040861,
    "t2": 0.001671187428334266,
    "alpha_2": 0.3928275175704756,
    "epsilon_2": 0.0,
    "beta_2": 0.3919568205305536,
    "gamma_2": 0.39106126079339354,
    "epsilon_prime_2": 0.0028359391676734775,
    "f3": 0.00012169524587182903,
    "g3": 4.7758487623114825e-05,
    "h3": 1.874249543738957e-05,
    "t3": 7.355363791164448e-06,
    "alpha_3": 0.3924433307231629,
    "epsilon_3": 0.0,
    "beta_3": 0.3924432361697801,
    "gamma_3": 0.3924431416155592,
    "epsilon_prime_3": 2.9942169950854713e-07,
    "f4": 1.0248321811750478e-11,
    "g4": 4.0218851200114744e-12,
    "h4": 1.5783618250573626e-12,
    "t4": 6.1941750608513e-13,
    "alpha_4": 0.3924432891441873,
    "epsilon_4": 0.0,
    "beta_4": 0.3924432891441861,
    "gamma_4": 0.39244328914418497,
    "epsilon_prime_4": 3.5157062446463296e-15,
    "f5": 6.1205455543675964e-33,
    "g5": 2.4019670287128492e-33,
    "h5": 9.4263584116396e-34,
    "t5": 3.6993110997158173e-34,
    "alpha_5": 0.3924432891441867,
    "epsilon_5": 0.0,
    "beta_5": 0.39244328914418686,
    "gamma_5": 0.3924432891441868,
    "epsilon_prime_5": 1.7578531223231647e-16
}