{
    "f0": 0.43897600000000003,
    "g0": 0.13862400000000002,
    "h0": 0,
    "t0": 0,
    "f1": 2.669252848482213,
    "g1": 0.2993276632767295,
    "h1": 0.008693848054406919,
    "t1": 0.0027454257013916593,
    "alpha_1": 0.31578947368421056,
    "beta_1": 0.0,
    "gamma_1": 9999,
    "epsilon_1": -1.0,
    "epsilon_prime_1": 31663.5,
    "f2": 117.06569474286893,
    "g2": 9.500983673268466,
    "h2": 0.6425126157878278,
    "t2": 0.06154621193149962,
    "alpha_2": 0.1121391191722181,
    "beta_2": 0.029044585987261142,
    "gamma_2": 0.3157894736842106,
    "epsilon_2": -0.2631326884190303,
    "epsilon_prime_2": 0.9080254777070067,
    "f3": 6910781.057194788,
    "g3": 528286.2277243247,
    "h3": 40360.076755807975,
    "t3": 3087.5129880607083,
    "alpha_3": 0.08115941817230979,
    "beta_3": 0.06762590463086174,
    "gamma_3": 0.09578988866395048,
    "epsilon_3": -0.04285612621458549,
    "epsilon_prime_3": 0.08918594943811435,
    "f4": 1.3375893858523352e+21,
    "g4": 1.0223197706279335e+20,
    "h4": 7.813591578722651e+18,
    "t4": 5.971929260884599e+17,
    "alpha_4": 0.07644378013890744,
    "beta_4": 0.0763981240428419,
    "gamma_4": 0.07649918524043448,
    "epsilon_4": -0.00014457763754090652,
    "epsilon_prime_4": 0.0003200271257098389,
    "f5": 9.697111817808083e+63,
    "g5": 7.411504048270192e+62,
    "h5": 5.66461367978139e+61,
    "t5": 4.329465103463797e+60,
    "alpha_5": 0.07643001517812535,
    "beta_5": 0.0764300153749678,
    "gamma_5": 0.07643001557883931,
    "epsilon_5": 6.233344095514977e-10,
    "epsilon_prime_5": 6.455931368202587e-10,
    "f6": 3.6948871090765764e+192,
    "g6": 2.8240027836466026e+191,
    "h6": 2.158385760272082e+190,
    "t6": 1.6496545673123088e+189,
    "alpha_6": 0.07643001532332,
    "beta_6": 0.07643001532332,
    "gamma_6": 0.07643001532332,
    "epsilon_6": 0.0,
    "epsilon_prime_6": 0.0,
    "f7": Infinity,
    "g7": Infinity,
    "h7": Infinity,
    "t7": Infinity,
    "alpha_7": 0.07643001532332,
    "beta_7": 0.07643001532332,
    "gamma_7": 0.07643001532331999,
    "epsilon_7": 0.0,
    "epsilon_prime_7": -4.394632805807911e-17,
    "f8": Infinity,
    "g8": Infinity,
    "h8": Infinity,
    "t8": Infinity,
    "alpha_8": NaN,
    "beta_8": NaN,
    "gamma_8": NaN,
    "epsilon_8": NaN,
    "epsilon_prime_8": NaN,
    "f9": Infinity,
    "g9": Infinity,
    "h9": Infinity,
    "t9": Infinity,
    "alpha_9": NaN,
    "beta_9": NaN,
    "gamma_9": NaN,
    "epsilon_9": NaN,
    "epsilon_prime_9": NaN,
    "f10": Infinity,
    "g10": Infinity,
    "h10": Infinity,
    "t10": Infinity,
    "alpha_10": NaN,
    "beta_10": NaN,
    "gamma_10": NaN,
    "epsilon_10": NaN,
    "epsilon_prime_10": NaN,
    "f11": Infinity,
    "g11": Infinity,
    "h11": Infinity,
    "t11": Infinity,
    "alpha_11": NaN,
    "beta_11": NaN,
    "gamma_11": NaN,
    "epsilon_11": NaN,
    "epsilon_prime_11": NaN,
    "f12": Infinity,
    "g12": Infinity,
    "h12": Infinity,
    "t12": Infinity,
    "alpha_12": NaN,
    "beta_12": NaN,
    "gamma_12": NaN,
    "epsilon_12": NaN,
    "epsilon_prime_12": NaN,
    "f13": Infinity,
    "g13": Infinity,
    "h13": Infinity,
    "t13": Infinity,
    "alpha_13": NaN,
    "beta_13": NaN,
    "gamma_13": NaN,
    "epsilon_13": NaN,
    "epsilon_prime_13": NaN,
    "f14": Infinity,
    "g14": Infinity,
    "h14": Infinity,
    "t14": Infinity,
    "alpha_14": NaN,
    "beta_14": NaN,
    "gamma_14": NaN,
    "epsilon_14": NaN,
    "epsilon_prime_14": NaN,
    "f15": Infinity,
    "g15": Infinity,
    "h15": Infinity,
    "t15": Infinity,
    "alpha_15": NaN,
    "beta_15": NaN,
    "gamma_15": NaN,
    "epsilon_15": NaN,
    "epsilon_prime_15": NaN,
    "f16": Infinity,
    "g16": Infinity,
    "h16": Infinity,
    "t16": Infinity,
    "alpha_16": NaN,
    "beta_16": NaN,
    "gamma_16": NaN,
    "epsilon_16": NaN,
    "epsilon_prime_16": NaN,
    "f17": Infinity,
    "g17": Infinity,
    "h17": Infinity,
    "t17": Infinity,
    "alpha_17": NaN,
    "beta_17": NaN,
    "gamma_17": NaN,
    "epsilon_17": NaN,
    "epsilon_prime_17": NaN,
    "f18": Infinity,
    "g18": Infinity,
    "h18": Infinity,
    "t18": Infinity,
    "alpha_18": NaN,
    "beta_18": NaN,
    "gamma_18": NaN,
    "epsilon_18": NaN,
    "epsilon_prime_18": NaN,
    "f19": Infinity,
    "g19": Infinity,
    "h19": Infinity,
    "t19": Infinity,
    "alpha_19": NaN,
    "beta_19": NaN,
    "gamma_19": NaN,
    "epsilon_19": NaN,
    "epsilon_prime_19": NaN,
    "f20": Infinity,
    "g20": Infinity,
    "h20": Infinity,
    "t20": Infinity,
    "alpha_20": NaN,
    "beta_20": NaN,
    "gamma_20": NaN,
    "epsilon_20": NaN,
    "epsilon_prime_20": NaN
}