{
    "f0": 0.43897600000000003,
    "g0": 0.138624,
    "h0": 0,
    "t0": 0,
    "f1": 0.32611610952545084,
    "g1": 0.0684470146301952,
    "h1": 0.013763399698612223,
    "t1": 0.002663883812634624,
    "beta_1": 0.20108108108108105,
    "alpha_1": 0.20988541390916307,
    "epsilon_1": -0.027880387288926393,
    "gamma_1": 0.1935483870967742,
    "epsilon_prime_1": -0.023853530950305075,
    "f2": 0.09898638486368731,
    "g2": 0.020521898414104785,
    "h2": 0.004254450642580588,
    "t2": 0.0008819690373974123,
    "beta_2": 0.20731272305960183,
    "alpha_2": 0.20732041525069522,
    "epsilon_2": -2.4358605129083204e-05,
    "gamma_2": 0.20730503453730129,
    "epsilon_prime_2": -2.4346987285049176e-05,
    "f3": 0.002745768501840597,
    "g3": 0.0005692476755225744,
    "h3": 0.00011801538107129418,
    "t3": 2.4466731737121893e-05,
    "beta_3": 0.207318160698601,
    "alpha_3": 0.20731816070472994,
    "epsilon_3": -1.940828053825783e-11,
    "gamma_3": 0.20731816069247208,
    "epsilon_prime_3": -1.940828053825783e-11,
    "f4": 5.860385293839487e-08,
    "g4": 1.214964300129323e-08,
    "h4": 2.518841640225382e-09,
    "t4": 5.222016159534863e-10,
    "beta_4": 0.20731816070293357,
    "alpha_4": 0.20731816070293352,
    "epsilon_4": 1.7578531223231647e-16,
    "gamma_4": 0.20731816070293346,
    "epsilon_prime_4": -3.5157062446463294e-16,
    "f5": 5.697875077186283e-22,
    "g5": 1.1812729809173457e-22,
    "h5": 2.4489934169185554e-23,
    "t5": 5.077208107691474e-24,
    "beta_5": 0.2073181607029335,
    "alpha_5": 0.20731816070293352,
    "epsilon_5": -8.789265611615823e-17,
    "gamma_5": 0.20731816070293355,
    "epsilon_prime_5": 1.7578531223231647e-16
}