{
    "f0": 0.43897600000000003,
    "g0": 0.138624,
    "h0": 0,
    "t0": 0,
    "f1": 0.32611610952545084,
    "g1": 0.0684470146301952,
    "h1": 0.013763399698612223,
    "t1": 0.002663883812634624,
    "alpha_1": 0.3157894736842105,
    "beta_1": 0.0,
    "gamma_1": 9999,
    "epsilon_1": -1.0,
    "epsilon_prime_1": 31663.500000000004,
    "f2": 0.09898638486368731,
    "g2": 0.020521898414104785,
    "h2": 0.004254450642580588,
    "t2": 0.0008819690373974123,
    "alpha_2": 0.20988541390916307,
    "beta_2": 0.20108108108108105,
    "gamma_2": 0.1935483870967742,
    "epsilon_2": -0.027880387288926393,
    "epsilon_prime_2": -0.023853530950305075,
    "f3": 0.002745768501840597,
    "g3": 0.0005692476755225744,
    "h3": 0.00011801538107129418,
    "t3": 2.4466731737121893e-05,
    "alpha_3": 0.20732041525069522,
    "beta_3": 0.20731272305960183,
    "gamma_3": 0.20730503453730129,
    "epsilon_3": -2.4358605129083204e-05,
    "epsilon_prime_3": -2.4346987285049176e-05,
    "f4": 5.860385293839487e-08,
    "g4": 1.214964300129323e-08,
    "h4": 2.518841640225382e-09,
    "t4": 5.222016159534863e-10,
    "alpha_4": 0.20731816070472994,
    "beta_4": 0.207318160698601,
    "gamma_4": 0.20731816069247208,
    "epsilon_4": -1.940828053825783e-11,
    "epsilon_prime_4": -1.940828053825783e-11,
    "f5": 5.697875077186283e-22,
    "g5": 1.1812729809173457e-22,
    "h5": 2.4489934169185554e-23,
    "t5": 5.077208107691474e-24,
    "alpha_5": 0.20731816070293352,
    "beta_5": 0.20731816070293357,
    "gamma_5": 0.20731816070293346,
    "epsilon_5": 1.7578531223231647e-16,
    "epsilon_prime_5": -3.5157062446463294e-16,
    "f6": 5.236886769181855e-64,
    "g6": 1.0857017327963104e-64,
    "h6": 2.2508568631531877e-65,
    "t6": 4.6664350487449344e-66,
    "alpha_6": 0.20731816070293352,
    "beta_6": 0.2073181607029335,
    "gamma_6": 0.20731816070293355,
    "epsilon_6": -8.789265611615823e-17,
    "epsilon_prime_6": 1.7578531223231647e-16,
    "f7": 4.065874460999582e-190,
    "g7": 8.429296149034644e-191,
    "h7": 1.7475461736381835e-191,
    "t7": 3.622980584621175e-192,
    "alpha_7": 0.20731816070293357,
    "beta_7": 0.20731816070293344,
    "gamma_7": 0.20731816070293352,
    "epsilon_7": -4.394632805807912e-16,
    "epsilon_prime_7": 2.636779683484747e-16,
    "f8": 0.0,
    "g8": 0.0,
    "h8": 0.0,
    "t8": 0.0,
    "alpha_8": 0.2073181607029335,
    "beta_8": 0.20731816070293357,
    "gamma_8": 0.20731816070293352,
    "epsilon_8": 2.636779683484747e-16,
    "epsilon_prime_8": -1.7578531223231647e-16,
    "f9": 0.0,
    "g9": 0.0,
    "h9": 0.0,
    "t9": 0.0,
    "alpha_9": NaN,
    "beta_9": NaN,
    "gamma_9": NaN,
    "epsilon_9": NaN,
    "epsilon_prime_9": NaN,
    "f10": 0.0,
    "g10": 0.0,
    "h10": 0.0,
    "t10": 0.0,
    "alpha_10": NaN,
    "beta_10": NaN,
    "gamma_10": NaN,
    "epsilon_10": NaN,
    "epsilon_prime_10": NaN,
    "f11": 0.0,
    "g11": 0.0,
    "h11": 0.0,
    "t11": 0.0,
    "alpha_11": NaN,
    "beta_11": NaN,
    "gamma_11": NaN,
    "epsilon_11": NaN,
    "epsilon_prime_11": NaN,
    "f12": 0.0,
    "g12": 0.0,
    "h12": 0.0,
    "t12": 0.0,
    "alpha_12": NaN,
    "beta_12": NaN,
    "gamma_12": NaN,
    "epsilon_12": NaN,
    "epsilon_prime_12": NaN,
    "f13": 0.0,
    "g13": 0.0,
    "h13": 0.0,
    "t13": 0.0,
    "alpha_13": NaN,
    "beta_13": NaN,
    "gamma_13": NaN,
    "epsilon_13": NaN,
    "epsilon_prime_13": NaN,
    "f14": 0.0,
    "g14": 0.0,
    "h14": 0.0,
    "t14": 0.0,
    "alpha_14": NaN,
    "beta_14": NaN,
    "gamma_14": NaN,
    "epsilon_14": NaN,
    "epsilon_prime_14": NaN,
    "f15": 0.0,
    "g15": 0.0,
    "h15": 0.0,
    "t15": 0.0,
    "alpha_15": NaN,
    "beta_15": NaN,
    "gamma_15": NaN,
    "epsilon_15": NaN,
    "epsilon_prime_15": NaN,
    "f16": 0.0,
    "g16": 0.0,
    "h16": 0.0,
    "t16": 0.0,
    "alpha_16": NaN,
    "beta_16": NaN,
    "gamma_16": NaN,
    "epsilon_16": NaN,
    "epsilon_prime_16": NaN,
    "f17": 0.0,
    "g17": 0.0,
    "h17": 0.0,
    "t17": 0.0,
    "alpha_17": NaN,
    "beta_17": NaN,
    "gamma_17": NaN,
    "epsilon_17": NaN,
    "epsilon_prime_17": NaN,
    "f18": 0.0,
    "g18": 0.0,
    "h18": 0.0,
    "t18": 0.0,
    "alpha_18": NaN,
    "beta_18": NaN,
    "gamma_18": NaN,
    "epsilon_18": NaN,
    "epsilon_prime_18": NaN,
    "f19": 0.0,
    "g19": 0.0,
    "h19": 0.0,
    "t19": 0.0,
    "alpha_19": NaN,
    "beta_19": NaN,
    "gamma_19": NaN,
    "epsilon_19": NaN,
    "epsilon_prime_19": NaN,
    "f20": 0.0,
    "g20": 0.0,
    "h20": 0.0,
    "t20": 0.0,
    "alpha_20": NaN,
    "beta_20": NaN,
    "gamma_20": NaN,
    "epsilon_20": NaN,
    "epsilon_prime_20": NaN
}