{
    "f0": 0.421875,
    "g0": 0.140625,
    "h0": 0,
    "t0": 0,
    "f1": 0.30590057373046875,
    "g1": 0.066741943359375,
    "h1": 0.013904571533203125,
    "t1": 0.002780914306640625,
    "alpha_1": 0.3333333333333333,
    "beta_1": 0.0,
    "gamma_1": 9999,
    "epsilon_1": -1.0,
    "epsilon_prime_1": 29997.0,
    "f2": 0.08456195264584143,
    "g2": 0.018200919043396713,
    "h2": 0.0039173465622072134,
    "t2": 0.0008430843806294108,
    "alpha_2": 0.21818181818181817,
    "beta_2": 0.20833333333333334,
    "gamma_2": 0.2,
    "epsilon_2": -0.029545454545454486,
    "epsilon_prime_2": -0.024999999999999994,
    "f3": 0.0017699656202918646,
    "g3": 0.00038095812136275853,
    "h3": 8.199542892906223e-05,
    "t3": 1.76482662737295e-05,
    "alpha_3": 0.21523768638154542,
    "beta_3": 0.21522795375700687,
    "gamma_3": 0.2152182267362064,
    "epsilon_3": -2.9197873615632863e-05,
    "epsilon_prime_3": -2.9181062401378854e-05,
    "f4": 1.623044073686718e-08,
    "g4": 3.4933549787824695e-09,
    "h4": 7.518914122932074e-10,
    "t4": 1.618331659147078e-10,
    "alpha_4": 0.2152347576671795,
    "beta_4": 0.21523475765721764,
    "gamma_4": 0.21523475764725583,
    "epsilon_4": -2.988559399952351e-11,
    "epsilon_prime_4": -2.9885427466069814e-11,
    "f5": 1.2514882046942079e-23,
    "g5": 2.6936376045693965e-24,
    "h5": 5.797644370546208e-25,
    "t5": 1.2478545811176206e-25,
    "alpha_5": 0.21523475766418168,
    "beta_5": 0.2152347576641817,
    "gamma_5": 0.21523475766418165,
    "epsilon_5": 8.326672684688674e-17,
    "epsilon_prime_5": -1.6653345369377348e-16,
    "f6": 5.737412869179236e-69,
    "g6": 1.2348906685171498e-69,
    "h6": 2.6579139378004816e-70,
    "t6": 5.7207546229473725e-71,
    "alpha_6": 0.21523475766418168,
    "beta_6": 0.21523475766418165,
    "gamma_6": 0.21523475766418174,
    "epsilon_6": -8.326672684688674e-17,
    "epsilon_prime_6": 2.498001805406602e-16,
    "f7": 5.528204888621771e-205,
    "g7": 1.1898618395204512e-205,
    "h7": 2.560996246830416e-206,
    "t7": 5.512154065654236e-207,
    "alpha_7": 0.21523475766418163,
    "beta_7": 0.21523475766418176,
    "gamma_7": 0.2152347576641816,
    "epsilon_7": 4.163336342344337e-16,
    "epsilon_prime_7": -4.996003610813204e-16,
    "f8": 0.0,
    "g8": 0.0,
    "h8": 0.0,
    "t8": 0.0,
    "alpha_8": 0.21523475766418165,
    "beta_8": 0.21523475766418154,
    "gamma_8": 0.21523475766418176,
    "epsilon_8": -3.3306690738754696e-16,
    "epsilon_prime_8": 6.661338147750939e-16,
    "f9": 0.0,
    "g9": 0.0,
    "h9": 0.0,
    "t9": 0.0,
    "alpha_9": NaN,
    "beta_9": NaN,
    "gamma_9": NaN,
    "epsilon_9": NaN,
    "epsilon_prime_9": NaN,
    "f10": 0.0,
    "g10": 0.0,
    "h10": 0.0,
    "t10": 0.0,
    "alpha_10": NaN,
    "beta_10": NaN,
    "gamma_10": NaN,
    "epsilon_10": NaN,
    "epsilon_prime_10": NaN,
    "f11": 0.0,
    "g11": 0.0,
    "h11": 0.0,
    "t11": 0.0,
    "alpha_11": NaN,
    "beta_11": NaN,
    "gamma_11": NaN,
    "epsilon_11": NaN,
    "epsilon_prime_11": NaN,
    "f12": 0.0,
    "g12": 0.0,
    "h12": 0.0,
    "t12": 0.0,
    "alpha_12": NaN,
    "beta_12": NaN,
    "gamma_12": NaN,
    "epsilon_12": NaN,
    "epsilon_prime_12": NaN,
    "f13": 0.0,
    "g13": 0.0,
    "h13": 0.0,
    "t13": 0.0,
    "alpha_13": NaN,
    "beta_13": NaN,
    "gamma_13": NaN,
    "epsilon_13": NaN,
    "epsilon_prime_13": NaN,
    "f14": 0.0,
    "g14": 0.0,
    "h14": 0.0,
    "t14": 0.0,
    "alpha_14": NaN,
    "beta_14": NaN,
    "gamma_14": NaN,
    "epsilon_14": NaN,
    "epsilon_prime_14": NaN,
    "f15": 0.0,
    "g15": 0.0,
    "h15": 0.0,
    "t15": 0.0,
    "alpha_15": NaN,
    "beta_15": NaN,
    "gamma_15": NaN,
    "epsilon_15": NaN,
    "epsilon_prime_15": NaN,
    "f16": 0.0,
    "g16": 0.0,
    "h16": 0.0,
    "t16": 0.0,
    "alpha_16": NaN,
    "beta_16": NaN,
    "gamma_16": NaN,
    "epsilon_16": NaN,
    "epsilon_prime_16": NaN,
    "f17": 0.0,
    "g17": 0.0,
    "h17": 0.0,
    "t17": 0.0,
    "alpha_17": NaN,
    "beta_17": NaN,
    "gamma_17": NaN,
    "epsilon_17": NaN,
    "epsilon_prime_17": NaN,
    "f18": 0.0,
    "g18": 0.0,
    "h18": 0.0,
    "t18": 0.0,
    "alpha_18": NaN,
    "beta_18": NaN,
    "gamma_18": NaN,
    "epsilon_18": NaN,
    "epsilon_prime_18": NaN,
    "f19": 0.0,
    "g19": 0.0,
    "h19": 0.0,
    "t19": 0.0,
    "alpha_19": NaN,
    "beta_19": NaN,
    "gamma_19": NaN,
    "epsilon_19": NaN,
    "epsilon_prime_19": NaN,
    "f20": 0.0,
    "g20": 0.0,
    "h20": 0.0,
    "t20": 0.0,
    "alpha_20": NaN,
    "beta_20": NaN,
    "gamma_20": NaN,
    "epsilon_20": NaN,
    "epsilon_prime_20": NaN
}