{
    "f0": 0.421875,
    "g0": 0.140625,
    "h0": 0,
    "t0": 0,
    "f1": 2.6310233582597666,
    "g1": 0.3095321597952667,
    "h1": 0.00859811554986852,
    "t1": 0.00286603851662284,
    "alpha_1": 0.3333333333333333,
    "beta_1": 0.0,
    "gamma_1": 9999,
    "epsilon_1": -1.0,
    "epsilon_prime_1": 29997.0,
    "f2": 121.52815354575584,
    "g2": 10.110830366386592,
    "h2": 0.6788840625970246,
    "t2": 0.0675311174768235,
    "alpha_2": 0.11764705882352944,
    "beta_2": 0.02777777777777778,
    "gamma_2": 0.3333333333333333,
    "epsilon_2": -0.269607843137255,
    "epsilon_prime_2": 0.9166666666666665,
    "f3": 8068547.529126746,
    "g3": 624579.9095544175,
    "h3": 48301.78954881631,
    "t3": 3742.7408290156027,
    "alpha_3": 0.08319743262272,
    "beta_3": 0.06714424414180377,
    "gamma_3": 0.09947371163566253,
    "epsilon_3": -0.0481595654427487,
    "epsilon_prime_3": 0.09698840248157628,
    "f4": 2.1884644663525942e+21,
    "g4": 1.6935468136000206e+20,
    "h4": 1.3105539817209373e+19,
    "t4": 1.0141743540753859e+18,
    "alpha_4": 0.07740921241397401,
    "beta_4": 0.07733484348427948,
    "gamma_4": 0.0774865872253655,
    "epsilon_4": -0.0002231067890836047,
    "epsilon_prime_4": 0.0004552312232580652,
    "f5": 4.3656007230818857e+64,
    "g5": 3.3783272828715796e+63,
    "h5": 2.614324111192979e+62,
    "t5": 2.0230990031716133e+61,
    "alpha_5": 0.0773851638734885,
    "beta_5": 0.07738516415351138,
    "gamma_5": 0.07738516445874559,
    "epsilon_5": 8.4006863965147e-10,
    "epsilon_prime_5": 9.157026387152101e-10,
    "f6": 3.465433381150069e+194,
    "g6": 2.681731308274202e+193,
    "h6": 2.0752621732383063e+192,
    "t6": 1.605945037963298e+191,
    "alpha_6": 0.07738516408542871,
    "beta_6": 0.07738516408542877,
    "gamma_6": 0.07738516408542874,
    "epsilon_6": 1.6653345369377348e-16,
    "epsilon_prime_6": -8.326672684688674e-17,
    "f7": Infinity,
    "g7": Infinity,
    "h7": Infinity,
    "t7": Infinity,
    "alpha_7": 0.07738516408542874,
    "beta_7": 0.07738516408542875,
    "gamma_7": 0.07738516408542875,
    "epsilon_7": 4.163336342344337e-17,
    "epsilon_prime_7": 0.0,
    "f8": Infinity,
    "g8": Infinity,
    "h8": Infinity,
    "t8": Infinity,
    "alpha_8": NaN,
    "beta_8": NaN,
    "gamma_8": NaN,
    "epsilon_8": NaN,
    "epsilon_prime_8": NaN,
    "f9": Infinity,
    "g9": Infinity,
    "h9": Infinity,
    "t9": Infinity,
    "alpha_9": NaN,
    "beta_9": NaN,
    "gamma_9": NaN,
    "epsilon_9": NaN,
    "epsilon_prime_9": NaN,
    "f10": Infinity,
    "g10": Infinity,
    "h10": Infinity,
    "t10": Infinity,
    "alpha_10": NaN,
    "beta_10": NaN,
    "gamma_10": NaN,
    "epsilon_10": NaN,
    "epsilon_prime_10": NaN,
    "f11": Infinity,
    "g11": Infinity,
    "h11": Infinity,
    "t11": Infinity,
    "alpha_11": NaN,
    "beta_11": NaN,
    "gamma_11": NaN,
    "epsilon_11": NaN,
    "epsilon_prime_11": NaN,
    "f12": Infinity,
    "g12": Infinity,
    "h12": Infinity,
    "t12": Infinity,
    "alpha_12": NaN,
    "beta_12": NaN,
    "gamma_12": NaN,
    "epsilon_12": NaN,
    "epsilon_prime_12": NaN,
    "f13": Infinity,
    "g13": Infinity,
    "h13": Infinity,
    "t13": Infinity,
    "alpha_13": NaN,
    "beta_13": NaN,
    "gamma_13": NaN,
    "epsilon_13": NaN,
    "epsilon_prime_13": NaN,
    "f14": Infinity,
    "g14": Infinity,
    "h14": Infinity,
    "t14": Infinity,
    "alpha_14": NaN,
    "beta_14": NaN,
    "gamma_14": NaN,
    "epsilon_14": NaN,
    "epsilon_prime_14": NaN,
    "f15": Infinity,
    "g15": Infinity,
    "h15": Infinity,
    "t15": Infinity,
    "alpha_15": NaN,
    "beta_15": NaN,
    "gamma_15": NaN,
    "epsilon_15": NaN,
    "epsilon_prime_15": NaN,
    "f16": Infinity,
    "g16": Infinity,
    "h16": Infinity,
    "t16": Infinity,
    "alpha_16": NaN,
    "beta_16": NaN,
    "gamma_16": NaN,
    "epsilon_16": NaN,
    "epsilon_prime_16": NaN,
    "f17": Infinity,
    "g17": Infinity,
    "h17": Infinity,
    "t17": Infinity,
    "alpha_17": NaN,
    "beta_17": NaN,
    "gamma_17": NaN,
    "epsilon_17": NaN,
    "epsilon_prime_17": NaN,
    "f18": Infinity,
    "g18": Infinity,
    "h18": Infinity,
    "t18": Infinity,
    "alpha_18": NaN,
    "beta_18": NaN,
    "gamma_18": NaN,
    "epsilon_18": NaN,
    "epsilon_prime_18": NaN,
    "f19": Infinity,
    "g19": Infinity,
    "h19": Infinity,
    "t19": Infinity,
    "alpha_19": NaN,
    "beta_19": NaN,
    "gamma_19": NaN,
    "epsilon_19": NaN,
    "epsilon_prime_19": NaN,
    "f20": Infinity,
    "g20": Infinity,
    "h20": Infinity,
    "t20": Infinity,
    "alpha_20": NaN,
    "beta_20": NaN,
    "gamma_20": NaN,
    "epsilon_20": NaN,
    "epsilon_prime_20": NaN
}