{
    "f0": 0.421875,
    "g0": 0.140625,
    "h0": 0,
    "t0": 0,
    "f1": 0.30590057373046875,
    "g1": 0.066741943359375,
    "h1": 0.013904571533203125,
    "t1": 0.002780914306640625,
    "beta_1": 0.20833333333333334,
    "alpha_1": 0.21818181818181817,
    "epsilon_1": -0.029545454545454486,
    "gamma_1": 0.2,
    "epsilon_prime_1": -0.024999999999999994,
    "f2": 0.08456195264584143,
    "g2": 0.018200919043396713,
    "h2": 0.0039173465622072134,
    "t2": 0.0008430843806294108,
    "beta_2": 0.21522795375700687,
    "alpha_2": 0.21523768638154542,
    "epsilon_2": -2.9197873615632863e-05,
    "gamma_2": 0.2152182267362064,
    "epsilon_prime_2": -2.9181062401378854e-05,
    "f3": 0.0017699656202918646,
    "g3": 0.00038095812136275853,
    "h3": 8.199542892906223e-05,
    "t3": 1.76482662737295e-05,
    "beta_3": 0.21523475765721764,
    "alpha_3": 0.2152347576671795,
    "epsilon_3": -2.988559399952351e-11,
    "gamma_3": 0.21523475764725583,
    "epsilon_prime_3": -2.9885427466069814e-11,
    "f4": 1.623044073686718e-08,
    "g4": 3.4933549787824695e-09,
    "h4": 7.518914122932074e-10,
    "t4": 1.618331659147078e-10,
    "beta_4": 0.2152347576641817,
    "alpha_4": 0.21523475766418168,
    "epsilon_4": 8.326672684688674e-17,
    "gamma_4": 0.21523475766418165,
    "epsilon_prime_4": -1.6653345369377348e-16,
    "f5": 1.2514882046942079e-23,
    "g5": 2.6936376045693965e-24,
    "h5": 5.797644370546208e-25,
    "t5": 1.2478545811176206e-25,
    "beta_5": 0.21523475766418165,
    "alpha_5": 0.21523475766418168,
    "epsilon_5": -8.326672684688674e-17,
    "gamma_5": 0.21523475766418174,
    "epsilon_prime_5": 2.498001805406602e-16
}