{
    "f1": 0.15016937255859375,
    "g1": 0.066741943359375,
    "h1": 0.025028228759765625,
    "t1": 0.00556182861328125,
    "alpha_1": 0.4444444444444444,
    "epsilon_1": 0.0,
    "beta_1": 0.375,
    "gamma_1": 0.2222222222222222,
    "epsilon_prime_1": 0.45833333333333337,
    "f2": 0.022230226660793884,
    "g2": 0.009079297462861069,
    "h2": 0.003699618225145529,
    "t2": 0.0015039255838328325,
    "alpha_2": 0.4084212725942953,
    "epsilon_2": 0.0,
    "beta_2": 0.4074784684915153,
    "gamma_2": 0.4065083185099927,
    "epsilon_prime_2": 0.00291044994456785,
    "f3": 6.58614874120257e-05,
    "g3": 2.6871232303787644e-05,
    "h3": 1.0963355927040152e-05,
    "t3": 4.473004401414059e-06,
    "alpha_3": 0.40799613491391035,
    "epsilon_3": 0.0,
    "beta_3": 0.4079960235204698,
    "gamma_3": 0.40799591212593833,
    "epsilon_prime_3": 3.341835944636884e-07,
    "f4": 1.7109470618292333e-12,
    "g4": 6.980597026302074e-13,
    "h4": 2.848056256721326e-13,
    "t4": 1.1619958022052497e-13,
    "alpha_4": 0.40799608486067795,
    "epsilon_4": 0.0,
    "beta_4": 0.4079960848606763,
    "gamma_4": 0.40799608486067473,
    "epsilon_prime_4": 4.6629367034256575e-15,
    "f5": 2.999519099415957e-35,
    "g5": 1.2237920490265347e-35,
    "h5": 4.9930236468645214e-36,
    "t5": 2.0371340995375054e-36,
    "alpha_5": 0.4079960848606771,
    "epsilon_5": 0.0,
    "beta_5": 0.40799608486067723,
    "gamma_5": 0.40799608486067723,
    "epsilon_prime_5": 0.0
}