{
    "f0": 0.405224,
    "g0": 0.142376,
    "h0": 0,
    "t0": 0,
    "f1": 0.2865153659706132,
    "g1": 0.06489440491755519,
    "h1": 0.013986452007230976,
    "t1": 0.002886093271333376,
    "alpha_1": 0.35135135135135137,
    "beta_1": 0.0,
    "gamma_1": 9999,
    "epsilon_1": -0.9999999999999999,
    "epsilon_prime_1": 28458.692307692305,
    "f2": 0.07189461366424263,
    "g2": 0.016042206371512862,
    "h2": 0.0035793825134722798,
    "t2": 0.0007985983505282857,
    "alpha_2": 0.2264953738090653,
    "beta_2": 0.21552631578947373,
    "gamma_2": 0.20634920634920637,
    "epsilon_2": -0.03121962667114519,
    "epsilon_prime_2": -0.026119465329991733,
    "f3": 0.0011241791995460905,
    "g3": 0.00025083952391699934,
    "h3": 5.5970139618168834e-05,
    "t3": 1.2488687905863215e-05,
    "alpha_3": 0.22313502436263294,
    "beta_3": 0.22312283177134604,
    "gamma_3": 0.22311064758306123,
    "epsilon_3": -3.470199058579951e-05,
    "epsilon_prime_3": -3.467807434905421e-05,
    "f4": 4.297818144943769e-09,
    "g4": 9.589775880670875e-10,
    "h4": 2.1397787979858823e-10,
    "t4": 4.7745154436180574e-11,
    "alpha_4": 0.22313126236304742,
    "beta_4": 0.22313126234719244,
    "gamma_4": 0.22313126233133748,
    "epsilon_4": -4.512572367058982e-11,
    "epsilon_prime_4": -4.5125644673951527e-11,
    "f5": 2.4015161094750946e-25,
    "g5": 5.358533210806231e-26,
    "h5": 1.1956562797152929e-26,
    "t5": 2.6678829503932874e-27,
    "alpha_5": 0.22313126235815509,
    "beta_5": 0.22313126235815525,
    "gamma_5": 0.22313126235815514,
    "epsilon_5": 4.739798297438167e-16,
    "epsilon_prime_5": -3.159865531625445e-16,
    "f6": 4.189844564359958e-74,
    "g6": 9.348853067300916e-75,
    "h6": 2.086021386507764e-75,
    "t6": 4.654565852775863e-76,
    "alpha_6": 0.22313126235815503,
    "beta_6": 0.2231312623581552,
    "gamma_6": 0.22313126235815514,
    "epsilon_6": 4.739798297438167e-16,
    "epsilon_prime_6": -1.5799327658127226e-16,
    "f7": 2.2250262252477204e-220,
    "g7": 4.964729104195245e-221,
    "h7": 1.1077862722853577e-221,
    "t7": 2.4718174935806675e-222,
    "alpha_7": 0.22313126235815503,
    "beta_7": 0.22313126235815514,
    "gamma_7": 0.22313126235815506,
    "epsilon_7": 3.159865531625445e-16,
    "epsilon_prime_7": -2.3698991487190836e-16,
    "f8": 0.0,
    "g8": 0.0,
    "h8": 0.0,
    "t8": 0.0,
    "alpha_8": 0.22313126235815506,
    "beta_8": 0.2231312623581551,
    "gamma_8": 0.22313126235815506,
    "epsilon_8": 1.5799327658127226e-16,
    "epsilon_prime_8": -1.5799327658127226e-16,
    "f9": 0.0,
    "g9": 0.0,
    "h9": 0.0,
    "t9": 0.0,
    "alpha_9": NaN,
    "beta_9": NaN,
    "gamma_9": NaN,
    "epsilon_9": NaN,
    "epsilon_prime_9": NaN,
    "f10": 0.0,
    "g10": 0.0,
    "h10": 0.0,
    "t10": 0.0,
    "alpha_10": NaN,
    "beta_10": NaN,
    "gamma_10": NaN,
    "epsilon_10": NaN,
    "epsilon_prime_10": NaN,
    "f11": 0.0,
    "g11": 0.0,
    "h11": 0.0,
    "t11": 0.0,
    "alpha_11": NaN,
    "beta_11": NaN,
    "gamma_11": NaN,
    "epsilon_11": NaN,
    "epsilon_prime_11": NaN,
    "f12": 0.0,
    "g12": 0.0,
    "h12": 0.0,
    "t12": 0.0,
    "alpha_12": NaN,
    "beta_12": NaN,
    "gamma_12": NaN,
    "epsilon_12": NaN,
    "epsilon_prime_12": NaN,
    "f13": 0.0,
    "g13": 0.0,
    "h13": 0.0,
    "t13": 0.0,
    "alpha_13": NaN,
    "beta_13": NaN,
    "gamma_13": NaN,
    "epsilon_13": NaN,
    "epsilon_prime_13": NaN,
    "f14": 0.0,
    "g14": 0.0,
    "h14": 0.0,
    "t14": 0.0,
    "alpha_14": NaN,
    "beta_14": NaN,
    "gamma_14": NaN,
    "epsilon_14": NaN,
    "epsilon_prime_14": NaN,
    "f15": 0.0,
    "g15": 0.0,
    "h15": 0.0,
    "t15": 0.0,
    "alpha_15": NaN,
    "beta_15": NaN,
    "gamma_15": NaN,
    "epsilon_15": NaN,
    "epsilon_prime_15": NaN,
    "f16": 0.0,
    "g16": 0.0,
    "h16": 0.0,
    "t16": 0.0,
    "alpha_16": NaN,
    "beta_16": NaN,
    "gamma_16": NaN,
    "epsilon_16": NaN,
    "epsilon_prime_16": NaN,
    "f17": 0.0,
    "g17": 0.0,
    "h17": 0.0,
    "t17": 0.0,
    "alpha_17": NaN,
    "beta_17": NaN,
    "gamma_17": NaN,
    "epsilon_17": NaN,
    "epsilon_prime_17": NaN,
    "f18": 0.0,
    "g18": 0.0,
    "h18": 0.0,
    "t18": 0.0,
    "alpha_18": NaN,
    "beta_18": NaN,
    "gamma_18": NaN,
    "epsilon_18": NaN,
    "epsilon_prime_18": NaN,
    "f19": 0.0,
    "g19": 0.0,
    "h19": 0.0,
    "t19": 0.0,
    "alpha_19": NaN,
    "beta_19": NaN,
    "gamma_19": NaN,
    "epsilon_19": NaN,
    "epsilon_prime_19": NaN,
    "f20": 0.0,
    "g20": 0.0,
    "h20": 0.0,
    "t20": 0.0,
    "alpha_20": NaN,
    "beta_20": NaN,
    "gamma_20": NaN,
    "epsilon_20": NaN,
    "epsilon_prime_20": NaN
}