{
    "f0": 0.405224,
    "g0": 0.142376,
    "h0": 0,
    "t0": 0,
    "f1": 0.2865153659706132,
    "g1": 0.06489440491755519,
    "h1": 0.013986452007230976,
    "t1": 0.002886093271333376,
    "beta_1": 0.21552631578947373,
    "alpha_1": 0.2264953738090653,
    "epsilon_1": -0.03121962667114519,
    "gamma_1": 0.20634920634920637,
    "epsilon_prime_1": -0.026119465329991733,
    "f2": 0.07189461366424263,
    "g2": 0.016042206371512862,
    "h2": 0.0035793825134722798,
    "t2": 0.0007985983505282857,
    "beta_2": 0.22312283177134604,
    "alpha_2": 0.22313502436263294,
    "epsilon_2": -3.470199058579951e-05,
    "gamma_2": 0.22311064758306123,
    "epsilon_prime_2": -3.467807434905421e-05,
    "f3": 0.0011241791995460905,
    "g3": 0.00025083952391699934,
    "h3": 5.5970139618168834e-05,
    "t3": 1.2488687905863215e-05,
    "beta_3": 0.22313126234719244,
    "alpha_3": 0.22313126236304742,
    "epsilon_3": -4.512572367058982e-11,
    "gamma_3": 0.22313126233133748,
    "epsilon_prime_3": -4.5125644673951527e-11,
    "f4": 4.297818144943769e-09,
    "g4": 9.589775880670875e-10,
    "h4": 2.1397787979858823e-10,
    "t4": 4.7745154436180574e-11,
    "beta_4": 0.22313126235815525,
    "alpha_4": 0.22313126235815509,
    "epsilon_4": 4.739798297438167e-16,
    "gamma_4": 0.22313126235815514,
    "epsilon_prime_4": -3.159865531625445e-16,
    "f5": 2.4015161094750946e-25,
    "g5": 5.358533210806231e-26,
    "h5": 1.1956562797152929e-26,
    "t5": 2.6678829503932874e-27,
    "beta_5": 0.2231312623581552,
    "alpha_5": 0.22313126235815503,
    "epsilon_5": 4.739798297438167e-16,
    "gamma_5": 0.22313126235815514,
    "epsilon_prime_5": -1.5799327658127226e-16
}