{
    "f1": 0.13667760051097394,
    "g1": 0.06318665741972479,
    "h1": 0.024642796393692677,
    "t1": 0.005772186542666751,
    "alpha_1": 0.4623044096728307,
    "epsilon_1": 0.0,
    "beta_1": 0.3900000000000001,
    "gamma_1": 0.23423423423423415,
    "epsilon_prime_1": 0.4433333333333339,
    "f2": 0.017709239430511874,
    "g2": 0.007510306766279905,
    "h2": 0.0031773974718757557,
    "t2": 0.0013409369452553463,
    "alpha_2": 0.42408974116303,
    "epsilon_2": 0.0,
    "beta_2": 0.4230715962418166,
    "gamma_2": 0.4220236709837038,
    "epsilon_prime_2": 0.0029825565038595473,
    "f3": 3.5048338526202635e-05,
    "g3": 1.4847214367469063e-05,
    "h3": 6.289590773304144e-06,
    "t3": 2.6644014788701226e-06,
    "alpha_3": 0.423621061419761,
    "epsilon_3": 0.0,
    "beta_3": 0.42362093101349235,
    "gamma_3": 0.42362080060582674,
    "epsilon_prime_3": 3.7116027904545624e-07,
    "f4": 2.7137744772694397e-13,
    "g4": 1.1496118622005602e-13,
    "h4": 4.8699972852645234e-14,
    "t4": 2.063033127814585e-14,
    "alpha_4": 0.4236210016085356,
    "epsilon_4": 0.0,
    "beta_4": 0.4236210016085332,
    "gamma_4": 0.4236210016085311,
    "epsilon_prime_4": 6.003744510088346e-15,
    "f5": 1.2597740162008027e-37,
    "g5": 5.336667305433903e-38,
    "h5": 2.2607243491794287e-38,
    "t5": 9.57690313160192e-39,
    "alpha_5": 0.42362100160853455,
    "epsilon_5": 0.0,
    "beta_5": 0.42362100160853444,
    "gamma_5": 0.42362100160853455,
    "epsilon_prime_5": -3.159865531625445e-16
}