{
    "f0": 0.405224,
    "g0": 0.142376,
    "h0": 0,
    "t0": 0,
    "f1": 2.582891720748608,
    "g1": 0.31856396544498383,
    "h1": 0.008465705380057306,
    "t1": 0.00297443702542554,
    "alpha_1": 0.35135135135135137,
    "beta_1": 0.0,
    "gamma_1": 9999,
    "epsilon_1": -0.9999999999999999,
    "epsilon_prime_1": 28458.692307692305,
    "f2": 124.63210053782569,
    "g2": 10.633694010876736,
    "h2": 0.7074246531359633,
    "t2": 0.07308218925929859,
    "alpha_2": 0.1233361673220484,
    "beta_2": 0.026574585635359117,
    "gamma_2": 0.35135135135135137,
    "epsilon_2": -0.2753983478775002,
    "epsilon_prime_2": 0.9243646408839777,
    "f3": 9086922.516721906,
    "g3": 711784.7292053393,
    "h3": 55672.12725666516,
    "t3": 4366.753461919768,
    "alpha_3": 0.0853206675085238,
    "beta_3": 0.0665267076908899,
    "gamma_3": 0.1033073825393707,
    "epsilon_3": -0.053490501019419524,
    "epsilon_prime_3": 0.10468345918413764,
    "f4": 3.2097339164518263e+21,
    "g4": 2.512944189492829e+20,
    "h4": 1.967418077358205e+19,
    "t4": 1.54031829697894e+18,
    "alpha_4": 0.0783306700255781,
    "beta_4": 0.07821483795925127,
    "gamma_4": 0.07843697873781126,
    "epsilon_4": -0.00032967588108405227,
    "epsilon_prime_4": 0.000632246831286125,
    "f5": 1.4138603642465294e+65,
    "g5": 1.1069304476255078e+64,
    "h5": 8.666308546907942e+62,
    "t5": 6.784970455128255e+61,
    "alpha_5": 0.07829135544888849,
    "beta_5": 0.07829135583609105,
    "gamma_5": 0.07829135630629343,
    "epsilon_5": 1.1020380601668176e-09,
    "epsilon_prime_5": 1.3382683038666041e-09,
    "f6": 1.2084230147262583e+196,
    "g6": 9.460907614626811e+194,
    "h6": 7.407072838047514e+193,
    "t6": 5.799097746533213e+192,
    "alpha_6": 0.0782913557531836,
    "beta_6": 0.07829135575318362,
    "gamma_6": 0.07829135575318362,
    "epsilon_6": 3.9498319145318064e-17,
    "epsilon_prime_6": 0.0,
    "f7": Infinity,
    "g7": Infinity,
    "h7": Infinity,
    "t7": Infinity,
    "alpha_7": 0.07829135575318359,
    "beta_7": 0.07829135575318362,
    "gamma_7": 0.0782913557531836,
    "epsilon_7": 7.899663829063613e-17,
    "epsilon_prime_7": -3.9498319145318064e-17,
    "f8": Infinity,
    "g8": Infinity,
    "h8": Infinity,
    "t8": Infinity,
    "alpha_8": NaN,
    "beta_8": NaN,
    "gamma_8": NaN,
    "epsilon_8": NaN,
    "epsilon_prime_8": NaN,
    "f9": Infinity,
    "g9": Infinity,
    "h9": Infinity,
    "t9": Infinity,
    "alpha_9": NaN,
    "beta_9": NaN,
    "gamma_9": NaN,
    "epsilon_9": NaN,
    "epsilon_prime_9": NaN,
    "f10": Infinity,
    "g10": Infinity,
    "h10": Infinity,
    "t10": Infinity,
    "alpha_10": NaN,
    "beta_10": NaN,
    "gamma_10": NaN,
    "epsilon_10": NaN,
    "epsilon_prime_10": NaN,
    "f11": Infinity,
    "g11": Infinity,
    "h11": Infinity,
    "t11": Infinity,
    "alpha_11": NaN,
    "beta_11": NaN,
    "gamma_11": NaN,
    "epsilon_11": NaN,
    "epsilon_prime_11": NaN,
    "f12": Infinity,
    "g12": Infinity,
    "h12": Infinity,
    "t12": Infinity,
    "alpha_12": NaN,
    "beta_12": NaN,
    "gamma_12": NaN,
    "epsilon_12": NaN,
    "epsilon_prime_12": NaN,
    "f13": Infinity,
    "g13": Infinity,
    "h13": Infinity,
    "t13": Infinity,
    "alpha_13": NaN,
    "beta_13": NaN,
    "gamma_13": NaN,
    "epsilon_13": NaN,
    "epsilon_prime_13": NaN,
    "f14": Infinity,
    "g14": Infinity,
    "h14": Infinity,
    "t14": Infinity,
    "alpha_14": NaN,
    "beta_14": NaN,
    "gamma_14": NaN,
    "epsilon_14": NaN,
    "epsilon_prime_14": NaN,
    "f15": Infinity,
    "g15": Infinity,
    "h15": Infinity,
    "t15": Infinity,
    "alpha_15": NaN,
    "beta_15": NaN,
    "gamma_15": NaN,
    "epsilon_15": NaN,
    "epsilon_prime_15": NaN,
    "f16": Infinity,
    "g16": Infinity,
    "h16": Infinity,
    "t16": Infinity,
    "alpha_16": NaN,
    "beta_16": NaN,
    "gamma_16": NaN,
    "epsilon_16": NaN,
    "epsilon_prime_16": NaN,
    "f17": Infinity,
    "g17": Infinity,
    "h17": Infinity,
    "t17": Infinity,
    "alpha_17": NaN,
    "beta_17": NaN,
    "gamma_17": NaN,
    "epsilon_17": NaN,
    "epsilon_prime_17": NaN,
    "f18": Infinity,
    "g18": Infinity,
    "h18": Infinity,
    "t18": Infinity,
    "alpha_18": NaN,
    "beta_18": NaN,
    "gamma_18": NaN,
    "epsilon_18": NaN,
    "epsilon_prime_18": NaN,
    "f19": Infinity,
    "g19": Infinity,
    "h19": Infinity,
    "t19": Infinity,
    "alpha_19": NaN,
    "beta_19": NaN,
    "gamma_19": NaN,
    "epsilon_19": NaN,
    "epsilon_prime_19": NaN,
    "f20": Infinity,
    "g20": Infinity,
    "h20": Infinity,
    "t20": Infinity,
    "alpha_20": NaN,
    "beta_20": NaN,
    "gamma_20": NaN,
    "epsilon_20": NaN,
    "epsilon_prime_20": NaN
}