{
    "f0": 0.38901699999999995,
    "g0": 0.14388299999999998,
    "h0": 0,
    "t0": 0,
    "f1": 0.26795752643099713,
    "g1": 0.06292477129096617,
    "h1": 0.014010976672514481,
    "t1": 0.002978711576046386,
    "beta_1": 0.22266233766233767,
    "alpha_1": 0.23483113958051183,
    "epsilon_1": -0.03290083481580419,
    "gamma_1": 0.21259842519685043,
    "epsilon_prime_1": -0.02720983740668772,
    "f2": 0.06083077425783234,
    "g2": 0.01405285126181356,
    "h2": 0.0032462136552299445,
    "t2": 0.0007498274196352453,
    "beta_2": 0.2310003567782024,
    "alpha_2": 0.23101549229425053,
    "epsilon_2": -4.0921950796769845e-05,
    "gamma_2": 0.2309852336512741,
    "epsilon_prime_2": -4.088845428764477e-05,
    "f3": 0.0007034571227771728,
    "g3": 0.00016250612904411494,
    "h3": 3.754065616652815e-05,
    "t3": 8.672293614722126e-06,
    "beta_3": 0.23101070948737648,
    "alpha_3": 0.23101070951212818,
    "epsilon_3": -6.692126482595502e-11,
    "gamma_3": 0.23101070946262472,
    "epsilon_prime_3": -6.69214149116602e-11,
    "f4": 1.08786273412201e-09,
    "g4": 2.5130794205282e-10,
    "h4": 5.805482599768902e-11,
    "t4": 1.3411286543875186e-11,
    "beta_4": 0.23101070950430624,
    "alpha_4": 0.23101070950430624,
    "epsilon_4": 0.0,
    "gamma_4": 0.23101070950430627,
    "epsilon_prime_4": 7.504285259040409e-17,
    "f5": 4.0233100770232994e-27,
    "g5": 9.294277154489775e-28,
    "h5": 2.1470775597883467e-28,
    "t5": 4.959979104474807e-29,
    "beta_5": 0.23101070950430616,
    "alpha_5": 0.23101070950430627,
    "epsilon_5": -3.0017141036161635e-16,
    "gamma_5": 0.23101070950430636,
    "epsilon_prime_5": 5.252999681328286e-16
}