{
    "f1": 0.12419485415168846,
    "g1": 0.05965595200312379,
    "h1": 0.024160660561265136,
    "t1": 0.005957423152092774,
    "alpha_1": 0.48034157623198714,
    "epsilon_1": 0.0,
    "beta_1": 0.405,
    "gamma_1": 0.24657534246575347,
    "epsilon_prime_1": 0.42833333333333323,
    "f2": 0.014031086495624012,
    "g2": 0.006171490809349291,
    "h2": 0.002707724596798697,
    "t2": 0.001184949743835605,
    "alpha_2": 0.43984411408724783,
    "epsilon_2": 0.0,
    "beta_2": 0.4387472460781634,
    "gamma_2": 0.43761826636156187,
    "epsilon_prime_2": 0.003052426641181915,
    "f3": 1.8338061691333638e-05,
    "g3": 8.056445753931774e-06,
    "h3": 3.5394305489800597e-06,
    "t3": 1.5549740748044536e-06,
    "alpha_3": 0.43932918808639193,
    "epsilon_3": 0.0,
    "beta_3": 0.43932903628783415,
    "gamma_3": 0.43932888448751817,
    "epsilon_prime_3": 4.1042307654917363e-07,
    "f4": 4.088873767861492e-14,
    "g4": 1.796361302324259e-14,
    "h4": 7.891938249235273e-15,
    "t4": 3.4671582631598995e-15,
    "alpha_4": 0.4393291170893172,
    "epsilon_4": 0.0,
    "beta_4": 0.4393291170893142,
    "gamma_4": 0.43932911708931155,
    "epsilon_prime_4": 7.204113848678793e-15,
    "f5": 4.532673643651265e-40,
    "g5": 1.9913355099193224e-40,
    "h5": 8.748516714014584e-41,
    "t5": 3.8434781238091493e-41,
    "alpha_5": 0.43932911708931577,
    "epsilon_5": 0.0,
    "beta_5": 0.4393291170893158,
    "gamma_5": 0.43932911708931577,
    "epsilon_prime_5": 1.5008570518080818e-16
}