{
    "f0": 0.38901699999999995,
    "g0": 0.14388299999999998,
    "h0": 0,
    "t0": 0,
    "f1": 0.26795752643099713,
    "g1": 0.06292477129096617,
    "h1": 0.014010976672514481,
    "t1": 0.002978711576046386,
    "alpha_1": 0.36986301369863017,
    "beta_1": 0.0,
    "gamma_1": 9999,
    "epsilon_1": -0.9999999999999999,
    "epsilon_prime_1": 27034.33333333333,
    "f2": 0.06083077425783234,
    "g2": 0.01405285126181356,
    "h2": 0.0032462136552299445,
    "t2": 0.0007498274196352453,
    "alpha_2": 0.23483113958051183,
    "beta_2": 0.22266233766233767,
    "gamma_2": 0.21259842519685043,
    "epsilon_2": -0.03290083481580419,
    "epsilon_prime_2": -0.02720983740668772,
    "f3": 0.0007034571227771728,
    "g3": 0.00016250612904411494,
    "h3": 3.754065616652815e-05,
    "t3": 8.672293614722126e-06,
    "alpha_3": 0.23101549229425053,
    "beta_3": 0.2310003567782024,
    "gamma_3": 0.2309852336512741,
    "epsilon_3": -4.0921950796769845e-05,
    "epsilon_prime_3": -4.088845428764477e-05,
    "f4": 1.08786273412201e-09,
    "g4": 2.5130794205282e-10,
    "h4": 5.805482599768902e-11,
    "t4": 1.3411286543875186e-11,
    "alpha_4": 0.23101070951212818,
    "beta_4": 0.23101070948737648,
    "gamma_4": 0.23101070946262472,
    "epsilon_4": -6.692126482595502e-11,
    "epsilon_prime_4": -6.69214149116602e-11,
    "f5": 4.0233100770232994e-27,
    "g5": 9.294277154489775e-28,
    "h5": 2.1470775597883467e-28,
    "t5": 4.959979104474807e-29,
    "alpha_5": 0.23101070950430624,
    "beta_5": 0.23101070950430624,
    "gamma_5": 0.23101070950430627,
    "epsilon_5": 0.0,
    "epsilon_prime_5": 7.504285259040409e-17,
    "f6": 2.0352216814282202e-79,
    "g6": 4.701580046252805e-80,
    "h6": 1.0861153422761493e-80,
    "t6": 2.509042758227256e-81,
    "alpha_6": 0.23101070950430627,
    "beta_6": 0.23101070950430616,
    "gamma_6": 0.23101070950430636,
    "epsilon_6": -3.0017141036161635e-16,
    "epsilon_prime_6": 5.252999681328286e-16,
    "f7": 2.6344888651165167e-236,
    "g7": 6.08595141911761e-237,
    "h7": 1.4059199553390992e-237,
    "t7": 3.24782566389148e-238,
    "alpha_7": 0.23101070950430633,
    "beta_7": 0.23101070950430622,
    "gamma_7": 0.2310107095043062,
    "epsilon_7": -3.0017141036161635e-16,
    "epsilon_prime_7": -7.504285259040409e-17,
    "f8": 0.0,
    "g8": 0.0,
    "h8": 0.0,
    "t8": 0.0,
    "alpha_8": 0.23101070950430622,
    "beta_8": 0.23101070950430636,
    "gamma_8": 0.23101070950430636,
    "epsilon_8": 3.752142629520204e-16,
    "epsilon_prime_8": 0.0,
    "f9": 0.0,
    "g9": 0.0,
    "h9": 0.0,
    "t9": 0.0,
    "alpha_9": NaN,
    "beta_9": NaN,
    "gamma_9": NaN,
    "epsilon_9": NaN,
    "epsilon_prime_9": NaN,
    "f10": 0.0,
    "g10": 0.0,
    "h10": 0.0,
    "t10": 0.0,
    "alpha_10": NaN,
    "beta_10": NaN,
    "gamma_10": NaN,
    "epsilon_10": NaN,
    "epsilon_prime_10": NaN,
    "f11": 0.0,
    "g11": 0.0,
    "h11": 0.0,
    "t11": 0.0,
    "alpha_11": NaN,
    "beta_11": NaN,
    "gamma_11": NaN,
    "epsilon_11": NaN,
    "epsilon_prime_11": NaN,
    "f12": 0.0,
    "g12": 0.0,
    "h12": 0.0,
    "t12": 0.0,
    "alpha_12": NaN,
    "beta_12": NaN,
    "gamma_12": NaN,
    "epsilon_12": NaN,
    "epsilon_prime_12": NaN,
    "f13": 0.0,
    "g13": 0.0,
    "h13": 0.0,
    "t13": 0.0,
    "alpha_13": NaN,
    "beta_13": NaN,
    "gamma_13": NaN,
    "epsilon_13": NaN,
    "epsilon_prime_13": NaN,
    "f14": 0.0,
    "g14": 0.0,
    "h14": 0.0,
    "t14": 0.0,
    "alpha_14": NaN,
    "beta_14": NaN,
    "gamma_14": NaN,
    "epsilon_14": NaN,
    "epsilon_prime_14": NaN,
    "f15": 0.0,
    "g15": 0.0,
    "h15": 0.0,
    "t15": 0.0,
    "alpha_15": NaN,
    "beta_15": NaN,
    "gamma_15": NaN,
    "epsilon_15": NaN,
    "epsilon_prime_15": NaN,
    "f16": 0.0,
    "g16": 0.0,
    "h16": 0.0,
    "t16": 0.0,
    "alpha_16": NaN,
    "beta_16": NaN,
    "gamma_16": NaN,
    "epsilon_16": NaN,
    "epsilon_prime_16": NaN,
    "f17": 0.0,
    "g17": 0.0,
    "h17": 0.0,
    "t17": 0.0,
    "alpha_17": NaN,
    "beta_17": NaN,
    "gamma_17": NaN,
    "epsilon_17": NaN,
    "epsilon_prime_17": NaN,
    "f18": 0.0,
    "g18": 0.0,
    "h18": 0.0,
    "t18": 0.0,
    "alpha_18": NaN,
    "beta_18": NaN,
    "gamma_18": NaN,
    "epsilon_18": NaN,
    "epsilon_prime_18": NaN,
    "f19": 0.0,
    "g19": 0.0,
    "h19": 0.0,
    "t19": 0.0,
    "alpha_19": NaN,
    "beta_19": NaN,
    "gamma_19": NaN,
    "epsilon_19": NaN,
    "epsilon_prime_19": NaN,
    "f20": 0.0,
    "g20": 0.0,
    "h20": 0.0,
    "t20": 0.0,
    "alpha_20": NaN,
    "beta_20": NaN,
    "gamma_20": NaN,
    "epsilon_20": NaN,
    "epsilon_prime_20": NaN
}