{
    "f0": 0.38901699999999995,
    "g0": 0.14388299999999998,
    "h0": 0,
    "t0": 0,
    "f1": 2.525795638533602,
    "g1": 0.3263600895288281,
    "h1": 0.008300074018855743,
    "t1": 0.0030698903905356863,
    "alpha_1": 0.36986301369863017,
    "beta_1": 0.0,
    "gamma_1": 9999,
    "epsilon_1": -0.9999999999999999,
    "epsilon_prime_1": 27034.33333333333,
    "f2": 126.31419040721521,
    "g2": 11.057121844148162,
    "h2": 0.727405818592008,
    "t2": 0.07804698838759853,
    "alpha_2": 0.12921080571597732,
    "beta_2": 0.025432258064516124,
    "gamma_2": 0.3698630136986302,
    "epsilon_2": -0.2805864436502469,
    "epsilon_prime_2": 0.9312387096774195,
    "f3": 9883897.502932899,
    "g3": 782936.5345155597,
    "h3": 61882.83821606212,
    "t3": 4910.829805884945,
    "alpha_3": 0.08753665608354773,
    "beta_3": 0.0657861809650744,
    "gamma_3": 0.10729497399219186,
    "epsilon_3": -0.0588068401351316,
    "epsilon_prime_3": 0.11222747744368794,
    "f4": 4.236131930832119e+21,
    "g4": 3.352988476777445e+20,
    "h4": 2.653961675578253e+19,
    "t4": 2.1006671187823872e+18,
    "alpha_4": 0.07921334011033956,
    "beta_4": 0.07903940547920911,
    "gamma_4": 0.07935689356617624,
    "epsilon_4": -0.00047026770638974603,
    "epsilon_prime_4": 0.0008583937166148399,
    "f5": 3.3322806940983376e+65,
    "g5": 2.637571022556519e+64,
    "h5": 2.08769354615015e+63,
    "t5": 1.6524538317123527e+62,
    "alpha_5": 0.07915212584322899,
    "beta_5": 0.07915212634816371,
    "gamma_5": 0.0791521271054032,
    "epsilon_5": 1.3651938699880497e-09,
    "epsilon_prime_5": 2.047351222712313e-09,
    "f6": 1.622026256058597e+197,
    "g6": 1.2838682702759562e+196,
    "h6": 1.0162090343880532e+195,
    "t6": 8.0435105803334e+193,
    "alpha_6": 0.0791521262667881,
    "beta_6": 0.07915212626678811,
    "gamma_6": 0.0791521262667881,
    "epsilon_6": 3.7521426295202044e-17,
    "epsilon_prime_6": -3.7521426295202044e-17,
    "f7": Infinity,
    "g7": Infinity,
    "h7": Infinity,
    "t7": Infinity,
    "alpha_7": 0.07915212626678808,
    "beta_7": 0.07915212626678811,
    "gamma_7": 0.0791521262667881,
    "epsilon_7": 7.504285259040409e-17,
    "epsilon_prime_7": -3.7521426295202044e-17,
    "f8": Infinity,
    "g8": Infinity,
    "h8": Infinity,
    "t8": Infinity,
    "alpha_8": NaN,
    "beta_8": NaN,
    "gamma_8": NaN,
    "epsilon_8": NaN,
    "epsilon_prime_8": NaN,
    "f9": Infinity,
    "g9": Infinity,
    "h9": Infinity,
    "t9": Infinity,
    "alpha_9": NaN,
    "beta_9": NaN,
    "gamma_9": NaN,
    "epsilon_9": NaN,
    "epsilon_prime_9": NaN,
    "f10": Infinity,
    "g10": Infinity,
    "h10": Infinity,
    "t10": Infinity,
    "alpha_10": NaN,
    "beta_10": NaN,
    "gamma_10": NaN,
    "epsilon_10": NaN,
    "epsilon_prime_10": NaN,
    "f11": Infinity,
    "g11": Infinity,
    "h11": Infinity,
    "t11": Infinity,
    "alpha_11": NaN,
    "beta_11": NaN,
    "gamma_11": NaN,
    "epsilon_11": NaN,
    "epsilon_prime_11": NaN,
    "f12": Infinity,
    "g12": Infinity,
    "h12": Infinity,
    "t12": Infinity,
    "alpha_12": NaN,
    "beta_12": NaN,
    "gamma_12": NaN,
    "epsilon_12": NaN,
    "epsilon_prime_12": NaN,
    "f13": Infinity,
    "g13": Infinity,
    "h13": Infinity,
    "t13": Infinity,
    "alpha_13": NaN,
    "beta_13": NaN,
    "gamma_13": NaN,
    "epsilon_13": NaN,
    "epsilon_prime_13": NaN,
    "f14": Infinity,
    "g14": Infinity,
    "h14": Infinity,
    "t14": Infinity,
    "alpha_14": NaN,
    "beta_14": NaN,
    "gamma_14": NaN,
    "epsilon_14": NaN,
    "epsilon_prime_14": NaN,
    "f15": Infinity,
    "g15": Infinity,
    "h15": Infinity,
    "t15": Infinity,
    "alpha_15": NaN,
    "beta_15": NaN,
    "gamma_15": NaN,
    "epsilon_15": NaN,
    "epsilon_prime_15": NaN,
    "f16": Infinity,
    "g16": Infinity,
    "h16": Infinity,
    "t16": Infinity,
    "alpha_16": NaN,
    "beta_16": NaN,
    "gamma_16": NaN,
    "epsilon_16": NaN,
    "epsilon_prime_16": NaN,
    "f17": Infinity,
    "g17": Infinity,
    "h17": Infinity,
    "t17": Infinity,
    "alpha_17": NaN,
    "beta_17": NaN,
    "gamma_17": NaN,
    "epsilon_17": NaN,
    "epsilon_prime_17": NaN,
    "f18": Infinity,
    "g18": Infinity,
    "h18": Infinity,
    "t18": Infinity,
    "alpha_18": NaN,
    "beta_18": NaN,
    "gamma_18": NaN,
    "epsilon_18": NaN,
    "epsilon_prime_18": NaN,
    "f19": Infinity,
    "g19": Infinity,
    "h19": Infinity,
    "t19": Infinity,
    "alpha_19": NaN,
    "beta_19": NaN,
    "gamma_19": NaN,
    "epsilon_19": NaN,
    "epsilon_prime_19": NaN,
    "f20": Infinity,
    "g20": Infinity,
    "h20": Infinity,
    "t20": Infinity,
    "alpha_20": NaN,
    "beta_20": NaN,
    "gamma_20": NaN,
    "epsilon_20": NaN,
    "epsilon_prime_20": NaN
}