{
    "f1": 0.11266384526416279,
    "g1": 0.05617143282401279,
    "h1": 0.023592001786085372,
    "t1": 0.006116444907503616,
    "alpha_1": 0.4985754985754986,
    "epsilon_1": 0.0,
    "beta_1": 0.42,
    "gamma_1": 0.2592592592592593,
    "epsilon_prime_1": 0.41333333333333316,
    "f2": 0.011055980885806595,
    "g2": 0.0050381606397396535,
    "h2": 0.0022899264112724153,
    "t2": 0.0010380303789364945,
    "alpha_2": 0.4556954911352573,
    "epsilon_2": 0.0,
    "beta_2": 0.454516355276585,
    "gamma_2": 0.4533029418878596,
    "epsilon_prime_2": 0.0031202058567225527,
    "f3": 9.432976915089094e-06,
    "g3": 4.293244857698978e-06,
    "h3": 1.9539901830254202e-06,
    "t3": 8.893217804141121e-07,
    "alpha_3": 0.45513149203529335,
    "epsilon_3": 0.0,
    "beta_3": 0.4551313162400636,
    "gamma_3": 0.45513114044265524,
    "epsilon_prime_3": 4.5205047862127496e-07,
    "f4": 5.8509416506325135e-15,
    "g4": 2.6629473131384335e-15,
    "h4": 1.2119909607686044e-15,
    "t4": 5.51615152781068e-16,
    "alpha_4": 0.45513140826666026,
    "epsilon_4": 0.0,
    "beta_4": 0.4551314082666565,
    "gamma_4": 0.4551314082666525,
    "epsilon_prime_4": 1.0277493142244304e-14,
    "f5": 1.3962290436489188e-42,
    "g5": 6.354676908987423e-43,
    "h5": 2.892213050667061e-43,
    "t5": 1.3163369987573081e-43,
    "alpha_5": 0.45513140826665854,
    "epsilon_5": 0.0,
    "beta_5": 0.4551314082666583,
    "gamma_5": 0.45513140826665854,
    "epsilon_prime_5": -5.709718412357947e-16
}