{
    "f0": 0.37324799999999997,
    "g0": 0.145152,
    "h0": 0,
    "t0": 0,
    "f1": 2.460691884292039,
    "g1": 0.3328723813361382,
    "h1": 0.008104718849923366,
    "t1": 0.003151835108303531,
    "alpha_1": 0.38888888888888895,
    "beta_1": 0.0,
    "gamma_1": 9999,
    "epsilon_1": -1.0,
    "epsilon_prime_1": 25711.714285714283,
    "f2": 126.55830735293222,
    "g2": 11.37154621965289,
    "h2": 0.7384168309823812,
    "t2": 0.08228961840325741,
    "alpha_2": 0.13527592928681859,
    "beta_2": 0.024347826086956525,
    "gamma_2": 0.38888888888888884,
    "epsilon_2": -0.28524369394250243,
    "epsilon_prime_2": 0.9373913043478259,
    "f3": 10394625.14906468,
    "g3": 832218.7446045204,
    "h3": 66418.70244622961,
    "t3": 5330.293934963,
    "alpha_3": 0.08985223062395377,
    "beta_3": 0.06493548165914423,
    "gamma_3": 0.11144060502220711,
    "epsilon_3": -0.06407164019522453,
    "epsilon_prime_3": 0.11958460293359026,
    "f4": 5.048075509113899e+21,
    "g4": 4.036981004993189e+20,
    "h4": 3.228401739169091e+19,
    "t4": 2.5817753279493663e+18,
    "alpha_4": 0.08006241039672357,
    "beta_4": 0.07980918824147913,
    "gamma_4": 0.08025290676640709,
    "epsilon_4": -0.0006511426849142735,
    "epsilon_prime_4": 0.0011409904926718917,
    "f5": 5.774825973975082e+65,
    "g5": 4.6181684256796e+64,
    "h5": 3.6931813536994416e+63,
    "t5": 2.953462770103728e+62,
    "alpha_5": 0.07997069373674662,
    "beta_5": 0.07997069431775883,
    "gamma_5": 0.07997069561156443,
    "epsilon_5": 1.4940313985967178e-09,
    "epsilon_prime_5": 3.326928696819767e-09,
    "f6": 8.645260478332347e+197,
    "g6": 6.9136748280793165e+196,
    "h6": 5.528913761270255e+195,
    "t6": 4.421510721824897e+194,
    "alpha_6": 0.07997069429437194,
    "beta_6": 0.07997069429437192,
    "gamma_6": 0.07997069429437195,
    "epsilon_6": -3.568574007723717e-17,
    "epsilon_prime_6": 7.137148015447434e-17,
    "f7": Infinity,
    "g7": Infinity,
    "h7": Infinity,
    "t7": Infinity,
    "alpha_7": 0.07997069429437192,
    "beta_7": 0.07997069429437194,
    "gamma_7": 0.07997069429437194,
    "epsilon_7": 3.568574007723717e-17,
    "epsilon_prime_7": 0.0,
    "f8": Infinity,
    "g8": Infinity,
    "h8": Infinity,
    "t8": Infinity,
    "alpha_8": NaN,
    "beta_8": NaN,
    "gamma_8": NaN,
    "epsilon_8": NaN,
    "epsilon_prime_8": NaN,
    "f9": Infinity,
    "g9": Infinity,
    "h9": Infinity,
    "t9": Infinity,
    "alpha_9": NaN,
    "beta_9": NaN,
    "gamma_9": NaN,
    "epsilon_9": NaN,
    "epsilon_prime_9": NaN,
    "f10": Infinity,
    "g10": Infinity,
    "h10": Infinity,
    "t10": Infinity,
    "alpha_10": NaN,
    "beta_10": NaN,
    "gamma_10": NaN,
    "epsilon_10": NaN,
    "epsilon_prime_10": NaN,
    "f11": Infinity,
    "g11": Infinity,
    "h11": Infinity,
    "t11": Infinity,
    "alpha_11": NaN,
    "beta_11": NaN,
    "gamma_11": NaN,
    "epsilon_11": NaN,
    "epsilon_prime_11": NaN,
    "f12": Infinity,
    "g12": Infinity,
    "h12": Infinity,
    "t12": Infinity,
    "alpha_12": NaN,
    "beta_12": NaN,
    "gamma_12": NaN,
    "epsilon_12": NaN,
    "epsilon_prime_12": NaN,
    "f13": Infinity,
    "g13": Infinity,
    "h13": Infinity,
    "t13": Infinity,
    "alpha_13": NaN,
    "beta_13": NaN,
    "gamma_13": NaN,
    "epsilon_13": NaN,
    "epsilon_prime_13": NaN,
    "f14": Infinity,
    "g14": Infinity,
    "h14": Infinity,
    "t14": Infinity,
    "alpha_14": NaN,
    "beta_14": NaN,
    "gamma_14": NaN,
    "epsilon_14": NaN,
    "epsilon_prime_14": NaN,
    "f15": Infinity,
    "g15": Infinity,
    "h15": Infinity,
    "t15": Infinity,
    "alpha_15": NaN,
    "beta_15": NaN,
    "gamma_15": NaN,
    "epsilon_15": NaN,
    "epsilon_prime_15": NaN,
    "f16": Infinity,
    "g16": Infinity,
    "h16": Infinity,
    "t16": Infinity,
    "alpha_16": NaN,
    "beta_16": NaN,
    "gamma_16": NaN,
    "epsilon_16": NaN,
    "epsilon_prime_16": NaN,
    "f17": Infinity,
    "g17": Infinity,
    "h17": Infinity,
    "t17": Infinity,
    "alpha_17": NaN,
    "beta_17": NaN,
    "gamma_17": NaN,
    "epsilon_17": NaN,
    "epsilon_prime_17": NaN,
    "f18": Infinity,
    "g18": Infinity,
    "h18": Infinity,
    "t18": Infinity,
    "alpha_18": NaN,
    "beta_18": NaN,
    "gamma_18": NaN,
    "epsilon_18": NaN,
    "epsilon_prime_18": NaN,
    "f19": Infinity,
    "g19": Infinity,
    "h19": Infinity,
    "t19": Infinity,
    "alpha_19": NaN,
    "beta_19": NaN,
    "gamma_19": NaN,
    "epsilon_19": NaN,
    "epsilon_prime_19": NaN,
    "f20": Infinity,
    "g20": Infinity,
    "h20": Infinity,
    "t20": Infinity,
    "alpha_20": NaN,
    "beta_20": NaN,
    "gamma_20": NaN,
    "epsilon_20": NaN,
    "epsilon_prime_20": NaN
}