{
    "f0": 0.37324799999999997,
    "g0": 0.145152,
    "h0": 0,
    "t0": 0,
    "f1": 0.2502214429798564,
    "g1": 0.0608523855593472,
    "h1": 0.013980445502865408,
    "t1": 0.003058222453751808,
    "beta_1": 0.22974358974358974,
    "alpha_1": 0.2431941277080958,
    "epsilon_1": -0.03458709762301554,
    "gamma_1": 0.21875,
    "epsilon_prime_1": -0.028269230769230765,
    "f2": 0.051219704017802715,
    "g2": 0.0122354682933445,
    "h2": 0.0029226058805547988,
    "t2": 0.0006980492552885192,
    "beta_2": 0.238863426432526,
    "alpha_2": 0.23888205775440935,
    "epsilon_2": -4.790911341431439e-05,
    "gamma_2": 0.2388448130939942,
    "epsilon_prime_2": -4.786287051037975e-05,
    "f3": 0.00043363455978967443,
    "g3": 0.0001035849041652239,
    "h3": 2.4743951161129422e-05,
    "t3": 5.9107369350892e-06,
    "beta_3": 0.2388760346938333,
    "alpha_3": 0.23887603473179267,
    "epsilon_3": -9.760977740366374e-11,
    "gamma_3": 0.2388760346558738,
    "epsilon_prime_3": -9.761020563254467e-11,
    "f4": 2.6313365031866055e-10,
    "g4": 6.285632298939453e-11,
    "h4": 1.501486919275601e-11,
    "t4": 3.5866924145978432e-12,
    "beta_4": 0.2388760347195206,
    "alpha_4": 0.2388760347195205,
    "epsilon_4": 2.1411444046342303e-16,
    "gamma_4": 0.2388760347195205,
    "epsilon_prime_4": -2.1411444046342303e-16,
    "f5": 5.879412077262237e-29,
    "g5": 1.4044506434984628e-29,
    "h5": 3.354896006781917e-30,
    "t5": 8.01404254996418e-31,
    "beta_5": 0.23887603471952049,
    "alpha_5": 0.23887603471952057,
    "epsilon_5": -2.1411444046342303e-16,
    "gamma_5": 0.23887603471952054,
    "epsilon_prime_5": 1.4274296030894868e-16
}