{
    "f0": 0.37324799999999997,
    "g0": 0.145152,
    "h0": 0,
    "t0": 0,
    "f1": 0.2502214429798564,
    "g1": 0.0608523855593472,
    "h1": 0.013980445502865408,
    "t1": 0.003058222453751808,
    "alpha_1": 0.38888888888888895,
    "beta_1": 0.0,
    "gamma_1": 9999,
    "epsilon_1": -1.0,
    "epsilon_prime_1": 25711.714285714283,
    "f2": 0.051219704017802715,
    "g2": 0.0122354682933445,
    "h2": 0.0029226058805547988,
    "t2": 0.0006980492552885192,
    "alpha_2": 0.2431941277080958,
    "beta_2": 0.22974358974358974,
    "gamma_2": 0.21875,
    "epsilon_2": -0.03458709762301554,
    "epsilon_prime_2": -0.028269230769230765,
    "f3": 0.00043363455978967443,
    "g3": 0.0001035849041652239,
    "h3": 2.4743951161129422e-05,
    "t3": 5.9107369350892e-06,
    "alpha_3": 0.23888205775440935,
    "beta_3": 0.238863426432526,
    "gamma_3": 0.2388448130939942,
    "epsilon_3": -4.790911341431439e-05,
    "epsilon_prime_3": -4.786287051037975e-05,
    "f4": 2.6313365031866055e-10,
    "g4": 6.285632298939453e-11,
    "h4": 1.501486919275601e-11,
    "t4": 3.5866924145978432e-12,
    "alpha_4": 0.23887603473179267,
    "beta_4": 0.2388760346938333,
    "gamma_4": 0.2388760346558738,
    "epsilon_4": -9.760977740366374e-11,
    "epsilon_prime_4": -9.761020563254467e-11,
    "f5": 5.879412077262237e-29,
    "g5": 1.4044506434984628e-29,
    "h5": 3.354896006781917e-30,
    "t5": 8.01404254996418e-31,
    "alpha_5": 0.2388760347195205,
    "beta_5": 0.2388760347195206,
    "gamma_5": 0.2388760347195205,
    "epsilon_5": 2.1411444046342303e-16,
    "epsilon_prime_5": -2.1411444046342303e-16,
    "f6": 6.55852878697771e-85,
    "g6": 1.5666753502270632e-85,
    "h6": 3.7424119535505695e-86,
    "t6": 8.93972527751094e-87,
    "alpha_6": 0.23887603471952057,
    "beta_6": 0.23887603471952049,
    "gamma_6": 0.23887603471952054,
    "epsilon_6": -2.1411444046342303e-16,
    "epsilon_prime_6": 1.4274296030894868e-16,
    "f7": 9.103827413151752e-253,
    "g7": 2.1746861932245605e-253,
    "h7": 5.194804145967723e-254,
    "t7": 1.2409142155332953e-254,
    "alpha_7": 0.23887603471952065,
    "beta_7": 0.23887603471952054,
    "gamma_7": 0.2388760347195204,
    "epsilon_7": -2.8548592061789737e-16,
    "epsilon_prime_7": -3.568574007723717e-16,
    "f8": 0.0,
    "g8": 0.0,
    "h8": 0.0,
    "t8": 0.0,
    "alpha_8": 0.2388760347195205,
    "beta_8": 0.23887603471952062,
    "gamma_8": 0.2388760347195206,
    "epsilon_8": 2.8548592061789737e-16,
    "epsilon_prime_8": -7.137148015447434e-17,
    "f9": 0.0,
    "g9": 0.0,
    "h9": 0.0,
    "t9": 0.0,
    "alpha_9": NaN,
    "beta_9": NaN,
    "gamma_9": NaN,
    "epsilon_9": NaN,
    "epsilon_prime_9": NaN,
    "f10": 0.0,
    "g10": 0.0,
    "h10": 0.0,
    "t10": 0.0,
    "alpha_10": NaN,
    "beta_10": NaN,
    "gamma_10": NaN,
    "epsilon_10": NaN,
    "epsilon_prime_10": NaN,
    "f11": 0.0,
    "g11": 0.0,
    "h11": 0.0,
    "t11": 0.0,
    "alpha_11": NaN,
    "beta_11": NaN,
    "gamma_11": NaN,
    "epsilon_11": NaN,
    "epsilon_prime_11": NaN,
    "f12": 0.0,
    "g12": 0.0,
    "h12": 0.0,
    "t12": 0.0,
    "alpha_12": NaN,
    "beta_12": NaN,
    "gamma_12": NaN,
    "epsilon_12": NaN,
    "epsilon_prime_12": NaN,
    "f13": 0.0,
    "g13": 0.0,
    "h13": 0.0,
    "t13": 0.0,
    "alpha_13": NaN,
    "beta_13": NaN,
    "gamma_13": NaN,
    "epsilon_13": NaN,
    "epsilon_prime_13": NaN,
    "f14": 0.0,
    "g14": 0.0,
    "h14": 0.0,
    "t14": 0.0,
    "alpha_14": NaN,
    "beta_14": NaN,
    "gamma_14": NaN,
    "epsilon_14": NaN,
    "epsilon_prime_14": NaN,
    "f15": 0.0,
    "g15": 0.0,
    "h15": 0.0,
    "t15": 0.0,
    "alpha_15": NaN,
    "beta_15": NaN,
    "gamma_15": NaN,
    "epsilon_15": NaN,
    "epsilon_prime_15": NaN,
    "f16": 0.0,
    "g16": 0.0,
    "h16": 0.0,
    "t16": 0.0,
    "alpha_16": NaN,
    "beta_16": NaN,
    "gamma_16": NaN,
    "epsilon_16": NaN,
    "epsilon_prime_16": NaN,
    "f17": 0.0,
    "g17": 0.0,
    "h17": 0.0,
    "t17": 0.0,
    "alpha_17": NaN,
    "beta_17": NaN,
    "gamma_17": NaN,
    "epsilon_17": NaN,
    "epsilon_prime_17": NaN,
    "f18": 0.0,
    "g18": 0.0,
    "h18": 0.0,
    "t18": 0.0,
    "alpha_18": NaN,
    "beta_18": NaN,
    "gamma_18": NaN,
    "epsilon_18": NaN,
    "epsilon_prime_18": NaN,
    "f19": 0.0,
    "g19": 0.0,
    "h19": 0.0,
    "t19": 0.0,
    "alpha_19": NaN,
    "beta_19": NaN,
    "gamma_19": NaN,
    "epsilon_19": NaN,
    "epsilon_prime_19": NaN,
    "f20": 0.0,
    "g20": 0.0,
    "h20": 0.0,
    "t20": 0.0,
    "alpha_20": NaN,
    "beta_20": NaN,
    "gamma_20": NaN,
    "epsilon_20": NaN,
    "epsilon_prime_20": NaN
}