{
    "f0": 0.3579109999999999,
    "g0": 0.146189,
    "h0": 0,
    "t0": 0,
    "f1": 2.3885424271496496,
    "g1": 0.3380673349519115,
    "h1": 0.007883132986024752,
    "t1": 0.0032198712196439138,
    "alpha_1": 0.40845070422535223,
    "beta_1": 0.0,
    "gamma_1": 9999,
    "epsilon_1": -1.0000000000000002,
    "epsilon_prime_1": 24480.310344827583,
    "f2": 125.3941960872811,
    "g2": 11.570581853307072,
    "h2": 0.7403686093660785,
    "t2": 0.08569658696131874,
    "alpha_2": 0.14153708601079437,
    "beta_2": 0.023318233295583236,
    "gamma_2": 0.40845070422535223,
    "epsilon_2": -0.2894323635441376,
    "epsilon_prime_2": 0.9429105322763309,
    "f3": 10579987.961633733,
    "g3": 855742.3455658823,
    "h3": 68907.98340664992,
    "t3": 5590.617901043281,
    "alpha_3": 0.09227366348960302,
    "beta_3": 0.06398715455735429,
    "gamma_3": 0.11574854184416898,
    "epsilon_3": -0.06925317704102274,
    "epsilon_prime_3": 0.1267261550815118,
    "f4": 5.448345209953469e+21,
    "g4": 4.399538402683832e+20,
    "h4": 3.5526269947847418e+19,
    "t4": 2.8687461676624594e+18,
    "alpha_4": 0.08088311146185283,
    "beta_4": 0.08052421825763768,
    "gamma_4": 0.08113164287584945,
    "epsilon_4": -0.0008786695689405245,
    "epsilon_prime_4": 0.0014871430307943302,
    "f5": 7.42694319419074e+65,
    "g5": 5.997256195289573e+64,
    "h5": 4.842784027225651e+63,
    "t5": 3.9105478189796593e+62,
    "alpha_5": 0.08074999349612441,
    "beta_5": 0.08074999396794781,
    "gamma_5": 0.08074999632310907,
    "epsilon_5": 1.1551538408766295e-09,
    "epsilon_prime_5": 5.766084465261374e-09,
    "f6": 1.8812502263944944e+198,
    "g6": 1.5191094478761058e+197,
    "h6": 1.226680790385472e+196,
    "t6": 9.905446665508785e+194,
    "alpha_6": 0.0807499941561496,
    "beta_6": 0.08074999415614961,
    "gamma_6": 0.0807499941561496,
    "epsilon_6": 3.3976652908787115e-17,
    "epsilon_prime_6": -3.3976652908787115e-17,
    "f7": Infinity,
    "g7": Infinity,
    "h7": Infinity,
    "t7": Infinity,
    "alpha_7": 0.08074999415614963,
    "beta_7": 0.08074999415614961,
    "gamma_7": 0.08074999415614961,
    "epsilon_7": -3.3976652908787115e-17,
    "epsilon_prime_7": 0.0,
    "f8": Infinity,
    "g8": Infinity,
    "h8": Infinity,
    "t8": Infinity,
    "alpha_8": NaN,
    "beta_8": NaN,
    "gamma_8": NaN,
    "epsilon_8": NaN,
    "epsilon_prime_8": NaN,
    "f9": Infinity,
    "g9": Infinity,
    "h9": Infinity,
    "t9": Infinity,
    "alpha_9": NaN,
    "beta_9": NaN,
    "gamma_9": NaN,
    "epsilon_9": NaN,
    "epsilon_prime_9": NaN,
    "f10": Infinity,
    "g10": Infinity,
    "h10": Infinity,
    "t10": Infinity,
    "alpha_10": NaN,
    "beta_10": NaN,
    "gamma_10": NaN,
    "epsilon_10": NaN,
    "epsilon_prime_10": NaN,
    "f11": Infinity,
    "g11": Infinity,
    "h11": Infinity,
    "t11": Infinity,
    "alpha_11": NaN,
    "beta_11": NaN,
    "gamma_11": NaN,
    "epsilon_11": NaN,
    "epsilon_prime_11": NaN,
    "f12": Infinity,
    "g12": Infinity,
    "h12": Infinity,
    "t12": Infinity,
    "alpha_12": NaN,
    "beta_12": NaN,
    "gamma_12": NaN,
    "epsilon_12": NaN,
    "epsilon_prime_12": NaN,
    "f13": Infinity,
    "g13": Infinity,
    "h13": Infinity,
    "t13": Infinity,
    "alpha_13": NaN,
    "beta_13": NaN,
    "gamma_13": NaN,
    "epsilon_13": NaN,
    "epsilon_prime_13": NaN,
    "f14": Infinity,
    "g14": Infinity,
    "h14": Infinity,
    "t14": Infinity,
    "alpha_14": NaN,
    "beta_14": NaN,
    "gamma_14": NaN,
    "epsilon_14": NaN,
    "epsilon_prime_14": NaN,
    "f15": Infinity,
    "g15": Infinity,
    "h15": Infinity,
    "t15": Infinity,
    "alpha_15": NaN,
    "beta_15": NaN,
    "gamma_15": NaN,
    "epsilon_15": NaN,
    "epsilon_prime_15": NaN,
    "f16": Infinity,
    "g16": Infinity,
    "h16": Infinity,
    "t16": Infinity,
    "alpha_16": NaN,
    "beta_16": NaN,
    "gamma_16": NaN,
    "epsilon_16": NaN,
    "epsilon_prime_16": NaN,
    "f17": Infinity,
    "g17": Infinity,
    "h17": Infinity,
    "t17": Infinity,
    "alpha_17": NaN,
    "beta_17": NaN,
    "gamma_17": NaN,
    "epsilon_17": NaN,
    "epsilon_prime_17": NaN,
    "f18": Infinity,
    "g18": Infinity,
    "h18": Infinity,
    "t18": Infinity,
    "alpha_18": NaN,
    "beta_18": NaN,
    "gamma_18": NaN,
    "epsilon_18": NaN,
    "epsilon_prime_18": NaN,
    "f19": Infinity,
    "g19": Infinity,
    "h19": Infinity,
    "t19": Infinity,
    "alpha_19": NaN,
    "beta_19": NaN,
    "gamma_19": NaN,
    "epsilon_19": NaN,
    "epsilon_prime_19": NaN,
    "f20": Infinity,
    "g20": Infinity,
    "h20": Infinity,
    "t20": Infinity,
    "alpha_20": NaN,
    "beta_20": NaN,
    "gamma_20": NaN,
    "epsilon_20": NaN,
    "epsilon_prime_20": NaN
}