{
    "f0": 0.3579109999999999,
    "g0": 0.14618899999999999,
    "h0": 0,
    "t0": 0,
    "f1": 0.23329905528317135,
    "g1": 0.05869555009260218,
    "h1": 0.013897471702305365,
    "t1": 0.003124237824549268,
    "beta_1": 0.23677215189873418,
    "alpha_1": 0.2515893175022046,
    "epsilon_1": -0.03627650889125514,
    "gamma_1": 0.2248062015503876,
    "epsilon_prime_1": -0.029295947404572656,
    "f2": 0.04291566688403448,
    "g2": 0.010588908763122956,
    "h2": 0.0026124409928055996,
    "t2": 0.0006444685930497005,
    "beta_2": 0.2467148458114696,
    "alpha_2": 0.24673760265070588,
    "epsilon_2": -5.5715020199159644e-05,
    "gamma_2": 0.24669211470211283,
    "epsilon_prime_2": -5.565202635623415e-05,
    "f3": 0.00026329242675523183,
    "g3": 6.496216259559011e-05,
    "h3": 1.602811983665441e-05,
    "t3": 3.9546193533890715e-06,
    "beta_3": 0.24673008404037433,
    "alpha_3": 0.24673008409764016,
    "epsilon_3": -1.4020255167562972e-10,
    "gamma_3": 0.24673008398310858,
    "epsilon_prime_3": -1.4020234781571225e-10,
    "f4": 6.079894376422006e-11,
    "g4": 1.5000928506843307e-11,
    "h4": 3.701180351752298e-12,
    "t4": 9.131925393783463e-13,
    "beta_4": 0.24673008407871874,
    "alpha_4": 0.24673008407871871,
    "epsilon_4": 6.795330581757424e-17,
    "gamma_4": 0.24673008407871877,
    "epsilon_prime_4": 6.795330581757424e-17,
    "f5": 7.486331185513572e-31,
    "g5": 1.8471031228428976e-31,
    "h5": 4.5573590880109213e-32,
    "t5": 1.1244375909618472e-32,
    "beta_5": 0.24673008407871877,
    "alpha_5": 0.24673008407871871,
    "epsilon_5": 1.3590661163514849e-16,
    "gamma_5": 0.24673008407871866,
    "epsilon_prime_5": -2.7181322327029697e-16
}