{
    "f1": 0.10202905793683018,
    "g1": 0.05275169691866778,
    "h1": 0.02294698815962048,
    "t1": 0.006248475649098534,
    "alpha_1": 0.5170262078801927,
    "epsilon_1": 0.0,
    "beta_1": 0.43499999999999994,
    "gamma_1": 0.27230046948356806,
    "epsilon_prime_1": 0.39833333333333326,
    "f2": 0.008663498795329851,
    "g2": 0.0040861819594604784,
    "h2": 0.0019220983541148936,
    "t2": 0.0009016341917767865,
    "alpha_2": 0.47165493480107334,
    "epsilon_2": 0.0,
    "beta_2": 0.4703898096522062,
    "gamma_2": 0.46908847814501137,
    "epsilon_prime_2": 0.0031860185176149983,
    "f3": 4.769800500220541e-06,
    "g3": 2.2467615953885628e-06,
    "h3": 1.0583116620189926e-06,
    "t3": 4.985055354439723e-07,
    "alpha_3": 0.47103890304944185,
    "epsilon_3": 0.0,
    "beta_3": 0.47103870040824897,
    "gamma_3": 0.4710384977644005,
    "epsilon_prime_3": 4.961280428284687e-07,
    "f4": 7.948780181493692e-16,
    "g4": 3.744183915915782e-16,
    "h4": 1.7636559165192478e-16,
    "t4": 8.307503749084738e-17,
    "alpha_4": 0.4710388047505668,
    "epsilon_4": 0.0,
    "beta_4": 0.47103880475056176,
    "gamma_4": 0.47103880475055654,
    "epsilon_prime_4": 1.2775221493703958e-14,
    "f5": 3.678757874624075e-45,
    "g5": 1.732837712229651e-45,
    "h5": 8.16233804795357e-46,
    "t5": 3.844777958078105e-46,
    "alpha_5": 0.4710388047505644,
    "epsilon_5": 0.0,
    "beta_5": 0.47103880475056426,
    "gamma_5": 0.47103880475056437,
    "epsilon_prime_5": -2.7181322327029697e-16
}