{
    "f0": 0.3579109999999999,
    "g0": 0.146189,
    "h0": 0,
    "t0": 0,
    "f1": 0.2332990552831714,
    "g1": 0.0586955500926022,
    "h1": 0.013897471702305372,
    "t1": 0.0031242378245492698,
    "alpha_1": 0.40845070422535223,
    "beta_1": 0.0,
    "gamma_1": 9999,
    "epsilon_1": -1.0000000000000002,
    "epsilon_prime_1": 24480.310344827583,
    "f2": 0.042915666884034524,
    "g2": 0.01058890876312297,
    "h2": 0.0026124409928056018,
    "t2": 0.0006444685930497011,
    "alpha_2": 0.25158931750220465,
    "beta_2": 0.2367721518987342,
    "gamma_2": 0.2248062015503876,
    "epsilon_2": -0.036276508891255194,
    "epsilon_prime_2": -0.02929594740457272,
    "f3": 0.00026329242675523265,
    "g3": 6.496216259559033e-05,
    "h3": 1.6028119836654475e-05,
    "t3": 3.954619353389086e-06,
    "alpha_3": 0.24673760265070596,
    "beta_3": 0.2467148458114695,
    "gamma_3": 0.24669211470211286,
    "epsilon_3": -5.5715020199635304e-05,
    "epsilon_prime_3": -5.565202635589438e-05,
    "f4": 6.079894376422063e-11,
    "g4": 1.5000928506843455e-11,
    "h4": 3.7011803517523365e-12,
    "t4": 9.13192539378356e-13,
    "alpha_4": 0.24673008409764022,
    "beta_4": 0.2467300840403745,
    "gamma_4": 0.2467300839831085,
    "epsilon_4": -1.402022798624064e-10,
    "epsilon_prime_4": -1.4020295939546458e-10,
    "f5": 7.486331185513786e-31,
    "g5": 1.8471031228429512e-31,
    "h5": 4.5573590880110565e-32,
    "t5": 1.1244375909618812e-32,
    "alpha_5": 0.24673008407871885,
    "beta_5": 0.24673008407871888,
    "gamma_5": 0.2467300840787188,
    "epsilon_5": 6.795330581757423e-17,
    "epsilon_prime_5": -2.038599174527227e-16,
    "f6": 1.3976165661340426e-90,
    "g6": 3.448340528720627e-91,
    "h6": 8.508093485832936e-92,
    "t6": 2.0992026211091614e-92,
    "alpha_6": 0.24673008407871883,
    "beta_6": 0.24673008407871894,
    "gamma_6": 0.2467300840787188,
    "epsilon_6": 2.718132232702969e-16,
    "epsilon_prime_6": -3.3976652908787113e-16,
    "f7": 9.093792734425636e-270,
    "g7": 2.2437122459592797e-270,
    "h7": 5.535913110939842e-271,
    "t7": 1.3658763073146692e-271,
    "alpha_7": 0.2467300840787189,
    "beta_7": 0.2467300840787187,
    "gamma_7": 0.24673008407871896,
    "epsilon_7": -5.436264465405938e-16,
    "epsilon_prime_7": 6.795330581757423e-16,
    "f8": 0.0,
    "g8": 0.0,
    "h8": 0.0,
    "t8": 0.0,
    "alpha_8": 0.24673008407871883,
    "beta_8": 0.24673008407871888,
    "gamma_8": 0.24673008407871883,
    "epsilon_8": 1.3590661163514846e-16,
    "epsilon_prime_8": -1.3590661163514846e-16,
    "f9": 0.0,
    "g9": 0.0,
    "h9": 0.0,
    "t9": 0.0,
    "alpha_9": NaN,
    "beta_9": NaN,
    "gamma_9": NaN,
    "epsilon_9": NaN,
    "epsilon_prime_9": NaN,
    "f10": 0.0,
    "g10": 0.0,
    "h10": 0.0,
    "t10": 0.0,
    "alpha_10": NaN,
    "beta_10": NaN,
    "gamma_10": NaN,
    "epsilon_10": NaN,
    "epsilon_prime_10": NaN,
    "f11": 0.0,
    "g11": 0.0,
    "h11": 0.0,
    "t11": 0.0,
    "alpha_11": NaN,
    "beta_11": NaN,
    "gamma_11": NaN,
    "epsilon_11": NaN,
    "epsilon_prime_11": NaN,
    "f12": 0.0,
    "g12": 0.0,
    "h12": 0.0,
    "t12": 0.0,
    "alpha_12": NaN,
    "beta_12": NaN,
    "gamma_12": NaN,
    "epsilon_12": NaN,
    "epsilon_prime_12": NaN,
    "f13": 0.0,
    "g13": 0.0,
    "h13": 0.0,
    "t13": 0.0,
    "alpha_13": NaN,
    "beta_13": NaN,
    "gamma_13": NaN,
    "epsilon_13": NaN,
    "epsilon_prime_13": NaN,
    "f14": 0.0,
    "g14": 0.0,
    "h14": 0.0,
    "t14": 0.0,
    "alpha_14": NaN,
    "beta_14": NaN,
    "gamma_14": NaN,
    "epsilon_14": NaN,
    "epsilon_prime_14": NaN,
    "f15": 0.0,
    "g15": 0.0,
    "h15": 0.0,
    "t15": 0.0,
    "alpha_15": NaN,
    "beta_15": NaN,
    "gamma_15": NaN,
    "epsilon_15": NaN,
    "epsilon_prime_15": NaN,
    "f16": 0.0,
    "g16": 0.0,
    "h16": 0.0,
    "t16": 0.0,
    "alpha_16": NaN,
    "beta_16": NaN,
    "gamma_16": NaN,
    "epsilon_16": NaN,
    "epsilon_prime_16": NaN,
    "f17": 0.0,
    "g17": 0.0,
    "h17": 0.0,
    "t17": 0.0,
    "alpha_17": NaN,
    "beta_17": NaN,
    "gamma_17": NaN,
    "epsilon_17": NaN,
    "epsilon_prime_17": NaN,
    "f18": 0.0,
    "g18": 0.0,
    "h18": 0.0,
    "t18": 0.0,
    "alpha_18": NaN,
    "beta_18": NaN,
    "gamma_18": NaN,
    "epsilon_18": NaN,
    "epsilon_prime_18": NaN,
    "f19": 0.0,
    "g19": 0.0,
    "h19": 0.0,
    "t19": 0.0,
    "alpha_19": NaN,
    "beta_19": NaN,
    "gamma_19": NaN,
    "epsilon_19": NaN,
    "epsilon_prime_19": NaN,
    "f20": 0.0,
    "g20": 0.0,
    "h20": 0.0,
    "t20": 0.0,
    "alpha_20": NaN,
    "beta_20": NaN,
    "gamma_20": NaN,
    "epsilon_20": NaN,
    "epsilon_prime_20": NaN
}