{
    "f1": 0.09223681599999994,
    "g1": 0.04941257999999997,
    "h1": 0.022235660999999993,
    "t1": 0.006353045999999997,
    "alpha_1": 0.5357142857142857,
    "epsilon_1": 0.0,
    "beta_1": 0.4500000000000001,
    "gamma_1": 0.28571428571428564,
    "epsilon_prime_1": 0.3833333333333338,
    "f2": 0.006750737237785589,
    "g2": 0.0032925608432672645,
    "h2": 0.0016014307845930702,
    "t2": 0.0007766709503549455,
    "alpha_2": 0.4877335211386938,
    "epsilon_2": 0.0,
    "beta_2": 0.4863784940733071,
    "gamma_2": 0.4849856502242153,
    "epsilon_prime_2": 0.0032499689812141392,
    "f3": 2.370512640176514e-06,
    "g3": 1.1545874666936848e-06,
    "h3": 5.623558208574748e-07,
    "t3": 2.7390208827497616e-07,
    "alpha_3": 0.48706235399264164,
    "epsilon_3": 0.0,
    "beta_3": 0.4870621213894307,
    "gamma_3": 0.48706188878303575,
    "epsilon_prime_3": 5.427482549502649e-07,
    "f4": 1.0248269576645306e-16,
    "g4": 4.9915451280822847e-17,
    "h4": 2.431193147227647e-17,
    "t4": 1.184142378253412e-17,
    "alpha_4": 0.4870622392152402,
    "epsilon_4": 0.0,
    "beta_4": 0.4870622392152335,
    "gamma_4": 0.4870622392152267,
    "epsilon_prime_4": 1.5931700403370996e-14,
    "f5": 8.280855825789989e-48,
    "g5": 4.0332921811278127e-48,
    "h5": 1.9644643211494185e-48,
    "t5": 9.568163911174761e-49,
    "alpha_5": 0.487062239215237,
    "epsilon_5": 0.0,
    "beta_5": 0.4870622392152367,
    "gamma_5": 0.48706223921523695,
    "epsilon_prime_5": -5.181040781584064e-16
}