{
    "f0": 0.3429999999999999,
    "g0": 0.14699999999999996,
    "h0": 0,
    "t0": 0,
    "f1": 0.21718005399999987,
    "g1": 0.05647151999999996,
    "h1": 0.01376493299999999,
    "t1": 0.0031765229999999975,
    "alpha_1": 0.42857142857142855,
    "beta_1": 0.0,
    "gamma_1": 9999,
    "epsilon_1": -1.0,
    "epsilon_prime_1": 23331.0,
    "f2": 0.03577958807492674,
    "g2": 0.009108944008726628,
    "h2": 0.0023187485214655385,
    "t2": 0.0005901905421875104,
    "alpha_2": 0.2600216684723727,
    "beta_2": 0.24374999999999997,
    "gamma_2": 0.23076923076923075,
    "epsilon_2": -0.037967226435536336,
    "epsilon_prime_2": -0.030288461538461497,
    "f3": 0.00015744046492709106,
    "g3": 4.008050443522909e-05,
    "h3": 1.0203519381052588e-05,
    "t3": 2.59756730090475e-06,
    "alpha_3": 0.25458493232653795,
    "beta_3": 0.25455733609122105,
    "gamma_3": 0.2545297761805093,
    "epsilon_3": -6.43912157394233e-05,
    "epsilon_prime_3": -6.430645832739001e-05,
    "f4": 1.3413662981404948e-11,
    "g4": 3.4147916090518128e-12,
    "h4": 8.69322700996422e-13,
    "t4": 2.2130836811958675e-13,
    "alpha_4": 0.2545756229428688,
    "beta_4": 0.2545756228577832,
    "gamma_4": 0.25457562277269735,
    "epsilon_4": -1.9853307886563698e-10,
    "epsilon_prime_4": -1.9853359696971515e-10,
    "f5": 8.295459954789518e-33,
    "g5": 2.1118218853500347e-33,
    "h5": 5.376183719467473e-34,
    "t5": 1.3686453192844132e-34,
    "alpha_5": 0.25457562291416297,
    "beta_5": 0.2545756229141629,
    "gamma_5": 0.25457562291416297,
    "epsilon_5": -1.295260195396016e-16,
    "epsilon_prime_5": 1.295260195396016e-16,
    "f6": 1.9620935640074773e-96,
    "g6": 4.995011912730736e-97,
    "h6": 1.2716082691470909e-97,
    "t6": 3.2372046722092125e-98,
    "alpha_6": 0.25457562291416286,
    "beta_6": 0.254575622914163,
    "gamma_6": 0.2545756229141629,
    "epsilon_6": 3.885780586188048e-16,
    "epsilon_prime_6": -2.590520390792032e-16,
    "f7": 2.5963153403046822e-287,
    "g7": 6.609585950396613e-288,
    "h7": 1.682639460526917e-288,
    "t7": 4.28358988803591e-289,
    "alpha_7": 0.25457562291416297,
    "beta_7": 0.2545756229141628,
    "gamma_7": 0.25457562291416297,
    "epsilon_7": -3.885780586188048e-16,
    "epsilon_prime_7": 3.885780586188048e-16,
    "f8": 0.0,
    "g8": 0.0,
    "h8": 0.0,
    "t8": 0.0,
    "alpha_8": 0.25457562291416286,
    "beta_8": 0.2545756229141629,
    "gamma_8": 0.25457562291416297,
    "epsilon_8": 1.295260195396016e-16,
    "epsilon_prime_8": 1.295260195396016e-16,
    "f9": 0.0,
    "g9": 0.0,
    "h9": 0.0,
    "t9": 0.0,
    "alpha_9": NaN,
    "beta_9": NaN,
    "gamma_9": NaN,
    "epsilon_9": NaN,
    "epsilon_prime_9": NaN,
    "f10": 0.0,
    "g10": 0.0,
    "h10": 0.0,
    "t10": 0.0,
    "alpha_10": NaN,
    "beta_10": NaN,
    "gamma_10": NaN,
    "epsilon_10": NaN,
    "epsilon_prime_10": NaN,
    "f11": 0.0,
    "g11": 0.0,
    "h11": 0.0,
    "t11": 0.0,
    "alpha_11": NaN,
    "beta_11": NaN,
    "gamma_11": NaN,
    "epsilon_11": NaN,
    "epsilon_prime_11": NaN,
    "f12": 0.0,
    "g12": 0.0,
    "h12": 0.0,
    "t12": 0.0,
    "alpha_12": NaN,
    "beta_12": NaN,
    "gamma_12": NaN,
    "epsilon_12": NaN,
    "epsilon_prime_12": NaN,
    "f13": 0.0,
    "g13": 0.0,
    "h13": 0.0,
    "t13": 0.0,
    "alpha_13": NaN,
    "beta_13": NaN,
    "gamma_13": NaN,
    "epsilon_13": NaN,
    "epsilon_prime_13": NaN,
    "f14": 0.0,
    "g14": 0.0,
    "h14": 0.0,
    "t14": 0.0,
    "alpha_14": NaN,
    "beta_14": NaN,
    "gamma_14": NaN,
    "epsilon_14": NaN,
    "epsilon_prime_14": NaN,
    "f15": 0.0,
    "g15": 0.0,
    "h15": 0.0,
    "t15": 0.0,
    "alpha_15": NaN,
    "beta_15": NaN,
    "gamma_15": NaN,
    "epsilon_15": NaN,
    "epsilon_prime_15": NaN,
    "f16": 0.0,
    "g16": 0.0,
    "h16": 0.0,
    "t16": 0.0,
    "alpha_16": NaN,
    "beta_16": NaN,
    "gamma_16": NaN,
    "epsilon_16": NaN,
    "epsilon_prime_16": NaN,
    "f17": 0.0,
    "g17": 0.0,
    "h17": 0.0,
    "t17": 0.0,
    "alpha_17": NaN,
    "beta_17": NaN,
    "gamma_17": NaN,
    "epsilon_17": NaN,
    "epsilon_prime_17": NaN,
    "f18": 0.0,
    "g18": 0.0,
    "h18": 0.0,
    "t18": 0.0,
    "alpha_18": NaN,
    "beta_18": NaN,
    "gamma_18": NaN,
    "epsilon_18": NaN,
    "epsilon_prime_18": NaN,
    "f19": 0.0,
    "g19": 0.0,
    "h19": 0.0,
    "t19": 0.0,
    "alpha_19": NaN,
    "beta_19": NaN,
    "gamma_19": NaN,
    "epsilon_19": NaN,
    "epsilon_prime_19": NaN,
    "f20": 0.0,
    "g20": 0.0,
    "h20": 0.0,
    "t20": 0.0,
    "alpha_20": NaN,
    "beta_20": NaN,
    "gamma_20": NaN,
    "epsilon_20": NaN,
    "epsilon_prime_20": NaN
}