{
    "f0": 0.3429999999999999,
    "g0": 0.14699999999999996,
    "h0": 0,
    "t0": 0,
    "f1": 2.310302335671786,
    "g1": 0.3419257156814546,
    "h1": 0.007638765988628242,
    "t1": 0.003273756852269246,
    "alpha_1": 0.42857142857142855,
    "beta_1": 0.0,
    "gamma_1": 9999,
    "epsilon_1": -1.0,
    "epsilon_prime_1": 23331.0,
    "f2": 122.89393915942335,
    "g2": 11.65118072107306,
    "h2": 0.7334803389495053,
    "t2": 0.08818141149228056,
    "alpha_2": 0.1480004198593471,
    "beta_2": 0.022340425531914898,
    "gamma_2": 0.4285714285714285,
    "epsilon_2": -0.29320665343067515,
    "epsilon_prime_2": 0.9478723404255318,
    "f3": 10431225.790829327,
    "g3": 852030.3225820388,
    "h3": 69171.20370010637,
    "t3": 5672.023098964331,
    "alpha_3": 0.09480679682631575,
    "beta_3": 0.06295330546395925,
    "gamma_3": 0.12022327908417353,
    "epsilon_3": -0.07432481317883184,
    "epsilon_prime_3": 0.13362993844716667,
    "f4": 5.34031250697e+21,
    "g4": 4.351965081066386e+20,
    "h4": 3.5465340285104865e+19,
    "t4": 2.890166643891519e+18,
    "alpha_4": 0.08168074775364428,
    "beta_4": 0.08118396947480251,
    "gamma_4": 0.0819997744083729,
    "epsilon_4": -0.001159149317297469,
    "epsilon_prime_4": 0.0019035448449975791,
    "f5": 7.14706201523833e+65,
    "g5": 5.824334159020676e+64,
    "h5": 4.746407450167323e+63,
    "t5": 3.8679758179932217e+62,
    "alpha_5": 0.08149270431995027,
    "beta_5": 0.08149270415656597,
    "gamma_5": 0.08149270867437197,
    "epsilon_5": -3.812300475303232e-10,
    "epsilon_prime_5": 1.0541547343367874e-08,
    "f6": 1.7132083957798167e+198,
    "g6": 1.3961398627557114e+197,
    "h6": 1.137752138722329e+196,
    "t6": 9.271849932084738e+194,
    "alpha_6": 0.08149270492689932,
    "beta_6": 0.08149270492689933,
    "gamma_6": 0.0814927049268993,
    "epsilon_6": 3.23815048849004e-17,
    "epsilon_prime_6": -6.47630097698008e-17,
    "f7": Infinity,
    "g7": Infinity,
    "h7": Infinity,
    "t7": Infinity,
    "alpha_7": 0.08149270492689932,
    "beta_7": 0.08149270492689932,
    "gamma_7": 0.08149270492689932,
    "epsilon_7": 0.0,
    "epsilon_prime_7": 0.0,
    "f8": Infinity,
    "g8": Infinity,
    "h8": Infinity,
    "t8": Infinity,
    "alpha_8": NaN,
    "beta_8": NaN,
    "gamma_8": NaN,
    "epsilon_8": NaN,
    "epsilon_prime_8": NaN,
    "f9": Infinity,
    "g9": Infinity,
    "h9": Infinity,
    "t9": Infinity,
    "alpha_9": NaN,
    "beta_9": NaN,
    "gamma_9": NaN,
    "epsilon_9": NaN,
    "epsilon_prime_9": NaN,
    "f10": Infinity,
    "g10": Infinity,
    "h10": Infinity,
    "t10": Infinity,
    "alpha_10": NaN,
    "beta_10": NaN,
    "gamma_10": NaN,
    "epsilon_10": NaN,
    "epsilon_prime_10": NaN,
    "f11": Infinity,
    "g11": Infinity,
    "h11": Infinity,
    "t11": Infinity,
    "alpha_11": NaN,
    "beta_11": NaN,
    "gamma_11": NaN,
    "epsilon_11": NaN,
    "epsilon_prime_11": NaN,
    "f12": Infinity,
    "g12": Infinity,
    "h12": Infinity,
    "t12": Infinity,
    "alpha_12": NaN,
    "beta_12": NaN,
    "gamma_12": NaN,
    "epsilon_12": NaN,
    "epsilon_prime_12": NaN,
    "f13": Infinity,
    "g13": Infinity,
    "h13": Infinity,
    "t13": Infinity,
    "alpha_13": NaN,
    "beta_13": NaN,
    "gamma_13": NaN,
    "epsilon_13": NaN,
    "epsilon_prime_13": NaN,
    "f14": Infinity,
    "g14": Infinity,
    "h14": Infinity,
    "t14": Infinity,
    "alpha_14": NaN,
    "beta_14": NaN,
    "gamma_14": NaN,
    "epsilon_14": NaN,
    "epsilon_prime_14": NaN,
    "f15": Infinity,
    "g15": Infinity,
    "h15": Infinity,
    "t15": Infinity,
    "alpha_15": NaN,
    "beta_15": NaN,
    "gamma_15": NaN,
    "epsilon_15": NaN,
    "epsilon_prime_15": NaN,
    "f16": Infinity,
    "g16": Infinity,
    "h16": Infinity,
    "t16": Infinity,
    "alpha_16": NaN,
    "beta_16": NaN,
    "gamma_16": NaN,
    "epsilon_16": NaN,
    "epsilon_prime_16": NaN,
    "f17": Infinity,
    "g17": Infinity,
    "h17": Infinity,
    "t17": Infinity,
    "alpha_17": NaN,
    "beta_17": NaN,
    "gamma_17": NaN,
    "epsilon_17": NaN,
    "epsilon_prime_17": NaN,
    "f18": Infinity,
    "g18": Infinity,
    "h18": Infinity,
    "t18": Infinity,
    "alpha_18": NaN,
    "beta_18": NaN,
    "gamma_18": NaN,
    "epsilon_18": NaN,
    "epsilon_prime_18": NaN,
    "f19": Infinity,
    "g19": Infinity,
    "h19": Infinity,
    "t19": Infinity,
    "alpha_19": NaN,
    "beta_19": NaN,
    "gamma_19": NaN,
    "epsilon_19": NaN,
    "epsilon_prime_19": NaN,
    "f20": Infinity,
    "g20": Infinity,
    "h20": Infinity,
    "t20": Infinity,
    "alpha_20": NaN,
    "beta_20": NaN,
    "gamma_20": NaN,
    "epsilon_20": NaN,
    "epsilon_prime_20": NaN
}