{
    "f0": 0.3429999999999999,
    "g0": 0.14699999999999996,
    "h0": 0,
    "t0": 0,
    "f1": 0.21718005399999987,
    "g1": 0.05647151999999996,
    "h1": 0.01376493299999999,
    "t1": 0.0031765229999999975,
    "beta_1": 0.24374999999999997,
    "alpha_1": 0.2600216684723727,
    "epsilon_1": -0.037967226435536336,
    "gamma_1": 0.23076923076923075,
    "epsilon_prime_1": -0.030288461538461497,
    "f2": 0.03577958807492674,
    "g2": 0.009108944008726628,
    "h2": 0.0023187485214655385,
    "t2": 0.0005901905421875104,
    "beta_2": 0.25455733609122105,
    "alpha_2": 0.25458493232653795,
    "epsilon_2": -6.43912157394233e-05,
    "gamma_2": 0.2545297761805093,
    "epsilon_prime_2": -6.430645832739001e-05,
    "f3": 0.00015744046492709106,
    "g3": 4.008050443522909e-05,
    "h3": 1.0203519381052588e-05,
    "t3": 2.59756730090475e-06,
    "beta_3": 0.2545756228577832,
    "alpha_3": 0.2545756229428688,
    "epsilon_3": -1.9853307886563698e-10,
    "gamma_3": 0.25457562277269735,
    "epsilon_prime_3": -1.9853359696971515e-10,
    "f4": 1.3413662981404948e-11,
    "g4": 3.4147916090518128e-12,
    "h4": 8.69322700996422e-13,
    "t4": 2.2130836811958675e-13,
    "beta_4": 0.2545756229141629,
    "alpha_4": 0.25457562291416297,
    "epsilon_4": -1.295260195396016e-16,
    "gamma_4": 0.25457562291416297,
    "epsilon_prime_4": 1.295260195396016e-16,
    "f5": 8.295459954789518e-33,
    "g5": 2.1118218853500347e-33,
    "h5": 5.376183719467473e-34,
    "t5": 1.3686453192844132e-34,
    "beta_5": 0.254575622914163,
    "alpha_5": 0.25457562291416286,
    "epsilon_5": 3.885780586188048e-16,
    "gamma_5": 0.2545756229141629,
    "epsilon_prime_5": -2.590520390792032e-16
}