{
    "f0": 0.32850899999999994,
    "g0": 0.14759099999999997,
    "h0": 0,
    "t0": 0,
    "f1": 0.20185207475363776,
    "g1": 0.05419650149927817,
    "h1": 0.013585925468430163,
    "t1": 0.003214989996346069,
    "alpha_1": 0.4492753623188406,
    "beta_1": 0.0,
    "gamma_1": 9999,
    "epsilon_1": -0.9999999999999999,
    "epsilon_prime_1": 22255.838709677417,
    "f2": 0.02968029889814984,
    "g2": 0.007788905388343422,
    "h2": 0.002043758477400921,
    "t2": 0.0005362011929802383,
    "alpha_2": 0.2684961329499609,
    "beta_2": 0.250679012345679,
    "gamma_2": 0.2366412213740458,
    "epsilon_2": -0.039657461990175766,
    "epsilon_prime_2": -0.031245405711054566,
    "f3": 9.270098387157365e-05,
    "g3": 2.4326160570409153e-05,
    "h3": 6.383557790886696e-06,
    "t3": 1.675143511952447e-06,
    "alpha_3": 0.2624267840115638,
    "beta_3": 0.2623935425457256,
    "gamma_3": 0.2623603517291013,
    "epsilon_3": -7.398906912365314e-05,
    "epsilon_prime_3": -7.387633377663317e-05,
    "f4": 2.824346015570638e-12,
    "g4": 7.411517310875313e-13,
    "h4": 1.9448958642663387e-13,
    "t4": 5.103705171530623e-14,
    "alpha_4": 0.2624153439850239,
    "beta_4": 0.26241534386037835,
    "gamma_4": 0.2624153437357327,
    "epsilon_4": -2.774369175255968e-10,
    "epsilon_prime_4": -2.774370410826753e-10,
    "f5": 7.987641720521471e-35,
    "g5": 2.0960797493770873e-35,
    "h5": 5.500434883629056e-36,
    "t5": 1.4433985118187654e-36,
    "alpha_5": 0.2624153439421222,
    "beta_5": 0.2624153439421223,
    "gamma_5": 0.2624153439421222,
    "epsilon_5": 2.4711415709398643e-16,
    "epsilon_prime_5": -2.4711415709398643e-16,
    "f6": 1.8068437646512306e-102,
    "g6": 4.741435279506318e-103,
    "h6": 1.244225369650963e-103,
    "t6": 3.265038283184716e-104,
    "alpha_6": 0.2624153439421223,
    "beta_6": 0.2624153439421222,
    "gamma_6": 0.2624153439421222,
    "epsilon_6": -2.4711415709398643e-16,
    "epsilon_prime_6": 0.0,
    "f7": 2.0913497810241424e-305,
    "g7": 5.4880227209073254e-306,
    "h7": 1.4401413698690773e-306,
    "t7": 3.779151928994731e-307,
    "alpha_7": 0.26241534394212235,
    "beta_7": 0.2624153439421223,
    "gamma_7": 0.2624153439421222,
    "epsilon_7": -1.2355707854699322e-16,
    "epsilon_prime_7": -2.4711415709398643e-16,
    "f8": 0.0,
    "g8": 0.0,
    "h8": 0.0,
    "t8": 0.0,
    "alpha_8": 0.26241534394212235,
    "beta_8": 0.26241534394212224,
    "gamma_8": 0.2624153439421223,
    "epsilon_8": -2.4711415709398643e-16,
    "epsilon_prime_8": 1.2355707854699322e-16,
    "f9": 0.0,
    "g9": 0.0,
    "h9": 0.0,
    "t9": 0.0,
    "alpha_9": NaN,
    "beta_9": NaN,
    "gamma_9": NaN,
    "epsilon_9": NaN,
    "epsilon_prime_9": NaN,
    "f10": 0.0,
    "g10": 0.0,
    "h10": 0.0,
    "t10": 0.0,
    "alpha_10": NaN,
    "beta_10": NaN,
    "gamma_10": NaN,
    "epsilon_10": NaN,
    "epsilon_prime_10": NaN,
    "f11": 0.0,
    "g11": 0.0,
    "h11": 0.0,
    "t11": 0.0,
    "alpha_11": NaN,
    "beta_11": NaN,
    "gamma_11": NaN,
    "epsilon_11": NaN,
    "epsilon_prime_11": NaN,
    "f12": 0.0,
    "g12": 0.0,
    "h12": 0.0,
    "t12": 0.0,
    "alpha_12": NaN,
    "beta_12": NaN,
    "gamma_12": NaN,
    "epsilon_12": NaN,
    "epsilon_prime_12": NaN,
    "f13": 0.0,
    "g13": 0.0,
    "h13": 0.0,
    "t13": 0.0,
    "alpha_13": NaN,
    "beta_13": NaN,
    "gamma_13": NaN,
    "epsilon_13": NaN,
    "epsilon_prime_13": NaN,
    "f14": 0.0,
    "g14": 0.0,
    "h14": 0.0,
    "t14": 0.0,
    "alpha_14": NaN,
    "beta_14": NaN,
    "gamma_14": NaN,
    "epsilon_14": NaN,
    "epsilon_prime_14": NaN,
    "f15": 0.0,
    "g15": 0.0,
    "h15": 0.0,
    "t15": 0.0,
    "alpha_15": NaN,
    "beta_15": NaN,
    "gamma_15": NaN,
    "epsilon_15": NaN,
    "epsilon_prime_15": NaN,
    "f16": 0.0,
    "g16": 0.0,
    "h16": 0.0,
    "t16": 0.0,
    "alpha_16": NaN,
    "beta_16": NaN,
    "gamma_16": NaN,
    "epsilon_16": NaN,
    "epsilon_prime_16": NaN,
    "f17": 0.0,
    "g17": 0.0,
    "h17": 0.0,
    "t17": 0.0,
    "alpha_17": NaN,
    "beta_17": NaN,
    "gamma_17": NaN,
    "epsilon_17": NaN,
    "epsilon_prime_17": NaN,
    "f18": 0.0,
    "g18": 0.0,
    "h18": 0.0,
    "t18": 0.0,
    "alpha_18": NaN,
    "beta_18": NaN,
    "gamma_18": NaN,
    "epsilon_18": NaN,
    "epsilon_prime_18": NaN,
    "f19": 0.0,
    "g19": 0.0,
    "h19": 0.0,
    "t19": 0.0,
    "alpha_19": NaN,
    "beta_19": NaN,
    "gamma_19": NaN,
    "epsilon_19": NaN,
    "epsilon_prime_19": NaN,
    "f20": 0.0,
    "g20": 0.0,
    "h20": 0.0,
    "t20": 0.0,
    "alpha_20": NaN,
    "beta_20": NaN,
    "gamma_20": NaN,
    "epsilon_20": NaN,
    "epsilon_prime_20": NaN
}