{
    "f0": 0.32850899999999994,
    "g0": 0.14759099999999997,
    "h0": 0,
    "t0": 0,
    "f1": 2.2269093280831673,
    "g1": 0.3444420320391433,
    "h1": 0.007374990055372648,
    "t1": 0.0033134013292253923,
    "alpha_1": 0.4492753623188406,
    "beta_1": 0.0,
    "gamma_1": 9999,
    "epsilon_1": -0.9999999999999999,
    "epsilon_prime_1": 22255.838709677417,
    "f2": 119.16664460410426,
    "g2": 11.613642802318125,
    "h2": 0.7182512291655314,
    "t2": 0.08968774845566138,
    "alpha_2": 0.15467267916813882,
    "beta_2": 0.02141141141141141,
    "gamma_2": 0.4492753623188405,
    "epsilon_2": -0.2966137895230384,
    "epsilon_prime_2": 0.9523423423423422,
    "f3": 9969944.20053054,
    "g3": 822128.7615227522,
    "h3": 67239.78699721565,
    "t3": 5571.75861136464,
    "alpha_3": 0.09745716044033127,
    "beta_3": 0.06184547272473077,
    "gamma_3": 0.12486960664148274,
    "epsilon_3": -0.07926472427020757,
    "epsilon_prime_3": 0.1402795238792221,
    "f4": 4.765172671217916e+21,
    "g4": 3.917032745015814e+20,
    "h4": 3.2198508216241107e+19,
    "t4": 2.6467586860168346e+18,
    "alpha_4": 0.08246071843401125,
    "beta_4": 0.08178741596714569,
    "gamma_4": 0.08286401340913473,
    "epsilon_4": -0.0014986409746362479,
    "epsilon_prime_4": 0.002396297532169156,
    "f5": 5.183924880090405e+65,
    "g5": 4.261252410431848e+64,
    "h5": 3.502803864915296e+63,
    "t5": 2.879349480924577e+62,
    "alpha_5": 0.08220127611901777,
    "beta_5": 0.08220127405677614,
    "gamma_5": 0.08220128299862646,
    "epsilon_5": -4.590150719196636e-09,
    "epsilon_prime_5": 1.9902828122146083e-08,
    "f6": 6.674194793221909e+197,
    "g6": 5.486273298353151e+196,
    "h6": 4.5097866689163027e+195,
    "t6": 3.70710219726754e+194,
    "alpha_6": 0.08220127623372378,
    "beta_6": 0.08220127623372378,
    "gamma_6": 0.08220127623372382,
    "epsilon_6": 0.0,
    "epsilon_prime_6": 9.266780891024491e-17,
    "f7": Infinity,
    "g7": Infinity,
    "h7": Infinity,
    "t7": Infinity,
    "alpha_7": 0.08220127623372377,
    "beta_7": 0.0822012762337238,
    "gamma_7": 0.08220127623372378,
    "epsilon_7": 6.177853927349661e-17,
    "epsilon_prime_7": -3.0889269636748304e-17,
    "f8": Infinity,
    "g8": Infinity,
    "h8": Infinity,
    "t8": Infinity,
    "alpha_8": NaN,
    "beta_8": NaN,
    "gamma_8": NaN,
    "epsilon_8": NaN,
    "epsilon_prime_8": NaN,
    "f9": Infinity,
    "g9": Infinity,
    "h9": Infinity,
    "t9": Infinity,
    "alpha_9": NaN,
    "beta_9": NaN,
    "gamma_9": NaN,
    "epsilon_9": NaN,
    "epsilon_prime_9": NaN,
    "f10": Infinity,
    "g10": Infinity,
    "h10": Infinity,
    "t10": Infinity,
    "alpha_10": NaN,
    "beta_10": NaN,
    "gamma_10": NaN,
    "epsilon_10": NaN,
    "epsilon_prime_10": NaN,
    "f11": Infinity,
    "g11": Infinity,
    "h11": Infinity,
    "t11": Infinity,
    "alpha_11": NaN,
    "beta_11": NaN,
    "gamma_11": NaN,
    "epsilon_11": NaN,
    "epsilon_prime_11": NaN,
    "f12": Infinity,
    "g12": Infinity,
    "h12": Infinity,
    "t12": Infinity,
    "alpha_12": NaN,
    "beta_12": NaN,
    "gamma_12": NaN,
    "epsilon_12": NaN,
    "epsilon_prime_12": NaN,
    "f13": Infinity,
    "g13": Infinity,
    "h13": Infinity,
    "t13": Infinity,
    "alpha_13": NaN,
    "beta_13": NaN,
    "gamma_13": NaN,
    "epsilon_13": NaN,
    "epsilon_prime_13": NaN,
    "f14": Infinity,
    "g14": Infinity,
    "h14": Infinity,
    "t14": Infinity,
    "alpha_14": NaN,
    "beta_14": NaN,
    "gamma_14": NaN,
    "epsilon_14": NaN,
    "epsilon_prime_14": NaN,
    "f15": Infinity,
    "g15": Infinity,
    "h15": Infinity,
    "t15": Infinity,
    "alpha_15": NaN,
    "beta_15": NaN,
    "gamma_15": NaN,
    "epsilon_15": NaN,
    "epsilon_prime_15": NaN,
    "f16": Infinity,
    "g16": Infinity,
    "h16": Infinity,
    "t16": Infinity,
    "alpha_16": NaN,
    "beta_16": NaN,
    "gamma_16": NaN,
    "epsilon_16": NaN,
    "epsilon_prime_16": NaN,
    "f17": Infinity,
    "g17": Infinity,
    "h17": Infinity,
    "t17": Infinity,
    "alpha_17": NaN,
    "beta_17": NaN,
    "gamma_17": NaN,
    "epsilon_17": NaN,
    "epsilon_prime_17": NaN,
    "f18": Infinity,
    "g18": Infinity,
    "h18": Infinity,
    "t18": Infinity,
    "alpha_18": NaN,
    "beta_18": NaN,
    "gamma_18": NaN,
    "epsilon_18": NaN,
    "epsilon_prime_18": NaN,
    "f19": Infinity,
    "g19": Infinity,
    "h19": Infinity,
    "t19": Infinity,
    "alpha_19": NaN,
    "beta_19": NaN,
    "gamma_19": NaN,
    "epsilon_19": NaN,
    "epsilon_prime_19": NaN,
    "f20": Infinity,
    "g20": Infinity,
    "h20": Infinity,
    "t20": Infinity,
    "alpha_20": NaN,
    "beta_20": NaN,
    "gamma_20": NaN,
    "epsilon_20": NaN,
    "epsilon_prime_20": NaN
}