{
    "f0": 0.32850899999999994,
    "g0": 0.14759099999999997,
    "h0": 0,
    "t0": 0,
    "f1": 0.20185207475363776,
    "g1": 0.05419650149927817,
    "h1": 0.013585925468430163,
    "t1": 0.003214989996346069,
    "beta_1": 0.250679012345679,
    "alpha_1": 0.2684961329499609,
    "epsilon_1": -0.039657461990175766,
    "gamma_1": 0.2366412213740458,
    "epsilon_prime_1": -0.031245405711054566,
    "f2": 0.02968029889814984,
    "g2": 0.007788905388343422,
    "h2": 0.002043758477400921,
    "t2": 0.0005362011929802383,
    "beta_2": 0.2623935425457256,
    "alpha_2": 0.2624267840115638,
    "epsilon_2": -7.398906912365314e-05,
    "gamma_2": 0.2623603517291013,
    "epsilon_prime_2": -7.387633377663317e-05,
    "f3": 9.270098387157365e-05,
    "g3": 2.4326160570409153e-05,
    "h3": 6.383557790886696e-06,
    "t3": 1.675143511952447e-06,
    "beta_3": 0.26241534386037835,
    "alpha_3": 0.2624153439850239,
    "epsilon_3": -2.774369175255968e-10,
    "gamma_3": 0.2624153437357327,
    "epsilon_prime_3": -2.774370410826753e-10,
    "f4": 2.824346015570638e-12,
    "g4": 7.411517310875313e-13,
    "h4": 1.9448958642663387e-13,
    "t4": 5.103705171530623e-14,
    "beta_4": 0.2624153439421223,
    "alpha_4": 0.2624153439421222,
    "epsilon_4": 2.4711415709398643e-16,
    "gamma_4": 0.2624153439421222,
    "epsilon_prime_4": -2.4711415709398643e-16,
    "f5": 7.987641720521471e-35,
    "g5": 2.0960797493770873e-35,
    "h5": 5.500434883629056e-36,
    "t5": 1.4433985118187654e-36,
    "beta_5": 0.2624153439421222,
    "alpha_5": 0.2624153439421223,
    "epsilon_5": -2.4711415709398643e-16,
    "gamma_5": 0.2624153439421222,
    "epsilon_prime_5": 0.0
}