{
    "f1": 0.08323533665743979,
    "g1": 0.04616739016605177,
    "h1": 0.021467836427214074,
    "t1": 0.006429979992692139,
    "alpha_1": 0.5546609411343711,
    "epsilon_1": 0.0,
    "beta_1": 0.46499999999999997,
    "gamma_1": 0.29951690821256044,
    "epsilon_prime_1": 0.3683333333333331,
    "f2": 0.005230449738551158,
    "g2": 0.0026358453335708406,
    "h2": 0.0013244947271326482,
    "t2": 0.0006635788470729784,
    "alpha_2": 0.5039423883845549,
    "epsilon_2": 0.0,
    "beta_2": 0.5024933406613523,
    "gamma_2": 0.5010052765627364,
    "epsilon_prime_2": 0.003312142671112819,
    "f3": 1.1577036632419888e-06,
    "g3": 5.825713355025814e-07,
    "h3": 2.931572148743453e-07,
    "t3": 1.4752031548907536e-07,
    "alpha_3": 0.5032128289817889,
    "epsilon_3": 0.0,
    "beta_3": 0.5032125630098845,
    "gamma_3": 0.5032122970342257,
    "epsilon_prime_3": 5.920103373975806e-07,
    "f4": 1.2533183488640992e-17,
    "g4": 6.306857047388898e-18,
    "h4": 3.1736905353893748e-18,
    "t4": 1.5970413692173278e-18,
    "alpha_4": 0.5032126955697166,
    "epsilon_4": 0.0,
    "beta_4": 0.5032126955697077,
    "gamma_4": 0.5032126955696988,
    "epsilon_prime_4": 1.9769132567518916e-14,
    "f5": 1.5902054556299508e-50,
    "g5": 8.002115738372097e-51,
    "h5": 4.0267662309670405e-51,
    "t5": 2.0263198895140145e-51,
    "alpha_5": 0.503212695569712,
    "epsilon_5": 0.0,
    "beta_5": 0.5032126955697122,
    "gamma_5": 0.5032126955697122,
    "epsilon_prime_5": 0.0
}