{
    "f0": 0.31443199999999993,
    "g0": 0.147968,
    "h0": 0,
    "t0": 0,
    "f1": 0.18730088660179342,
    "g1": 0.05188565488107518,
    "h1": 0.01336371989132083,
    "t1": 0.0032396896706232314,
    "alpha_1": 0.4705882352941177,
    "beta_1": 0.0,
    "gamma_1": 9999,
    "epsilon_1": -0.9999999999999999,
    "epsilon_prime_1": 21247.874999999996,
    "f2": 0.0244954047234645,
    "g2": 0.006620271003793227,
    "h2": 0.0017889696299540165,
    "t2": 0.000483355119127873,
    "alpha_2": 0.27701766832201624,
    "beta_2": 0.25756097560975616,
    "gamma_2": 0.24242424242424243,
    "epsilon_2": -0.04134547201355267,
    "epsilon_prime_2": -0.03216555801921667,
    "f3": 5.373532084400063e-05,
    "g3": 1.4522071204184753e-05,
    "h3": 3.9246169671345655e-06,
    "t3": 1.0606350920529252e-06,
    "alpha_3": 0.2702658346955817,
    "beta_3": 0.2702260419443536,
    "gamma_3": 0.2701863190043629,
    "epsilon_3": -8.455959635963321e-05,
    "epsilon_prime_3": -8.441124748027189e-05,
    "f4": 5.672412667534912e-13,
    "g4": 1.532980158010644e-13,
    "h4": 4.1429076172548684e-14,
    "t4": 1.1196285506644655e-14,
    "alpha_4": 0.2702518748579519,
    "beta_4": 0.27025187467774076,
    "gamma_4": 0.27025187449752947,
    "epsilon_4": -3.829486380779733e-10,
    "epsilon_prime_4": -3.829489919615624e-10,
    "f5": 6.672548417609111e-37,
    "g5": 1.8032687195174228e-37,
    "h5": 4.873367522082623e-38,
    "t5": 1.3170367094065413e-38,
    "alpha_5": 0.2702518747947227,
    "beta_5": 0.27025187479472274,
    "gamma_5": 0.2702518747947227,
    "epsilon_5": 1.1796119636642286e-16,
    "epsilon_prime_5": -1.1796119636642286e-16,
    "f6": 1.086084162149219e-108,
    "g6": 2.9351628100568216e-109,
    "h6": 7.932332522456023e-110,
    "t6": 2.143727735688892e-110,
    "alpha_6": 0.27025187479472274,
    "beta_6": 0.27025187479472257,
    "gamma_6": 0.2702518747947228,
    "epsilon_6": -3.5388358909926855e-16,
    "epsilon_prime_6": 4.718447854656914e-16,
    "f7": 0.0,
    "g7": 0.0,
    "h7": 0.0,
    "t7": 0.0,
    "alpha_7": 0.27025187479472285,
    "beta_7": 0.27025187479472257,
    "gamma_7": 0.2702518747947227,
    "epsilon_7": -5.898059818321143e-16,
    "epsilon_prime_7": 2.359223927328457e-16,
    "f8": 0.0,
    "g8": 0.0,
    "h8": 0.0,
    "t8": 0.0,
    "alpha_8": NaN,
    "beta_8": NaN,
    "gamma_8": NaN,
    "epsilon_8": NaN,
    "epsilon_prime_8": NaN,
    "f9": 0.0,
    "g9": 0.0,
    "h9": 0.0,
    "t9": 0.0,
    "alpha_9": NaN,
    "beta_9": NaN,
    "gamma_9": NaN,
    "epsilon_9": NaN,
    "epsilon_prime_9": NaN,
    "f10": 0.0,
    "g10": 0.0,
    "h10": 0.0,
    "t10": 0.0,
    "alpha_10": NaN,
    "beta_10": NaN,
    "gamma_10": NaN,
    "epsilon_10": NaN,
    "epsilon_prime_10": NaN,
    "f11": 0.0,
    "g11": 0.0,
    "h11": 0.0,
    "t11": 0.0,
    "alpha_11": NaN,
    "beta_11": NaN,
    "gamma_11": NaN,
    "epsilon_11": NaN,
    "epsilon_prime_11": NaN,
    "f12": 0.0,
    "g12": 0.0,
    "h12": 0.0,
    "t12": 0.0,
    "alpha_12": NaN,
    "beta_12": NaN,
    "gamma_12": NaN,
    "epsilon_12": NaN,
    "epsilon_prime_12": NaN,
    "f13": 0.0,
    "g13": 0.0,
    "h13": 0.0,
    "t13": 0.0,
    "alpha_13": NaN,
    "beta_13": NaN,
    "gamma_13": NaN,
    "epsilon_13": NaN,
    "epsilon_prime_13": NaN,
    "f14": 0.0,
    "g14": 0.0,
    "h14": 0.0,
    "t14": 0.0,
    "alpha_14": NaN,
    "beta_14": NaN,
    "gamma_14": NaN,
    "epsilon_14": NaN,
    "epsilon_prime_14": NaN,
    "f15": 0.0,
    "g15": 0.0,
    "h15": 0.0,
    "t15": 0.0,
    "alpha_15": NaN,
    "beta_15": NaN,
    "gamma_15": NaN,
    "epsilon_15": NaN,
    "epsilon_prime_15": NaN,
    "f16": 0.0,
    "g16": 0.0,
    "h16": 0.0,
    "t16": 0.0,
    "alpha_16": NaN,
    "beta_16": NaN,
    "gamma_16": NaN,
    "epsilon_16": NaN,
    "epsilon_prime_16": NaN,
    "f17": 0.0,
    "g17": 0.0,
    "h17": 0.0,
    "t17": 0.0,
    "alpha_17": NaN,
    "beta_17": NaN,
    "gamma_17": NaN,
    "epsilon_17": NaN,
    "epsilon_prime_17": NaN,
    "f18": 0.0,
    "g18": 0.0,
    "h18": 0.0,
    "t18": 0.0,
    "alpha_18": NaN,
    "beta_18": NaN,
    "gamma_18": NaN,
    "epsilon_18": NaN,
    "epsilon_prime_18": NaN,
    "f19": 0.0,
    "g19": 0.0,
    "h19": 0.0,
    "t19": 0.0,
    "alpha_19": NaN,
    "beta_19": NaN,
    "gamma_19": NaN,
    "epsilon_19": NaN,
    "epsilon_prime_19": NaN,
    "f20": 0.0,
    "g20": 0.0,
    "h20": 0.0,
    "t20": 0.0,
    "alpha_20": NaN,
    "beta_20": NaN,
    "gamma_20": NaN,
    "epsilon_20": NaN,
    "epsilon_prime_20": NaN
}