{
    "f0": 0.31443199999999993,
    "g0": 0.147968,
    "h0": 0,
    "t0": 0,
    "f1": 0.18730088660179342,
    "g1": 0.05188565488107518,
    "h1": 0.01336371989132083,
    "t1": 0.0032396896706232314,
    "beta_1": 0.25756097560975616,
    "alpha_1": 0.27701766832201624,
    "epsilon_1": -0.04134547201355267,
    "gamma_1": 0.24242424242424243,
    "epsilon_prime_1": -0.03216555801921667,
    "f2": 0.0244954047234645,
    "g2": 0.006620271003793227,
    "h2": 0.0017889696299540165,
    "t2": 0.000483355119127873,
    "beta_2": 0.2702260419443536,
    "alpha_2": 0.2702658346955817,
    "epsilon_2": -8.455959635963321e-05,
    "gamma_2": 0.2701863190043629,
    "epsilon_prime_2": -8.441124748027189e-05,
    "f3": 5.373532084400063e-05,
    "g3": 1.4522071204184753e-05,
    "h3": 3.9246169671345655e-06,
    "t3": 1.0606350920529252e-06,
    "beta_3": 0.27025187467774076,
    "alpha_3": 0.2702518748579519,
    "epsilon_3": -3.829486380779733e-10,
    "gamma_3": 0.27025187449752947,
    "epsilon_prime_3": -3.829489919615624e-10,
    "f4": 5.672412667534912e-13,
    "g4": 1.532980158010644e-13,
    "h4": 4.1429076172548684e-14,
    "t4": 1.1196285506644655e-14,
    "beta_4": 0.27025187479472274,
    "alpha_4": 0.2702518747947227,
    "epsilon_4": 1.1796119636642286e-16,
    "gamma_4": 0.2702518747947227,
    "epsilon_prime_4": -1.1796119636642286e-16,
    "f5": 6.672548417609111e-37,
    "g5": 1.8032687195174228e-37,
    "h5": 4.873367522082623e-38,
    "t5": 1.3170367094065413e-38,
    "beta_5": 0.27025187479472257,
    "alpha_5": 0.27025187479472274,
    "epsilon_5": -3.5388358909926855e-16,
    "gamma_5": 0.2702518747947228,
    "epsilon_prime_5": 4.718447854656914e-16
}