{
    "f0": 0.31443199999999993,
    "g0": 0.147968,
    "h0": 0,
    "t0": 0,
    "f1": 2.139274845865569,
    "g1": 0.34562387579561343,
    "h1": 0.007095071261615611,
    "t1": 0.0033388570642896996,
    "alpha_1": 0.4705882352941177,
    "beta_1": 0.0,
    "gamma_1": 9999,
    "epsilon_1": -0.9999999999999999,
    "epsilon_prime_1": 21247.874999999996,
    "f2": 114.35178524151344,
    "g2": 11.46148837359192,
    "h2": 0.6954204599064736,
    "t2": 0.0901909336202266,
    "alpha_2": 0.1615612301820765,
    "beta_2": 0.02052830188679245,
    "gamma_2": 0.4705882352941177,
    "epsilon_2": -0.2996949726274785,
    "epsilon_prime_2": 0.9563773584905659,
    "f3": 9243773.43803778,
    "g3": 769345.6691056335,
    "h3": 63342.61037538249,
    "t3": 5303.746359191092,
    "alpha_3": 0.100230078169615,
    "beta_3": 0.060674533467116855,
    "gamma_3": 0.1296926662646024,
    "epsilon_3": -0.08405553249280855,
    "epsilon_prime_3": 0.14666353219465678,
    "f4": 3.8790281816454437e+21,
    "g4": 3.214859136908601e+20,
    "h4": 2.664409215037658e+19,
    "t4": 2.2082081027717143e+18,
    "alpha_4": 0.0832285293730594,
    "beta_4": 0.08233309540692996,
    "gamma_4": 0.08373109866738841,
    "epsilon_4": -0.0019027971780250625,
    "epsilon_prime_4": 0.002970756928474217,
    "f5": 2.852307088754024e+65,
    "g5": 2.3639336762040705e+64,
    "h5": 1.9591797978291262e+63,
    "t5": 1.6237280761553915e+62,
    "alpha_5": 0.08287795257895988,
    "beta_5": 0.08287794586234176,
    "gamma_5": 0.08287796372677327,
    "epsilon_5": -1.4272813510934897e-08,
    "epsilon_prime_5": 3.796191694500905e-08,
    "f6": 1.1340085264649054e+197,
    "g6": 9.398430328145235e+195,
    "h6": 7.789226498001443e+194,
    "t6": 6.45555133344712e+193,
    "alpha_6": 0.08287795116888028,
    "beta_6": 0.08287795116888029,
    "gamma_6": 0.08287795116888032,
    "epsilon_6": 2.9490299091605714e-17,
    "epsilon_prime_6": 5.898059818321143e-17,
    "f7": Infinity,
    "g7": Infinity,
    "h7": Infinity,
    "t7": Infinity,
    "alpha_7": 0.08287795116888032,
    "beta_7": 0.08287795116888028,
    "gamma_7": 0.08287795116888029,
    "epsilon_7": -8.847089727481714e-17,
    "epsilon_prime_7": 2.9490299091605714e-17,
    "f8": Infinity,
    "g8": Infinity,
    "h8": Infinity,
    "t8": Infinity,
    "alpha_8": NaN,
    "beta_8": NaN,
    "gamma_8": NaN,
    "epsilon_8": NaN,
    "epsilon_prime_8": NaN,
    "f9": Infinity,
    "g9": Infinity,
    "h9": Infinity,
    "t9": Infinity,
    "alpha_9": NaN,
    "beta_9": NaN,
    "gamma_9": NaN,
    "epsilon_9": NaN,
    "epsilon_prime_9": NaN,
    "f10": Infinity,
    "g10": Infinity,
    "h10": Infinity,
    "t10": Infinity,
    "alpha_10": NaN,
    "beta_10": NaN,
    "gamma_10": NaN,
    "epsilon_10": NaN,
    "epsilon_prime_10": NaN,
    "f11": Infinity,
    "g11": Infinity,
    "h11": Infinity,
    "t11": Infinity,
    "alpha_11": NaN,
    "beta_11": NaN,
    "gamma_11": NaN,
    "epsilon_11": NaN,
    "epsilon_prime_11": NaN,
    "f12": Infinity,
    "g12": Infinity,
    "h12": Infinity,
    "t12": Infinity,
    "alpha_12": NaN,
    "beta_12": NaN,
    "gamma_12": NaN,
    "epsilon_12": NaN,
    "epsilon_prime_12": NaN,
    "f13": Infinity,
    "g13": Infinity,
    "h13": Infinity,
    "t13": Infinity,
    "alpha_13": NaN,
    "beta_13": NaN,
    "gamma_13": NaN,
    "epsilon_13": NaN,
    "epsilon_prime_13": NaN,
    "f14": Infinity,
    "g14": Infinity,
    "h14": Infinity,
    "t14": Infinity,
    "alpha_14": NaN,
    "beta_14": NaN,
    "gamma_14": NaN,
    "epsilon_14": NaN,
    "epsilon_prime_14": NaN,
    "f15": Infinity,
    "g15": Infinity,
    "h15": Infinity,
    "t15": Infinity,
    "alpha_15": NaN,
    "beta_15": NaN,
    "gamma_15": NaN,
    "epsilon_15": NaN,
    "epsilon_prime_15": NaN,
    "f16": Infinity,
    "g16": Infinity,
    "h16": Infinity,
    "t16": Infinity,
    "alpha_16": NaN,
    "beta_16": NaN,
    "gamma_16": NaN,
    "epsilon_16": NaN,
    "epsilon_prime_16": NaN,
    "f17": Infinity,
    "g17": Infinity,
    "h17": Infinity,
    "t17": Infinity,
    "alpha_17": NaN,
    "beta_17": NaN,
    "gamma_17": NaN,
    "epsilon_17": NaN,
    "epsilon_prime_17": NaN,
    "f18": Infinity,
    "g18": Infinity,
    "h18": Infinity,
    "t18": Infinity,
    "alpha_18": NaN,
    "beta_18": NaN,
    "gamma_18": NaN,
    "epsilon_18": NaN,
    "epsilon_prime_18": NaN,
    "f19": Infinity,
    "g19": Infinity,
    "h19": Infinity,
    "t19": Infinity,
    "alpha_19": NaN,
    "beta_19": NaN,
    "gamma_19": NaN,
    "epsilon_19": NaN,
    "epsilon_prime_19": NaN,
    "f20": Infinity,
    "g20": Infinity,
    "h20": Infinity,
    "t20": Infinity,
    "alpha_20": NaN,
    "beta_20": NaN,
    "gamma_20": NaN,
    "epsilon_20": NaN,
    "epsilon_prime_20": NaN
}