{
    "f1": 0.07497477130315361,
    "g1": 0.04302712843796477,
    "h1": 0.020653021650223095,
    "t1": 0.006479379341246461,
    "alpha_1": 0.5738880918220948,
    "epsilon_1": 0.0,
    "beta_1": 0.4800000000000001,
    "gamma_1": 0.3137254901960784,
    "epsilon_prime_1": 0.35333333333333344,
    "f2": 0.004029222175475978,
    "g2": 0.0020963752230626245,
    "h2": 0.001087484951911863,
    "t2": 0.0005624018321403167,
    "alpha_2": 0.520292784007369,
    "epsilon_2": 0.0,
    "beta_2": 0.5187453753260548,
    "gamma_2": 0.517158266099757,
    "epsilon_prime_2": 0.0033726071058828013,
    "f3": 5.554898064698047e-07,
    "g3": 2.8857773767384574e-07,
    "h3": 1.499164541442144e-07,
    "t3": 7.788171843342447e-08,
    "alpha_3": 0.5195014099498731,
    "epsilon_3": 0.0,
    "beta_3": 0.5195011068859785,
    "gamma_3": 0.5195008038177382,
    "epsilon_prime_3": 6.440200105983783e-07,
    "f4": 1.4530538560699086e-18,
    "g4": 7.54863302565179e-19,
    "h4": 3.9215243342789195e-19,
    "t4": 2.0372368152064897e-19,
    "alpha_4": 0.5195012555190944,
    "epsilon_4": 0.0,
    "beta_4": 0.519501255519083,
    "gamma_4": 0.5195012555190714,
    "epsilon_prime_4": 2.4535928844215953e-14,
    "f5": 2.600748853901694e-53,
    "g5": 1.3510922948917609e-53,
    "h5": 7.018941435184365e-54,
    "t5": 3.6463488879932303e-54,
    "alpha_5": 0.5195012555190887,
    "epsilon_5": 0.0,
    "beta_5": 0.5195012555190887,
    "gamma_5": 0.5195012555190884,
    "epsilon_prime_5": 4.718447854656914e-16
}