{
    "f0": 0.3007629999999999,
    "g0": 0.148137,
    "h0": 0,
    "t0": 0,
    "f1": 0.1735105747562952,
    "g1": 0.04955310175217817,
    "h1": 0.013101720698211448,
    "t1": 0.0032508028800073523,
    "alpha_1": 0.49253731343283597,
    "beta_1": 0.0,
    "gamma_1": 9999,
    "epsilon_1": -1.0,
    "epsilon_prime_1": 20300.999999999996,
    "f2": 0.020111822840362874,
    "g2": 0.005593192628339884,
    "h2": 0.0015552283170109909,
    "t2": 0.0004323691574272522,
    "alpha_2": 0.285591248958619,
    "beta_2": 0.26439759036144583,
    "gamma_2": 0.24812030075187974,
    "epsilon_2": -0.0430295492730485,
    "epsilon_prime_2": -0.03304783041942206,
    "f3": 3.0658530560022426e-05,
    "g3": 8.525762858395115e-06,
    "h3": 2.3709105075342327e-06,
    "t3": 6.593212505317029e-07,
    "alpha_3": 0.27810470849587926,
    "beta_3": 0.27805734941630256,
    "gamma_3": 0.2780100855276522,
    "epsilon_3": -9.615328277694274e-05,
    "epsilon_prime_3": -9.596001635068945e-05,
    "f4": 1.0859999030111282e-13,
    "g4": 3.0200330756633606e-14,
    "h4": 8.398343087151494e-15,
    "t4": 2.3354766269906704e-15,
    "alpha_4": 0.2780877851175421,
    "beta_4": 0.2780877848601728,
    "gamma_4": 0.27808778460280337,
    "epsilon_4": -5.22537654560037e-10,
    "epsilon_prime_4": -5.225379926734128e-10,
    "f5": 4.826864849626929e-39,
    "g5": 1.3422921546504789e-39,
    "h5": 3.732750521439362e-40,
    "t5": 1.038032324560071e-40,
    "alpha_5": 0.2780877850255586,
    "beta_5": 0.27808778502555864,
    "gamma_5": 0.2780877850255586,
    "epsilon_5": 1.1270445856043253e-16,
    "epsilon_prime_5": -1.1270445856043253e-16,
    "f6": 4.238099964427773e-115,
    "g6": 1.1785638318246183e-115,
    "h6": 3.27744205503343e-116,
    "t6": 9.114166016338617e-117,
    "alpha_6": 0.27808778502555864,
    "beta_6": 0.2780877850255586,
    "gamma_6": 0.2780877850255586,
    "epsilon_6": -1.1270445856043253e-16,
    "epsilon_prime_6": 0.0,
    "f7": 0.0,
    "g7": 0.0,
    "h7": 0.0,
    "t7": 0.0,
    "alpha_7": 0.27808778502555864,
    "beta_7": 0.2780877850255586,
    "gamma_7": 0.27808778502555864,
    "epsilon_7": -1.1270445856043253e-16,
    "epsilon_prime_7": 1.1270445856043253e-16,
    "f8": 0.0,
    "g8": 0.0,
    "h8": 0.0,
    "t8": 0.0,
    "alpha_8": NaN,
    "beta_8": NaN,
    "gamma_8": NaN,
    "epsilon_8": NaN,
    "epsilon_prime_8": NaN,
    "f9": 0.0,
    "g9": 0.0,
    "h9": 0.0,
    "t9": 0.0,
    "alpha_9": NaN,
    "beta_9": NaN,
    "gamma_9": NaN,
    "epsilon_9": NaN,
    "epsilon_prime_9": NaN,
    "f10": 0.0,
    "g10": 0.0,
    "h10": 0.0,
    "t10": 0.0,
    "alpha_10": NaN,
    "beta_10": NaN,
    "gamma_10": NaN,
    "epsilon_10": NaN,
    "epsilon_prime_10": NaN,
    "f11": 0.0,
    "g11": 0.0,
    "h11": 0.0,
    "t11": 0.0,
    "alpha_11": NaN,
    "beta_11": NaN,
    "gamma_11": NaN,
    "epsilon_11": NaN,
    "epsilon_prime_11": NaN,
    "f12": 0.0,
    "g12": 0.0,
    "h12": 0.0,
    "t12": 0.0,
    "alpha_12": NaN,
    "beta_12": NaN,
    "gamma_12": NaN,
    "epsilon_12": NaN,
    "epsilon_prime_12": NaN,
    "f13": 0.0,
    "g13": 0.0,
    "h13": 0.0,
    "t13": 0.0,
    "alpha_13": NaN,
    "beta_13": NaN,
    "gamma_13": NaN,
    "epsilon_13": NaN,
    "epsilon_prime_13": NaN,
    "f14": 0.0,
    "g14": 0.0,
    "h14": 0.0,
    "t14": 0.0,
    "alpha_14": NaN,
    "beta_14": NaN,
    "gamma_14": NaN,
    "epsilon_14": NaN,
    "epsilon_prime_14": NaN,
    "f15": 0.0,
    "g15": 0.0,
    "h15": 0.0,
    "t15": 0.0,
    "alpha_15": NaN,
    "beta_15": NaN,
    "gamma_15": NaN,
    "epsilon_15": NaN,
    "epsilon_prime_15": NaN,
    "f16": 0.0,
    "g16": 0.0,
    "h16": 0.0,
    "t16": 0.0,
    "alpha_16": NaN,
    "beta_16": NaN,
    "gamma_16": NaN,
    "epsilon_16": NaN,
    "epsilon_prime_16": NaN,
    "f17": 0.0,
    "g17": 0.0,
    "h17": 0.0,
    "t17": 0.0,
    "alpha_17": NaN,
    "beta_17": NaN,
    "gamma_17": NaN,
    "epsilon_17": NaN,
    "epsilon_prime_17": NaN,
    "f18": 0.0,
    "g18": 0.0,
    "h18": 0.0,
    "t18": 0.0,
    "alpha_18": NaN,
    "beta_18": NaN,
    "gamma_18": NaN,
    "epsilon_18": NaN,
    "epsilon_prime_18": NaN,
    "f19": 0.0,
    "g19": 0.0,
    "h19": 0.0,
    "t19": 0.0,
    "alpha_19": NaN,
    "beta_19": NaN,
    "gamma_19": NaN,
    "epsilon_19": NaN,
    "epsilon_prime_19": NaN,
    "f20": 0.0,
    "g20": 0.0,
    "h20": 0.0,
    "t20": 0.0,
    "alpha_20": NaN,
    "beta_20": NaN,
    "gamma_20": NaN,
    "epsilon_20": NaN,
    "epsilon_prime_20": NaN
}