{
    "f1": 0.06740723447440235,
    "g1": 0.04000069659513177,
    "h1": 0.01980034481459023,
    "t1": 0.006501605760014703,
    "alpha_1": 0.5934184499190794,
    "epsilon_1": 0.0,
    "beta_1": 0.49500000000000005,
    "gamma_1": 0.3283582089552239,
    "epsilon_prime_1": 0.3383333333333334,
    "f2": 0.003085733662929091,
    "g2": 0.0016564098291031594,
    "h2": 0.0008864207022020946,
    "t2": 0.00047286614457505544,
    "alpha_2": 0.5367961107605231,
    "epsilon_2": 0.0,
    "beta_2": 0.5351457632209506,
    "gamma_2": 0.5334556643367372,
    "epsilon_prime_2": 0.003431412886130344,
    "f3": 2.618043507153587e-07,
    "g3": 1.4031124626476358e-07,
    "h3": 7.519826591810698e-08,
    "t3": 4.0301655894379606e-08,
    "alpha_3": 0.5359393221746497,
    "epsilon_3": 0.0,
    "beta_3": 0.5359389779505619,
    "gamma_3": 0.535938633721544,
    "epsilon_prime_3": 6.988892180503575e-07,
    "f4": 1.5959653728749172e-19,
    "g4": 8.553403159379253e-20,
    "h4": 4.584103568305356e-20,
    "t4": 2.4568005428232816e-20,
    "alpha_4": 0.5359391440912935,
    "epsilon_4": 0.0,
    "beta_4": 0.5359391440912787,
    "gamma_4": 0.535939144091264,
    "epsilon_prime_4": 2.997938597707505e-14,
    "f5": 3.615456254561084e-56,
    "g5": 1.9376645305689536e-56,
    "h5": 1.0384702700491683e-56,
    "t5": 5.565568676943977e-57,
    "alpha_5": 0.5359391440912858,
    "epsilon_5": 0.0,
    "beta_5": 0.535939144091286,
    "gamma_5": 0.5359391440912858,
    "epsilon_prime_5": 2.2540891712086506e-16
}