{
    "f0": 0.3007629999999999,
    "g0": 0.148137,
    "h0": 0,
    "t0": 0,
    "f1": 2.0482765323273835,
    "g1": 0.3454911511607216,
    "h1": 0.006802145460519637,
    "t1": 0.0033503104507037027,
    "alpha_1": 0.49253731343283597,
    "beta_1": 0.0,
    "gamma_1": 9999,
    "epsilon_1": -1.0,
    "epsilon_prime_1": 20300.999999999996,
    "f2": 108.61166962652453,
    "g2": 11.201204423529097,
    "h2": 0.665918779881007,
    "t2": 0.08969792850966228,
    "alpha_2": 0.16867407584275368,
    "beta_2": 0.019688334817453246,
    "gamma_2": 0.49253731343283597,
    "epsilon_2": -0.3024862014756099,
    "epsilon_prime_2": 0.960026714158504,
    "f3": 8318758.619617088,
    "g3": 698690.854539369,
    "h3": 57865.00140249202,
    "t3": 4895.829361068101,
    "alpha_3": 0.10313076359148061,
    "beta_3": 0.05945064072593721,
    "gamma_3": 0.1346980010470502,
    "epsilon_3": -0.08868388581792143,
    "epsilon_prime_3": 0.1527749436822597,
    "f4": 2.886067585841336e+21,
    "g4": 2.4105819422364123e+20,
    "h4": 2.013433139030201e+19,
    "t4": 1.6817162086645386e+18,
    "alpha_4": 0.08398979781571421,
    "beta_4": 0.08281917678833953,
    "gamma_4": 0.0846077809108505,
    "epsilon_4": -0.002376715419215264,
    "epsilon_prime_4": 0.0036314083699465196,
    "f5": 1.197249797440572e+65,
    "g5": 1.0000003392119261e+64,
    "h5": 8.352481500199253e+62,
    "t5": 6.976392354641592e+61,
    "alpha_5": 0.08352479179844598,
    "beta_5": 0.0835247748169159,
    "gamma_5": 0.08352481023902096,
    "epsilon_5": -3.4477651962361966e-08,
    "epsilon_prime_5": 7.19176072322582e-08,
    "f6": 8.547115569091604e+195,
    "g6": 7.138960045469874e+194,
    "h6": 5.96280114839161e+193,
    "t6": 4.980416938713954e+192,
    "alpha_6": 0.08352478666938869,
    "beta_6": 0.08352478666938877,
    "gamma_6": 0.08352478666938881,
    "epsilon_6": 1.690566878406488e-16,
    "epsilon_prime_6": 8.45283439203244e-17,
    "f7": Infinity,
    "g7": Infinity,
    "h7": Infinity,
    "t7": Infinity,
    "alpha_7": 0.08352478666938874,
    "beta_7": 0.08352478666938874,
    "gamma_7": 0.08352478666938874,
    "epsilon_7": 0.0,
    "epsilon_prime_7": 0.0,
    "f8": Infinity,
    "g8": Infinity,
    "h8": Infinity,
    "t8": Infinity,
    "alpha_8": NaN,
    "beta_8": NaN,
    "gamma_8": NaN,
    "epsilon_8": NaN,
    "epsilon_prime_8": NaN,
    "f9": Infinity,
    "g9": Infinity,
    "h9": Infinity,
    "t9": Infinity,
    "alpha_9": NaN,
    "beta_9": NaN,
    "gamma_9": NaN,
    "epsilon_9": NaN,
    "epsilon_prime_9": NaN,
    "f10": Infinity,
    "g10": Infinity,
    "h10": Infinity,
    "t10": Infinity,
    "alpha_10": NaN,
    "beta_10": NaN,
    "gamma_10": NaN,
    "epsilon_10": NaN,
    "epsilon_prime_10": NaN,
    "f11": Infinity,
    "g11": Infinity,
    "h11": Infinity,
    "t11": Infinity,
    "alpha_11": NaN,
    "beta_11": NaN,
    "gamma_11": NaN,
    "epsilon_11": NaN,
    "epsilon_prime_11": NaN,
    "f12": Infinity,
    "g12": Infinity,
    "h12": Infinity,
    "t12": Infinity,
    "alpha_12": NaN,
    "beta_12": NaN,
    "gamma_12": NaN,
    "epsilon_12": NaN,
    "epsilon_prime_12": NaN,
    "f13": Infinity,
    "g13": Infinity,
    "h13": Infinity,
    "t13": Infinity,
    "alpha_13": NaN,
    "beta_13": NaN,
    "gamma_13": NaN,
    "epsilon_13": NaN,
    "epsilon_prime_13": NaN,
    "f14": Infinity,
    "g14": Infinity,
    "h14": Infinity,
    "t14": Infinity,
    "alpha_14": NaN,
    "beta_14": NaN,
    "gamma_14": NaN,
    "epsilon_14": NaN,
    "epsilon_prime_14": NaN,
    "f15": Infinity,
    "g15": Infinity,
    "h15": Infinity,
    "t15": Infinity,
    "alpha_15": NaN,
    "beta_15": NaN,
    "gamma_15": NaN,
    "epsilon_15": NaN,
    "epsilon_prime_15": NaN,
    "f16": Infinity,
    "g16": Infinity,
    "h16": Infinity,
    "t16": Infinity,
    "alpha_16": NaN,
    "beta_16": NaN,
    "gamma_16": NaN,
    "epsilon_16": NaN,
    "epsilon_prime_16": NaN,
    "f17": Infinity,
    "g17": Infinity,
    "h17": Infinity,
    "t17": Infinity,
    "alpha_17": NaN,
    "beta_17": NaN,
    "gamma_17": NaN,
    "epsilon_17": NaN,
    "epsilon_prime_17": NaN,
    "f18": Infinity,
    "g18": Infinity,
    "h18": Infinity,
    "t18": Infinity,
    "alpha_18": NaN,
    "beta_18": NaN,
    "gamma_18": NaN,
    "epsilon_18": NaN,
    "epsilon_prime_18": NaN,
    "f19": Infinity,
    "g19": Infinity,
    "h19": Infinity,
    "t19": Infinity,
    "alpha_19": NaN,
    "beta_19": NaN,
    "gamma_19": NaN,
    "epsilon_19": NaN,
    "epsilon_prime_19": NaN,
    "f20": Infinity,
    "g20": Infinity,
    "h20": Infinity,
    "t20": Infinity,
    "alpha_20": NaN,
    "beta_20": NaN,
    "gamma_20": NaN,
    "epsilon_20": NaN,
    "epsilon_prime_20": NaN
}