{
    "f0": 0.3007629999999999,
    "g0": 0.148137,
    "h0": 0,
    "t0": 0,
    "f1": 0.1735105747562952,
    "g1": 0.04955310175217817,
    "h1": 0.013101720698211448,
    "t1": 0.0032508028800073523,
    "beta_1": 0.26439759036144583,
    "alpha_1": 0.285591248958619,
    "epsilon_1": -0.0430295492730485,
    "gamma_1": 0.24812030075187974,
    "epsilon_prime_1": -0.03304783041942206,
    "f2": 0.020111822840362874,
    "g2": 0.005593192628339884,
    "h2": 0.0015552283170109909,
    "t2": 0.0004323691574272522,
    "beta_2": 0.27805734941630256,
    "alpha_2": 0.27810470849587926,
    "epsilon_2": -9.615328277694274e-05,
    "gamma_2": 0.2780100855276522,
    "epsilon_prime_2": -9.596001635068945e-05,
    "f3": 3.0658530560022426e-05,
    "g3": 8.525762858395115e-06,
    "h3": 2.3709105075342327e-06,
    "t3": 6.593212505317029e-07,
    "beta_3": 0.2780877848601728,
    "alpha_3": 0.2780877851175421,
    "epsilon_3": -5.22537654560037e-10,
    "gamma_3": 0.27808778460280337,
    "epsilon_prime_3": -5.225379926734128e-10,
    "f4": 1.0859999030111282e-13,
    "g4": 3.0200330756633606e-14,
    "h4": 8.398343087151494e-15,
    "t4": 2.3354766269906704e-15,
    "beta_4": 0.27808778502555864,
    "alpha_4": 0.2780877850255586,
    "epsilon_4": 1.1270445856043253e-16,
    "gamma_4": 0.2780877850255586,
    "epsilon_prime_4": -1.1270445856043253e-16,
    "f5": 4.826864849626929e-39,
    "g5": 1.3422921546504789e-39,
    "h5": 3.732750521439362e-40,
    "t5": 1.038032324560071e-40,
    "beta_5": 0.2780877850255586,
    "alpha_5": 0.27808778502555864,
    "epsilon_5": -1.1270445856043253e-16,
    "gamma_5": 0.2780877850255586,
    "epsilon_prime_5": 0.0
}