{
    "f0": 0.2874959999999999,
    "g0": 0.14810399999999996,
    "h0": 0,
    "t0": 0,
    "f1": 1.954752003071998,
    "g1": 0.3440752127999997,
    "h1": 0.006499198463999994,
    "t1": 0.003348071935999997,
    "alpha_1": 0.5151515151515151,
    "beta_1": 0.0,
    "gamma_1": 9999,
    "epsilon_1": -0.9999999999999998,
    "epsilon_prime_1": 19409.82352941176,
    "f2": 102.12352677974098,
    "g2": 10.841883580788815,
    "h2": 0.6308153415796626,
    "t2": 0.08824576767426154,
    "alpha_2": 0.17601987989231727,
    "beta_2": 0.01888888888888889,
    "gamma_2": 0.5151515151515151,
    "epsilon_2": -0.30501898253606674,
    "epsilon_prime_2": 0.963333333333333,
    "f3": 7270059.425355564,
    "g3": 616139.3635675394,
    "h3": 51289.61636069574,
    "t3": 4385.303639283779,
    "alpha_3": 0.10616440621143533,
    "beta_3": 0.05818318716292347,
    "gamma_3": 0.1398916003743346,
    "epsilon_3": -0.09314001344711123,
    "epsilon_prime_3": 0.15861044917509212,
    "f4": 1.9657508354491637e+21,
    "g4": 1.654055188177805e+20,
    "h4": 1.3917823553431245e+19,
    "t4": 1.171097389067888e+18,
    "alpha_4": 0.08475025134163952,
    "beta_4": 0.08324353124221956,
    "gamma_4": 0.08550080796947285,
    "epsilon_4": -0.002924809604756395,
    "epsilon_prime_4": 0.004381772470550499,
    "f5": 3.85250753441936e+64,
    "g5": 3.241641290610631e+63,
    "h5": 2.7276360041111625e+62,
    "t5": 2.2951330835010555e+61,
    "alpha_5": 0.08414368486328849,
    "beta_5": 0.08414364679550904,
    "gamma_5": 0.08414371575929129,
    "epsilon_5": -7.389627776845014e-08,
    "epsilon_prime_5": 1.3387087143480663e-07,
    "f6": 2.899936658040422e+194,
    "g6": 2.4401131800190155e+193,
    "h6": 2.0532008224365565e+192,
    "t6": 1.727638558643128e+191,
    "alpha_6": 0.08414367166446575,
    "beta_6": 0.08414367166446585,
    "gamma_6": 0.08414367166446594,
    "epsilon_6": 1.8857464609441992e-16,
    "epsilon_prime_6": 1.8857464609441992e-16,
    "f7": Infinity,
    "g7": Infinity,
    "h7": Infinity,
    "t7": Infinity,
    "alpha_7": 0.08414367166446582,
    "beta_7": 0.08414367166446583,
    "gamma_7": 0.08414367166446583,
    "epsilon_7": 2.6939235156345704e-17,
    "epsilon_prime_7": 0.0,
    "f8": Infinity,
    "g8": Infinity,
    "h8": Infinity,
    "t8": Infinity,
    "alpha_8": NaN,
    "beta_8": NaN,
    "gamma_8": NaN,
    "epsilon_8": NaN,
    "epsilon_prime_8": NaN,
    "f9": Infinity,
    "g9": Infinity,
    "h9": Infinity,
    "t9": Infinity,
    "alpha_9": NaN,
    "beta_9": NaN,
    "gamma_9": NaN,
    "epsilon_9": NaN,
    "epsilon_prime_9": NaN,
    "f10": Infinity,
    "g10": Infinity,
    "h10": Infinity,
    "t10": Infinity,
    "alpha_10": NaN,
    "beta_10": NaN,
    "gamma_10": NaN,
    "epsilon_10": NaN,
    "epsilon_prime_10": NaN,
    "f11": Infinity,
    "g11": Infinity,
    "h11": Infinity,
    "t11": Infinity,
    "alpha_11": NaN,
    "beta_11": NaN,
    "gamma_11": NaN,
    "epsilon_11": NaN,
    "epsilon_prime_11": NaN,
    "f12": Infinity,
    "g12": Infinity,
    "h12": Infinity,
    "t12": Infinity,
    "alpha_12": NaN,
    "beta_12": NaN,
    "gamma_12": NaN,
    "epsilon_12": NaN,
    "epsilon_prime_12": NaN,
    "f13": Infinity,
    "g13": Infinity,
    "h13": Infinity,
    "t13": Infinity,
    "alpha_13": NaN,
    "beta_13": NaN,
    "gamma_13": NaN,
    "epsilon_13": NaN,
    "epsilon_prime_13": NaN,
    "f14": Infinity,
    "g14": Infinity,
    "h14": Infinity,
    "t14": Infinity,
    "alpha_14": NaN,
    "beta_14": NaN,
    "gamma_14": NaN,
    "epsilon_14": NaN,
    "epsilon_prime_14": NaN,
    "f15": Infinity,
    "g15": Infinity,
    "h15": Infinity,
    "t15": Infinity,
    "alpha_15": NaN,
    "beta_15": NaN,
    "gamma_15": NaN,
    "epsilon_15": NaN,
    "epsilon_prime_15": NaN,
    "f16": Infinity,
    "g16": Infinity,
    "h16": Infinity,
    "t16": Infinity,
    "alpha_16": NaN,
    "beta_16": NaN,
    "gamma_16": NaN,
    "epsilon_16": NaN,
    "epsilon_prime_16": NaN,
    "f17": Infinity,
    "g17": Infinity,
    "h17": Infinity,
    "t17": Infinity,
    "alpha_17": NaN,
    "beta_17": NaN,
    "gamma_17": NaN,
    "epsilon_17": NaN,
    "epsilon_prime_17": NaN,
    "f18": Infinity,
    "g18": Infinity,
    "h18": Infinity,
    "t18": Infinity,
    "alpha_18": NaN,
    "beta_18": NaN,
    "gamma_18": NaN,
    "epsilon_18": NaN,
    "epsilon_prime_18": NaN,
    "f19": Infinity,
    "g19": Infinity,
    "h19": Infinity,
    "t19": Infinity,
    "alpha_19": NaN,
    "beta_19": NaN,
    "gamma_19": NaN,
    "epsilon_19": NaN,
    "epsilon_prime_19": NaN,
    "f20": Infinity,
    "g20": Infinity,
    "h20": Infinity,
    "t20": Infinity,
    "alpha_20": NaN,
    "beta_20": NaN,
    "gamma_20": NaN,
    "epsilon_20": NaN,
    "epsilon_prime_20": NaN
}