{
    "f0": 0.2874959999999999,
    "g0": 0.14810399999999996,
    "h0": 0,
    "t0": 0,
    "f1": 0.16046371732946213,
    "g1": 0.047211936249139164,
    "h1": 0.012803427473278454,
    "t1": 0.003248630851428861,
    "alpha_1": 0.5151515151515151,
    "beta_1": 0.0,
    "gamma_1": 9999,
    "epsilon_1": -0.9999999999999998,
    "epsilon_prime_1": 19409.82352941176,
    "f2": 0.016426036852773867,
    "g2": 0.004696959264192648,
    "h2": 0.001342813331023959,
    "t2": 0.0003838216984069239,
    "alpha_2": 0.294221877910283,
    "beta_2": 0.2711904761904762,
    "gamma_2": 0.25373134328358204,
    "epsilon_2": -0.04470801510315432,
    "epsilon_prime_2": -0.03389125799573571,
    "f3": 1.72130571105408e-05,
    "g3": 4.921653557920188e-06,
    "h3": 1.4072267092271163e-06,
    "t3": 4.0236212999160035e-07,
    "alpha_3": 0.28594598358029816,
    "beta_3": 0.2858899248415715,
    "gamma_3": 0.2858339945986696,
    "epsilon_3": -0.00010881990458704759,
    "epsilon_prime_3": -0.00010857047151545801,
    "f4": 1.9806526070669183e-14,
    "g4": 5.663192705087996e-15,
    "h4": 1.6192517304917932e-15,
    "t4": 4.629855106899327e-16,
    "alpha_4": 0.28592559278190643,
    "beta_4": 0.2859255924185342,
    "gamma_4": 0.2859255920551619,
    "epsilon_4": -7.053696058617934e-10,
    "epsilon_prime_4": -7.053698213756746e-10,
    "f5": 3.017582903516118e-41,
    "g5": 8.628041800574754e-42,
    "h5": 2.466977965235798e-42,
    "t5": 7.053721367638183e-43,
    "alpha_5": 0.28592559264970885,
    "beta_5": 0.28592559264970885,
    "gamma_5": 0.2859255926497089,
    "epsilon_5": 0.0,
    "epsilon_prime_5": 1.0775694062538282e-16,
    "f6": 1.067116689555784e-121,
    "g6": 3.051159718876329e-122,
    "h6": 8.724046508886341e-123,
    "t6": 2.4944281683569502e-123,
    "alpha_6": 0.2859255926497089,
    "beta_6": 0.2859255926497089,
    "gamma_6": 0.28592559264970885,
    "epsilon_6": 0.0,
    "epsilon_prime_6": -1.0775694062538282e-16,
    "f7": 0.0,
    "g7": 0.0,
    "h7": 0.0,
    "t7": 0.0,
    "alpha_7": 0.28592559264970885,
    "beta_7": 0.28592559264970907,
    "gamma_7": 0.2859255926497088,
    "epsilon_7": 4.3102776250153126e-16,
    "epsilon_prime_7": -5.387847031269141e-16,
    "f8": 0.0,
    "g8": 0.0,
    "h8": 0.0,
    "t8": 0.0,
    "alpha_8": NaN,
    "beta_8": NaN,
    "gamma_8": NaN,
    "epsilon_8": NaN,
    "epsilon_prime_8": NaN,
    "f9": 0.0,
    "g9": 0.0,
    "h9": 0.0,
    "t9": 0.0,
    "alpha_9": NaN,
    "beta_9": NaN,
    "gamma_9": NaN,
    "epsilon_9": NaN,
    "epsilon_prime_9": NaN,
    "f10": 0.0,
    "g10": 0.0,
    "h10": 0.0,
    "t10": 0.0,
    "alpha_10": NaN,
    "beta_10": NaN,
    "gamma_10": NaN,
    "epsilon_10": NaN,
    "epsilon_prime_10": NaN,
    "f11": 0.0,
    "g11": 0.0,
    "h11": 0.0,
    "t11": 0.0,
    "alpha_11": NaN,
    "beta_11": NaN,
    "gamma_11": NaN,
    "epsilon_11": NaN,
    "epsilon_prime_11": NaN,
    "f12": 0.0,
    "g12": 0.0,
    "h12": 0.0,
    "t12": 0.0,
    "alpha_12": NaN,
    "beta_12": NaN,
    "gamma_12": NaN,
    "epsilon_12": NaN,
    "epsilon_prime_12": NaN,
    "f13": 0.0,
    "g13": 0.0,
    "h13": 0.0,
    "t13": 0.0,
    "alpha_13": NaN,
    "beta_13": NaN,
    "gamma_13": NaN,
    "epsilon_13": NaN,
    "epsilon_prime_13": NaN,
    "f14": 0.0,
    "g14": 0.0,
    "h14": 0.0,
    "t14": 0.0,
    "alpha_14": NaN,
    "beta_14": NaN,
    "gamma_14": NaN,
    "epsilon_14": NaN,
    "epsilon_prime_14": NaN,
    "f15": 0.0,
    "g15": 0.0,
    "h15": 0.0,
    "t15": 0.0,
    "alpha_15": NaN,
    "beta_15": NaN,
    "gamma_15": NaN,
    "epsilon_15": NaN,
    "epsilon_prime_15": NaN,
    "f16": 0.0,
    "g16": 0.0,
    "h16": 0.0,
    "t16": 0.0,
    "alpha_16": NaN,
    "beta_16": NaN,
    "gamma_16": NaN,
    "epsilon_16": NaN,
    "epsilon_prime_16": NaN,
    "f17": 0.0,
    "g17": 0.0,
    "h17": 0.0,
    "t17": 0.0,
    "alpha_17": NaN,
    "beta_17": NaN,
    "gamma_17": NaN,
    "epsilon_17": NaN,
    "epsilon_prime_17": NaN,
    "f18": 0.0,
    "g18": 0.0,
    "h18": 0.0,
    "t18": 0.0,
    "alpha_18": NaN,
    "beta_18": NaN,
    "gamma_18": NaN,
    "epsilon_18": NaN,
    "epsilon_prime_18": NaN,
    "f19": 0.0,
    "g19": 0.0,
    "h19": 0.0,
    "t19": 0.0,
    "alpha_19": NaN,
    "beta_19": NaN,
    "gamma_19": NaN,
    "epsilon_19": NaN,
    "epsilon_prime_19": NaN,
    "f20": 0.0,
    "g20": 0.0,
    "h20": 0.0,
    "t20": 0.0,
    "alpha_20": NaN,
    "beta_20": NaN,
    "gamma_20": NaN,
    "epsilon_20": NaN,
    "epsilon_prime_20": NaN
}