{
    "f0": 0.2874959999999999,
    "g0": 0.14810399999999996,
    "h0": 0,
    "t0": 0,
    "f1": 0.16046371732946213,
    "g1": 0.047211936249139164,
    "h1": 0.012803427473278454,
    "t1": 0.003248630851428861,
    "beta_1": 0.2711904761904762,
    "alpha_1": 0.294221877910283,
    "epsilon_1": -0.04470801510315432,
    "gamma_1": 0.25373134328358204,
    "epsilon_prime_1": -0.03389125799573571,
    "f2": 0.016426036852773867,
    "g2": 0.004696959264192648,
    "h2": 0.001342813331023959,
    "t2": 0.0003838216984069239,
    "beta_2": 0.2858899248415715,
    "alpha_2": 0.28594598358029816,
    "epsilon_2": -0.00010881990458704759,
    "gamma_2": 0.2858339945986696,
    "epsilon_prime_2": -0.00010857047151545801,
    "f3": 1.72130571105408e-05,
    "g3": 4.921653557920188e-06,
    "h3": 1.4072267092271163e-06,
    "t3": 4.0236212999160035e-07,
    "beta_3": 0.2859255924185342,
    "alpha_3": 0.28592559278190643,
    "epsilon_3": -7.053696058617934e-10,
    "gamma_3": 0.2859255920551619,
    "epsilon_prime_3": -7.053698213756746e-10,
    "f4": 1.9806526070669183e-14,
    "g4": 5.663192705087996e-15,
    "h4": 1.6192517304917932e-15,
    "t4": 4.629855106899327e-16,
    "beta_4": 0.28592559264970885,
    "alpha_4": 0.28592559264970885,
    "epsilon_4": 0.0,
    "gamma_4": 0.2859255926497089,
    "epsilon_prime_4": 1.0775694062538282e-16,
    "f5": 3.017582903516118e-41,
    "g5": 8.628041800574754e-42,
    "h5": 2.466977965235798e-42,
    "t5": 7.053721367638183e-43,
    "beta_5": 0.2859255926497089,
    "alpha_5": 0.2859255926497089,
    "epsilon_5": 0.0,
    "gamma_5": 0.28592559264970885,
    "epsilon_prime_5": -1.0775694062538282e-16
}