{
    "f1": 0.060486821853308864,
    "g1": 0.037095092767180766,
    "h1": 0.018918497311262193,
    "t1": 0.006497261702857724,
    "alpha_1": 0.6132756132756134,
    "epsilon_1": 0.0,
    "beta_1": 0.51,
    "gamma_1": 0.34343434343434354,
    "epsilon_prime_1": 0.3233333333333331,
    "f2": 0.002349133051045227,
    "g2": 0.00130016050980748,
    "h2": 0.0007173061639548094,
    "t2": 0.0003944528992888338,
    "alpha_2": 0.5534639722637186,
    "epsilon_2": 0.0,
    "beta_2": 0.5517058536572718,
    "gamma_2": 0.5499086988379547,
    "epsilon_prime_2": 0.0034885946492625693,
    "f3": 1.2116751777235112e-07,
    "g3": 6.694965542679888e-08,
    "h3": 3.69922012255333e-08,
    "t3": 2.0439567273632846e-08,
    "alpha_3": 0.5525379793005541,
    "epsilon_3": 0.0,
    "beta_3": 0.5525375894724308,
    "gamma_3": 0.5525371996388457,
    "epsilon_prime_3": 7.56735782801149e-07,
    "f4": 1.659441259122591e-20,
    "g4": 9.169039804894367e-21,
    "h4": 5.0662408495366765e-21,
    "t4": 2.7992894448786743e-21,
    "alpha_4": 0.5525377746568977,
    "epsilon_4": 0.0,
    "beta_4": 0.5525377746568788,
    "gamma_4": 0.5525377746568598,
    "epsilon_prime_4": 3.6852873693880925e-14,
    "f5": 4.262738704788204e-59,
    "g5": 2.355324157887458e-59,
    "h5": 1.3014055687947442e-59,
    "t5": 7.190757369079292e-60,
    "alpha_5": 0.5525377746568877,
    "epsilon_5": 0.0,
    "beta_5": 0.5525377746568878,
    "gamma_5": 0.5525377746568878,
    "epsilon_prime_5": 0.0
}