{
    "f1": 0.05416961819140626,
    "g1": 0.03431559523437501,
    "h1": 0.018015687498046877,
    "t1": 0.006467169871093749,
    "alpha_1": 0.6334841628959277,
    "epsilon_1": 0.0,
    "beta_1": 0.5249999999999999,
    "gamma_1": 0.3589743589743589,
    "epsilon_prime_1": 0.3083333333333333,
    "f2": 0.001777549947548895,
    "g2": 0.0010137513440682262,
    "h2": 0.0005762540008417169,
    "t2": 0.00032646450180819504,
    "alpha_2": 0.5703082186051152,
    "epsilon_2": 0.0,
    "beta_2": 0.5684372249798315,
    "gamma_2": 0.5665288246699166,
    "epsilon_prime_2": 0.003544172004127679,
    "f3": 5.505268492139287e-08,
    "g3": 3.134199056050328e-08,
    "h3": 1.7843264393059963e-08,
    "t3": 1.0158315801807921e-08,
    "alpha_3": 0.5693090283472101,
    "epsilon_3": 0.0,
    "beta_3": 0.5693085880622332,
    "gamma_3": 0.5693081477713765,
    "epsilon_prime_3": 8.176830195161245e-07,
    "f4": 1.6320562753803262e-21,
    "g4": 9.291439897715221e-22,
    "h4": 5.289698442091555e-22,
    "t4": 3.0114718403490054e-22,
    "alpha_4": 0.5693087939354291,
    "epsilon_4": 0.0,
    "beta_4": 0.569308793935405,
    "gamma_4": 0.5693087939353807,
    "epsilon_prime_4": 4.5154356444397445e-14,
    "f5": 4.2521129419031756e-62,
    "g5": 2.4207652906320715e-62,
    "h5": 1.378162968010462e-62,
    "t5": 7.846002971644897e-63,
    "alpha_5": 0.5693087939354162,
    "epsilon_5": 0.0,
    "beta_5": 0.5693087939354162,
    "gamma_5": 0.5693087939354162,
    "epsilon_prime_5": 0.0
}