{
    "f0": 0.2746249999999999,
    "g0": 0.14787499999999998,
    "h0": 0,
    "t0": 0,
    "f1": 0.14814155591015613,
    "g1": 0.04487423992187497,
    "h1": 0.012472399037109368,
    "t1": 0.0032335849355468738,
    "alpha_1": 0.5384615384615385,
    "beta_1": 0.0,
    "gamma_1": 9999,
    "epsilon_1": -1.0,
    "epsilon_prime_1": 18569.571428571424,
    "f2": 0.0133441129541043,
    "g2": 0.003920396284508674,
    "h2": 0.0011515230201147445,
    "t2": 0.0003381566309709512,
    "alpha_2": 0.30291459844724455,
    "beta_2": 0.27794117647058825,
    "gamma_2": 0.2592592592592593,
    "epsilon_2": -0.0463792122423617,
    "epsilon_prime_2": -0.034694989106753754,
    "f3": 9.507570798448538e-06,
    "g3": 2.793017875949308e-06,
    "h3": 8.2049863285449e-07,
    "t3": 2.410360532061105e-07,
    "alpha_3": 0.2937921987015902,
    "beta_3": 0.2937261788215014,
    "gamma_3": 0.29366033076547204,
    "epsilon_3": -0.00012260834873625438,
    "epsilon_prime_3": -0.00012228924691171092,
    "f4": 3.4385795394541154e-15,
    "g4": 1.0101438442083451e-15,
    "h4": 2.9674770476706876e-16,
    "t4": 8.717491156275457e-17,
    "alpha_4": 0.29376777045984,
    "beta_4": 0.2937677699522829,
    "gamma_4": 0.29376776944472577,
    "epsilon_4": -9.426060567006643e-10,
    "epsilon_prime_4": -9.426060567006643e-10,
    "f5": 1.6267004776809516e-43,
    "g5": 4.778721722287251e-44,
    "h5": 1.4038344251066823e-44,
    "t5": 4.1240130889466045e-45,
    "alpha_5": 0.2937677702719968,
    "beta_5": 0.2937677702719967,
    "gamma_5": 0.29376777027199674,
    "epsilon_5": -2.0618427600181474e-16,
    "epsilon_prime_5": 1.0309213800090737e-16,
    "f6": 1.722237942004119e-128,
    "g6": 5.0593800010038244e-129,
    "h6": 1.486282781853626e-129,
    "t6": 4.366219788188004e-130,
    "alpha_6": 0.2937677702719967,
    "beta_6": 0.29376777027199685,
    "gamma_6": 0.29376777027199674,
    "epsilon_6": 3.092764140027221e-16,
    "epsilon_prime_6": -2.0618427600181474e-16,
    "f7": 0.0,
    "g7": 0.0,
    "h7": 0.0,
    "t7": 0.0,
    "alpha_7": 0.29376777027199674,
    "beta_7": 0.2937677702719967,
    "gamma_7": 0.29376777027199685,
    "epsilon_7": -1.0309213800090737e-16,
    "epsilon_prime_7": 3.092764140027221e-16,
    "f8": 0.0,
    "g8": 0.0,
    "h8": 0.0,
    "t8": 0.0,
    "alpha_8": NaN,
    "beta_8": NaN,
    "gamma_8": NaN,
    "epsilon_8": NaN,
    "epsilon_prime_8": NaN,
    "f9": 0.0,
    "g9": 0.0,
    "h9": 0.0,
    "t9": 0.0,
    "alpha_9": NaN,
    "beta_9": NaN,
    "gamma_9": NaN,
    "epsilon_9": NaN,
    "epsilon_prime_9": NaN,
    "f10": 0.0,
    "g10": 0.0,
    "h10": 0.0,
    "t10": 0.0,
    "alpha_10": NaN,
    "beta_10": NaN,
    "gamma_10": NaN,
    "epsilon_10": NaN,
    "epsilon_prime_10": NaN,
    "f11": 0.0,
    "g11": 0.0,
    "h11": 0.0,
    "t11": 0.0,
    "alpha_11": NaN,
    "beta_11": NaN,
    "gamma_11": NaN,
    "epsilon_11": NaN,
    "epsilon_prime_11": NaN,
    "f12": 0.0,
    "g12": 0.0,
    "h12": 0.0,
    "t12": 0.0,
    "alpha_12": NaN,
    "beta_12": NaN,
    "gamma_12": NaN,
    "epsilon_12": NaN,
    "epsilon_prime_12": NaN,
    "f13": 0.0,
    "g13": 0.0,
    "h13": 0.0,
    "t13": 0.0,
    "alpha_13": NaN,
    "beta_13": NaN,
    "gamma_13": NaN,
    "epsilon_13": NaN,
    "epsilon_prime_13": NaN,
    "f14": 0.0,
    "g14": 0.0,
    "h14": 0.0,
    "t14": 0.0,
    "alpha_14": NaN,
    "beta_14": NaN,
    "gamma_14": NaN,
    "epsilon_14": NaN,
    "epsilon_prime_14": NaN,
    "f15": 0.0,
    "g15": 0.0,
    "h15": 0.0,
    "t15": 0.0,
    "alpha_15": NaN,
    "beta_15": NaN,
    "gamma_15": NaN,
    "epsilon_15": NaN,
    "epsilon_prime_15": NaN,
    "f16": 0.0,
    "g16": 0.0,
    "h16": 0.0,
    "t16": 0.0,
    "alpha_16": NaN,
    "beta_16": NaN,
    "gamma_16": NaN,
    "epsilon_16": NaN,
    "epsilon_prime_16": NaN,
    "f17": 0.0,
    "g17": 0.0,
    "h17": 0.0,
    "t17": 0.0,
    "alpha_17": NaN,
    "beta_17": NaN,
    "gamma_17": NaN,
    "epsilon_17": NaN,
    "epsilon_prime_17": NaN,
    "f18": 0.0,
    "g18": 0.0,
    "h18": 0.0,
    "t18": 0.0,
    "alpha_18": NaN,
    "beta_18": NaN,
    "gamma_18": NaN,
    "epsilon_18": NaN,
    "epsilon_prime_18": NaN,
    "f19": 0.0,
    "g19": 0.0,
    "h19": 0.0,
    "t19": 0.0,
    "alpha_19": NaN,
    "beta_19": NaN,
    "gamma_19": NaN,
    "epsilon_19": NaN,
    "epsilon_prime_19": NaN,
    "f20": 0.0,
    "g20": 0.0,
    "h20": 0.0,
    "t20": 0.0,
    "alpha_20": NaN,
    "beta_20": NaN,
    "gamma_20": NaN,
    "epsilon_20": NaN,
    "epsilon_prime_20": NaN
}