{
    "f0": 0.2746249999999999,
    "g0": 0.14787499999999998,
    "h0": 0,
    "t0": 0,
    "f1": 1.859493800513584,
    "g1": 0.3414179310401354,
    "h1": 0.00618905014435305,
    "t1": 0.0033325654623439513,
    "alpha_1": 0.5384615384615385,
    "beta_1": 0.0,
    "gamma_1": 9999,
    "epsilon_1": -1.0,
    "epsilon_prime_1": 18569.571428571424,
    "f2": 95.07165706452743,
    "g2": 10.394778410935219,
    "h2": 0.5912632182718196,
    "t2": 0.08589868625817315,
    "alpha_2": 0.18360799640517075,
    "beta_2": 0.01812749003984063,
    "gamma_2": 0.5384615384615387,
    "epsilon_2": -0.30732094039275587,
    "epsilon_prime_2": 0.9663346613545819,
    "f3": 6172646.915773902,
    "g3": 527858.362291855,
    "h3": 44130.967440416964,
    "t3": 3813.661909200539,
    "alpha_3": 0.10933624943425602,
    "beta_3": 0.05688079099885532,
    "gamma_3": 0.14527994233979766,
    "epsilon_3": -0.09741727995145842,
    "epsilon_prime_3": 0.16416985249032146,
    "f4": 1.2274019893843515e+21,
    "g4": 1.0400559242356593e+20,
    "h4": 8.81304841589027e+18,
    "t4": 7.46786213192858e+17,
    "alpha_4": 0.08551572275144045,
    "beta_4": 0.08360380471914694,
    "gamma_4": 0.08641691153382307,
    "epsilon_4": -0.0035507049171165247,
    "epsilon_prime_4": 0.005224341227255665,
    "f5": 9.543038910273945e+63,
    "g5": 8.086422207682708e+62,
    "h5": 6.85213847870889e+61,
    "t5": 5.806251581421922e+60,
    "alpha_5": 0.08473637269867369,
    "beta_5": 0.08473629360235614,
    "gamma_5": 0.08473642466849192,
    "epsilon_5": -1.468931611665296e-07,
    "epsilon_prime_5": 2.434085378731433e-07,
    "f6": 4.485244719138831e+192,
    "g6": 3.8006323609021886e+191,
    "h6": 3.220516883081097e+190,
    "t6": 2.7289482405365726e+189,
    "alpha_6": 0.08473634325201108,
    "beta_6": 0.08473634325201129,
    "gamma_6": 0.08473634325201147,
    "epsilon_6": 3.8659551750340263e-16,
    "epsilon_prime_6": 3.3504944850294897e-16,
    "f7": Infinity,
    "g7": Infinity,
    "h7": Infinity,
    "t7": Infinity,
    "alpha_7": 0.08473634325201126,
    "beta_7": 0.08473634325201124,
    "gamma_7": 0.08473634325201126,
    "epsilon_7": -5.1546069000453686e-17,
    "epsilon_prime_7": 5.1546069000453686e-17,
    "f8": Infinity,
    "g8": Infinity,
    "h8": Infinity,
    "t8": Infinity,
    "alpha_8": NaN,
    "beta_8": NaN,
    "gamma_8": NaN,
    "epsilon_8": NaN,
    "epsilon_prime_8": NaN,
    "f9": Infinity,
    "g9": Infinity,
    "h9": Infinity,
    "t9": Infinity,
    "alpha_9": NaN,
    "beta_9": NaN,
    "gamma_9": NaN,
    "epsilon_9": NaN,
    "epsilon_prime_9": NaN,
    "f10": Infinity,
    "g10": Infinity,
    "h10": Infinity,
    "t10": Infinity,
    "alpha_10": NaN,
    "beta_10": NaN,
    "gamma_10": NaN,
    "epsilon_10": NaN,
    "epsilon_prime_10": NaN,
    "f11": Infinity,
    "g11": Infinity,
    "h11": Infinity,
    "t11": Infinity,
    "alpha_11": NaN,
    "beta_11": NaN,
    "gamma_11": NaN,
    "epsilon_11": NaN,
    "epsilon_prime_11": NaN,
    "f12": Infinity,
    "g12": Infinity,
    "h12": Infinity,
    "t12": Infinity,
    "alpha_12": NaN,
    "beta_12": NaN,
    "gamma_12": NaN,
    "epsilon_12": NaN,
    "epsilon_prime_12": NaN,
    "f13": Infinity,
    "g13": Infinity,
    "h13": Infinity,
    "t13": Infinity,
    "alpha_13": NaN,
    "beta_13": NaN,
    "gamma_13": NaN,
    "epsilon_13": NaN,
    "epsilon_prime_13": NaN,
    "f14": Infinity,
    "g14": Infinity,
    "h14": Infinity,
    "t14": Infinity,
    "alpha_14": NaN,
    "beta_14": NaN,
    "gamma_14": NaN,
    "epsilon_14": NaN,
    "epsilon_prime_14": NaN,
    "f15": Infinity,
    "g15": Infinity,
    "h15": Infinity,
    "t15": Infinity,
    "alpha_15": NaN,
    "beta_15": NaN,
    "gamma_15": NaN,
    "epsilon_15": NaN,
    "epsilon_prime_15": NaN,
    "f16": Infinity,
    "g16": Infinity,
    "h16": Infinity,
    "t16": Infinity,
    "alpha_16": NaN,
    "beta_16": NaN,
    "gamma_16": NaN,
    "epsilon_16": NaN,
    "epsilon_prime_16": NaN,
    "f17": Infinity,
    "g17": Infinity,
    "h17": Infinity,
    "t17": Infinity,
    "alpha_17": NaN,
    "beta_17": NaN,
    "gamma_17": NaN,
    "epsilon_17": NaN,
    "epsilon_prime_17": NaN,
    "f18": Infinity,
    "g18": Infinity,
    "h18": Infinity,
    "t18": Infinity,
    "alpha_18": NaN,
    "beta_18": NaN,
    "gamma_18": NaN,
    "epsilon_18": NaN,
    "epsilon_prime_18": NaN,
    "f19": Infinity,
    "g19": Infinity,
    "h19": Infinity,
    "t19": Infinity,
    "alpha_19": NaN,
    "beta_19": NaN,
    "gamma_19": NaN,
    "epsilon_19": NaN,
    "epsilon_prime_19": NaN,
    "f20": Infinity,
    "g20": Infinity,
    "h20": Infinity,
    "t20": Infinity,
    "alpha_20": NaN,
    "beta_20": NaN,
    "gamma_20": NaN,
    "epsilon_20": NaN,
    "epsilon_prime_20": NaN
}