{
    "f0": 0.274625,
    "g0": 0.147875,
    "h0": 0,
    "t0": 0,
    "f1": 0.14814155591015626,
    "g1": 0.04487423992187501,
    "h1": 0.012472399037109377,
    "t1": 0.0032335849355468755,
    "beta_1": 0.2779411764705882,
    "alpha_1": 0.30291459844724455,
    "epsilon_1": -0.04637921224236182,
    "gamma_1": 0.25925925925925924,
    "epsilon_prime_1": -0.03469498910675376,
    "f2": 0.013344112954104337,
    "g2": 0.0039203962845086844,
    "h2": 0.0011515230201147475,
    "t2": 0.0003381566309709521,
    "beta_2": 0.2937261788215014,
    "alpha_2": 0.2937921987015901,
    "epsilon_2": -0.00012260834873615133,
    "gamma_2": 0.29366033076547204,
    "epsilon_prime_2": -0.00012228924691171097,
    "f3": 9.507570798448614e-06,
    "g3": 2.793017875949331e-06,
    "h3": 8.204986328544965e-07,
    "t3": 2.4103605320611247e-07,
    "beta_3": 0.29376776995228276,
    "alpha_3": 0.2937677704598401,
    "epsilon_3": -9.426064690692168e-10,
    "gamma_3": 0.2937677694447258,
    "epsilon_prime_3": -9.426057474242508e-10,
    "f4": 3.4385795394541986e-15,
    "g4": 1.0101438442083694e-15,
    "h4": 2.96747704767076e-16,
    "t4": 8.717491156275671e-17,
    "beta_4": 0.2937677702719968,
    "alpha_4": 0.29376777027199674,
    "epsilon_4": 1.0309213800090741e-16,
    "gamma_4": 0.2937677702719968,
    "epsilon_prime_4": 0.0,
    "f5": 1.6267004776810695e-43,
    "g5": 4.778721722287598e-44,
    "h5": 1.403834425106784e-44,
    "t5": 4.124013088946904e-45,
    "beta_5": 0.29376777027199685,
    "alpha_5": 0.29376777027199674,
    "epsilon_5": 2.0618427600181482e-16,
    "gamma_5": 0.29376777027199674,
    "epsilon_prime_5": -2.0618427600181482e-16
}