{
    "f0": 0.26214400000000004,
    "g0": 0.147456,
    "h0": 0,
    "t0": 0,
    "f1": 0.13652415979769042,
    "g1": 0.04255109999493121,
    "h1": 0.012112220091580417,
    "t1": 0.003206175906594816,
    "alpha_1": 0.5624999999999999,
    "beta_1": 0.0,
    "gamma_1": 9999,
    "epsilon_1": -0.9999999999999999,
    "epsilon_prime_1": 17776.0,
    "f2": 0.010781521138931976,
    "g2": 0.003252201209516199,
    "h2": 0.0009807613698011675,
    "t2": 0.0002956910447886518,
    "alpha_2": 0.3116745055086656,
    "beta_2": 0.28465116279069763,
    "gamma_2": 0.2647058823529412,
    "epsilon_2": -0.04804149816527639,
    "epsilon_prime_2": -0.03545827633378925,
    "f3": 5.1649477620413595e-06,
    "g3": 1.5578347636684745e-06,
    "h3": 4.6986905909918156e-07,
    "t3": 1.41720378395659e-07,
    "alpha_3": 0.301645859392932,
    "beta_3": 0.30156847827600025,
    "gamma_3": 0.30149132489649144,
    "epsilon_3": -0.00013756643010085255,
    "epsilon_prime_3": -0.00013716156357121732,
    "f4": 5.677905224414765e-16,
    "g4": 1.712551325430599e-16,
    "h4": 5.165341664427652e-17,
    "t4": 1.5579535698624212e-17,
    "alpha_4": 0.3016167511155556,
    "beta_4": 0.30161675041370123,
    "gamma_4": 0.30161674971184727,
    "epsilon_4": -1.2477410709582022e-09,
    "epsilon_prime_4": -1.2477403801527647e-09,
    "f5": 7.54318493473684e-46,
    "g5": 2.2751509310871244e-46,
    "h5": 6.86223631531208e-47,
    "t5": 2.0697654209994305e-47,
    "alpha_5": 0.3016167508514755,
    "beta_5": 0.30161675085147555,
    "gamma_5": 0.30161675085147555,
    "epsilon_5": 9.86864910777917e-17,
    "epsilon_prime_5": 0.0,
    "f6": 1.7687017454428216e-135,
    "g6": 5.3347007368579734e-136,
    "h6": 1.609035103016074e-136,
    "t6": 4.853119397776774e-137,
    "alpha_6": 0.3016167508514754,
    "beta_6": 0.30161675085147566,
    "gamma_6": 0.30161675085147543,
    "epsilon_6": 4.934324553889585e-16,
    "epsilon_prime_6": -3.947459643111668e-16,
    "f7": 0.0,
    "g7": 0.0,
    "h7": 0.0,
    "t7": 0.0,
    "alpha_7": 0.3016167508514755,
    "beta_7": 0.3016167508514755,
    "gamma_7": 0.3016167508514755,
    "epsilon_7": 0.0,
    "epsilon_prime_7": 0.0,
    "f8": 0.0,
    "g8": 0.0,
    "h8": 0.0,
    "t8": 0.0,
    "alpha_8": NaN,
    "beta_8": NaN,
    "gamma_8": NaN,
    "epsilon_8": NaN,
    "epsilon_prime_8": NaN,
    "f9": 0.0,
    "g9": 0.0,
    "h9": 0.0,
    "t9": 0.0,
    "alpha_9": NaN,
    "beta_9": NaN,
    "gamma_9": NaN,
    "epsilon_9": NaN,
    "epsilon_prime_9": NaN,
    "f10": 0.0,
    "g10": 0.0,
    "h10": 0.0,
    "t10": 0.0,
    "alpha_10": NaN,
    "beta_10": NaN,
    "gamma_10": NaN,
    "epsilon_10": NaN,
    "epsilon_prime_10": NaN,
    "f11": 0.0,
    "g11": 0.0,
    "h11": 0.0,
    "t11": 0.0,
    "alpha_11": NaN,
    "beta_11": NaN,
    "gamma_11": NaN,
    "epsilon_11": NaN,
    "epsilon_prime_11": NaN,
    "f12": 0.0,
    "g12": 0.0,
    "h12": 0.0,
    "t12": 0.0,
    "alpha_12": NaN,
    "beta_12": NaN,
    "gamma_12": NaN,
    "epsilon_12": NaN,
    "epsilon_prime_12": NaN,
    "f13": 0.0,
    "g13": 0.0,
    "h13": 0.0,
    "t13": 0.0,
    "alpha_13": NaN,
    "beta_13": NaN,
    "gamma_13": NaN,
    "epsilon_13": NaN,
    "epsilon_prime_13": NaN,
    "f14": 0.0,
    "g14": 0.0,
    "h14": 0.0,
    "t14": 0.0,
    "alpha_14": NaN,
    "beta_14": NaN,
    "gamma_14": NaN,
    "epsilon_14": NaN,
    "epsilon_prime_14": NaN,
    "f15": 0.0,
    "g15": 0.0,
    "h15": 0.0,
    "t15": 0.0,
    "alpha_15": NaN,
    "beta_15": NaN,
    "gamma_15": NaN,
    "epsilon_15": NaN,
    "epsilon_prime_15": NaN,
    "f16": 0.0,
    "g16": 0.0,
    "h16": 0.0,
    "t16": 0.0,
    "alpha_16": NaN,
    "beta_16": NaN,
    "gamma_16": NaN,
    "epsilon_16": NaN,
    "epsilon_prime_16": NaN,
    "f17": 0.0,
    "g17": 0.0,
    "h17": 0.0,
    "t17": 0.0,
    "alpha_17": NaN,
    "beta_17": NaN,
    "gamma_17": NaN,
    "epsilon_17": NaN,
    "epsilon_prime_17": NaN,
    "f18": 0.0,
    "g18": 0.0,
    "h18": 0.0,
    "t18": 0.0,
    "alpha_18": NaN,
    "beta_18": NaN,
    "gamma_18": NaN,
    "epsilon_18": NaN,
    "epsilon_prime_18": NaN,
    "f19": 0.0,
    "g19": 0.0,
    "h19": 0.0,
    "t19": 0.0,
    "alpha_19": NaN,
    "beta_19": NaN,
    "gamma_19": NaN,
    "epsilon_19": NaN,
    "epsilon_prime_19": NaN,
    "f20": 0.0,
    "g20": 0.0,
    "h20": 0.0,
    "t20": 0.0,
    "alpha_20": NaN,
    "beta_20": NaN,
    "gamma_20": NaN,
    "epsilon_20": NaN,
    "epsilon_prime_20": NaN
}