{
    "f1": 0.04841369599423284,
    "g1": 0.0316659348799488,
    "h1": 0.017099604835172352,
    "t1": 0.006412351813189633,
    "alpha_1": 0.6540697674418604,
    "epsilon_1": 0.0,
    "beta_1": 0.54,
    "gamma_1": 0.37500000000000006,
    "epsilon_prime_1": 0.29333333333333333,
    "f2": 0.0013367498916193072,
    "g2": 0.0007851280079758778,
    "h2": 0.00045957603765096487,
    "t2": 0.00026808346530458296,
    "alpha_2": 0.5873409924311214,
    "epsilon_2": 0.0,
    "beta_2": 0.5853517298864274,
    "gamma_2": 0.5833277702528626,
    "epsilon_prime_2": 0.003598150459670614,
    "f3": 2.4547978929183264e-08,
    "g3": 1.439160601968901e-08,
    "h3": 8.437279059923e-09,
    "t3": 4.946467934486556e-09,
    "alpha_3": 0.5862643951751116,
    "epsilon_3": 0.0,
    "beta_3": 0.586263899135374,
    "gamma_3": 0.5862634030895381,
    "epsilon_prime_3": 8.818592639335698e-07,
    "f4": 1.5168539488752377e-22,
    "g4": 8.892770568195093e-23,
    "h4": 5.2135123778523567e-23,
    "t4": 3.056495285196029e-23,
    "alpha_4": 0.5862641274586239,
    "epsilon_4": 0.0,
    "beta_4": 0.5862641274585935,
    "gamma_4": 0.5862641274585628,
    "epsilon_prime_4": 5.4474943074941016e-14,
    "f5": 3.5787190055825005e-65,
    "g5": 2.0980745752273605e-65,
    "h5": 1.230025860188757e-65,
    "t5": 7.211200376750845e-66,
    "alpha_5": 0.5862641274586076,
    "epsilon_5": 0.0,
    "beta_5": 0.5862641274586075,
    "gamma_5": 0.5862641274586073,
    "epsilon_prime_5": 1.973729821555834e-16
}