{
    "f0": 0.26214400000000004,
    "g0": 0.147456,
    "h0": 0,
    "t0": 0,
    "f1": 0.13652415979769042,
    "g1": 0.04255109999493121,
    "h1": 0.012112220091580417,
    "t1": 0.003206175906594816,
    "beta_1": 0.28465116279069763,
    "alpha_1": 0.3116745055086656,
    "epsilon_1": -0.04804149816527639,
    "gamma_1": 0.2647058823529412,
    "epsilon_prime_1": -0.03545827633378925,
    "f2": 0.010781521138931976,
    "g2": 0.003252201209516199,
    "h2": 0.0009807613698011675,
    "t2": 0.0002956910447886518,
    "beta_2": 0.30156847827600025,
    "alpha_2": 0.301645859392932,
    "epsilon_2": -0.00013756643010085255,
    "gamma_2": 0.30149132489649144,
    "epsilon_prime_2": -0.00013716156357121732,
    "f3": 5.1649477620413595e-06,
    "g3": 1.5578347636684745e-06,
    "h3": 4.6986905909918156e-07,
    "t3": 1.41720378395659e-07,
    "beta_3": 0.30161675041370123,
    "alpha_3": 0.3016167511155556,
    "epsilon_3": -1.2477410709582022e-09,
    "gamma_3": 0.30161674971184727,
    "epsilon_prime_3": -1.2477403801527647e-09,
    "f4": 5.677905224414765e-16,
    "g4": 1.712551325430599e-16,
    "h4": 5.165341664427652e-17,
    "t4": 1.5579535698624212e-17,
    "beta_4": 0.30161675085147555,
    "alpha_4": 0.3016167508514755,
    "epsilon_4": 9.86864910777917e-17,
    "gamma_4": 0.30161675085147555,
    "epsilon_prime_4": 0.0,
    "f5": 7.54318493473684e-46,
    "g5": 2.2751509310871244e-46,
    "h5": 6.86223631531208e-47,
    "t5": 2.0697654209994305e-47,
    "beta_5": 0.30161675085147566,
    "alpha_5": 0.3016167508514754,
    "epsilon_5": 4.934324553889585e-16,
    "gamma_5": 0.30161675085147543,
    "epsilon_prime_5": -3.947459643111668e-16
}