{
    "f0": 0.250047,
    "g0": 0.146853,
    "h0": 0,
    "t0": 0,
    "f1": 0.12559058374620508,
    "g1": 0.04025263072215421,
    "h1": 0.01172647040980458,
    "t1": 0.0031670029573924777,
    "beta_1": 0.2913218390804598,
    "alpha_1": 0.3205067571267699,
    "epsilon_1": -0.04969323883560913,
    "gamma_1": 0.27007299270072993,
    "epsilon_prime_1": -0.036180468160080546,
    "f2": 0.008662801384634697,
    "g2": 0.0026812188389108756,
    "h2": 0.0008296204586832447,
    "t2": 0.00025662579868644745,
    "beta_2": 0.3094191517094668,
    "alpha_2": 0.30950944386957574,
    "epsilon_2": -0.00015374070505031972,
    "gamma_2": 0.30932915889484963,
    "epsilon_prime_2": -0.00015323100867251308,
    "f3": 2.758779097874065e-06,
    "g3": 8.53772977890619e-07,
    "h3": 2.6422133474676605e-07,
    "t3": 8.176987949533062e-08,
    "beta_3": 0.3094749325512346,
    "alpha_3": 0.3094749335126334,
    "epsilon_3": -1.6369763247628324e-09,
    "gamma_3": 0.30947493158983613,
    "epsilon_prime_3": -1.6369757576489089e-09,
    "f4": 8.909451781891426e-17,
    "g4": 2.7572519945601236e-17,
    "h4": 8.533003766806206e-18,
    "t4": 2.640750770259029e-18,
    "beta_4": 0.30947493314507557,
    "alpha_4": 0.30947493314507557,
    "epsilon_4": 0.0,
    "gamma_4": 0.3094749331450756,
    "epsilon_prime_4": 9.451898723160116e-17,
    "f5": 3.0009112113499326e-48,
    "g5": 9.287067965068282e-49,
    "h5": 2.874114737603279e-49,
    "t5": 8.894664662710513e-50,
    "beta_5": 0.3094749331450755,
    "alpha_5": 0.3094749331450756,
    "epsilon_5": -1.8903797446320232e-16,
    "gamma_5": 0.3094749331450756,
    "epsilon_prime_5": 1.8903797446320232e-16
}