{
    "f0": 0.250047,
    "g0": 0.146853,
    "h0": 0,
    "t0": 0,
    "f1": 0.12559058374620508,
    "g1": 0.04025263072215421,
    "h1": 0.01172647040980458,
    "t1": 0.0031670029573924777,
    "alpha_1": 0.5873015873015873,
    "beta_1": 0.0,
    "gamma_1": 9999,
    "epsilon_1": -1.0,
    "epsilon_prime_1": 17025.324324324323,
    "f2": 0.008662801384634697,
    "g2": 0.0026812188389108756,
    "h2": 0.0008296204586832447,
    "t2": 0.00025662579868644745,
    "alpha_2": 0.3205067571267699,
    "beta_2": 0.2913218390804598,
    "gamma_2": 0.27007299270072993,
    "epsilon_2": -0.04969323883560913,
    "epsilon_prime_2": -0.036180468160080546,
    "f3": 2.758779097874065e-06,
    "g3": 8.53772977890619e-07,
    "h3": 2.6422133474676605e-07,
    "t3": 8.176987949533062e-08,
    "alpha_3": 0.30950944386957574,
    "beta_3": 0.3094191517094668,
    "gamma_3": 0.30932915889484963,
    "epsilon_3": -0.00015374070505031972,
    "epsilon_prime_3": -0.00015323100867251308,
    "f4": 8.909451781891426e-17,
    "g4": 2.7572519945601236e-17,
    "h4": 8.533003766806206e-18,
    "t4": 2.640750770259029e-18,
    "alpha_4": 0.3094749335126334,
    "beta_4": 0.3094749325512346,
    "gamma_4": 0.30947493158983613,
    "epsilon_4": -1.6369763247628324e-09,
    "epsilon_prime_4": -1.6369757576489089e-09,
    "f5": 3.0009112113499326e-48,
    "g5": 9.287067965068282e-49,
    "h5": 2.874114737603279e-49,
    "t5": 8.894664662710513e-50,
    "alpha_5": 0.30947493314507557,
    "beta_5": 0.30947493314507557,
    "gamma_5": 0.3094749331450756,
    "epsilon_5": 0.0,
    "epsilon_prime_5": 9.451898723160116e-17,
    "f6": 1.1467259455830615e-142,
    "g6": 3.5488293534504142e-143,
    "h6": 1.0982737269023493e-143,
    "t6": 3.398881882080974e-144,
    "alpha_6": 0.3094749331450756,
    "beta_6": 0.3094749331450755,
    "gamma_6": 0.3094749331450756,
    "epsilon_6": -1.8903797446320232e-16,
    "epsilon_prime_6": 1.8903797446320232e-16,
    "f7": 0.0,
    "g7": 0.0,
    "h7": 0.0,
    "t7": 0.0,
    "alpha_7": 0.3094749331450755,
    "beta_7": 0.30947493314507574,
    "gamma_7": 0.30947493314507546,
    "epsilon_7": 3.7807594892640464e-16,
    "epsilon_prime_7": -4.725949361580058e-16,
    "f8": 0.0,
    "g8": 0.0,
    "h8": 0.0,
    "t8": 0.0,
    "alpha_8": NaN,
    "beta_8": NaN,
    "gamma_8": NaN,
    "epsilon_8": NaN,
    "epsilon_prime_8": NaN,
    "f9": 0.0,
    "g9": 0.0,
    "h9": 0.0,
    "t9": 0.0,
    "alpha_9": NaN,
    "beta_9": NaN,
    "gamma_9": NaN,
    "epsilon_9": NaN,
    "epsilon_prime_9": NaN,
    "f10": 0.0,
    "g10": 0.0,
    "h10": 0.0,
    "t10": 0.0,
    "alpha_10": NaN,
    "beta_10": NaN,
    "gamma_10": NaN,
    "epsilon_10": NaN,
    "epsilon_prime_10": NaN,
    "f11": 0.0,
    "g11": 0.0,
    "h11": 0.0,
    "t11": 0.0,
    "alpha_11": NaN,
    "beta_11": NaN,
    "gamma_11": NaN,
    "epsilon_11": NaN,
    "epsilon_prime_11": NaN,
    "f12": 0.0,
    "g12": 0.0,
    "h12": 0.0,
    "t12": 0.0,
    "alpha_12": NaN,
    "beta_12": NaN,
    "gamma_12": NaN,
    "epsilon_12": NaN,
    "epsilon_prime_12": NaN,
    "f13": 0.0,
    "g13": 0.0,
    "h13": 0.0,
    "t13": 0.0,
    "alpha_13": NaN,
    "beta_13": NaN,
    "gamma_13": NaN,
    "epsilon_13": NaN,
    "epsilon_prime_13": NaN,
    "f14": 0.0,
    "g14": 0.0,
    "h14": 0.0,
    "t14": 0.0,
    "alpha_14": NaN,
    "beta_14": NaN,
    "gamma_14": NaN,
    "epsilon_14": NaN,
    "epsilon_prime_14": NaN,
    "f15": 0.0,
    "g15": 0.0,
    "h15": 0.0,
    "t15": 0.0,
    "alpha_15": NaN,
    "beta_15": NaN,
    "gamma_15": NaN,
    "epsilon_15": NaN,
    "epsilon_prime_15": NaN,
    "f16": 0.0,
    "g16": 0.0,
    "h16": 0.0,
    "t16": 0.0,
    "alpha_16": NaN,
    "beta_16": NaN,
    "gamma_16": NaN,
    "epsilon_16": NaN,
    "epsilon_prime_16": NaN,
    "f17": 0.0,
    "g17": 0.0,
    "h17": 0.0,
    "t17": 0.0,
    "alpha_17": NaN,
    "beta_17": NaN,
    "gamma_17": NaN,
    "epsilon_17": NaN,
    "epsilon_prime_17": NaN,
    "f18": 0.0,
    "g18": 0.0,
    "h18": 0.0,
    "t18": 0.0,
    "alpha_18": NaN,
    "beta_18": NaN,
    "gamma_18": NaN,
    "epsilon_18": NaN,
    "epsilon_prime_18": NaN,
    "f19": 0.0,
    "g19": 0.0,
    "h19": 0.0,
    "t19": 0.0,
    "alpha_19": NaN,
    "beta_19": NaN,
    "gamma_19": NaN,
    "epsilon_19": NaN,
    "epsilon_prime_19": NaN,
    "f20": 0.0,
    "g20": 0.0,
    "h20": 0.0,
    "t20": 0.0,
    "alpha_20": NaN,
    "beta_20": NaN,
    "gamma_20": NaN,
    "epsilon_20": NaN,
    "epsilon_prime_20": NaN
}