{
    "f1": 0.04317910576654865,
    "g1": 0.0291484567298358,
    "h1": 0.016177393485058866,
    "t1": 0.006334005914784955,
    "alpha_1": 0.675059295748951,
    "epsilon_1": 0.0,
    "beta_1": 0.5549999999999999,
    "gamma_1": 0.3915343915343916,
    "epsilon_prime_1": 0.27833333333333304,
    "f2": 0.0009989361275379457,
    "g2": 0.0006039315855213901,
    "h2": 0.00036384555407079734,
    "t2": 0.00021842288399884357,
    "alpha_2": 0.6045747759768045,
    "epsilon_2": 0.0,
    "beta_2": 0.6024615416606831,
    "gamma_2": 0.6003175840822359,
    "epsilon_prime_2": 0.0036505223633020037,
    "f3": 1.073859096385223e-08,
    "g3": 6.479841158083352e-09,
    "h3": 3.910038363200581e-09,
    "t3": 2.3593766423546677e-09,
    "alpha_3": 0.6034163308664523,
    "epsilon_3": 0.0,
    "beta_3": 0.603415773289899,
    "gamma_3": 0.6034152157073438,
    "epsilon_prime_3": 9.493973237843226e-07,
    "f4": 1.3309140809565243e-23,
    "g4": 8.030948856099194e-24,
    "h4": 4.846003243344128e-24,
    "t4": 2.9241560188327317e-24,
    "alpha_4": 0.6034160259486753,
    "epsilon_4": 0.0,
    "beta_4": 0.6034160259486371,
    "gamma_4": 0.6034160259485982,
    "epsilon_prime_4": 6.616329106212081e-14,
    "f5": 2.5337158524991485e-68,
    "g5": 1.528884750598143e-68,
    "h5": 9.225535603394308e-69,
    "t5": 5.566836031048016e-69,
    "alpha_5": 0.6034160259486543,
    "epsilon_5": 0.0,
    "beta_5": 0.6034160259486543,
    "gamma_5": 0.6034160259486545,
    "epsilon_prime_5": -3.7807594892640464e-16
}