{
    "f0": 0.250047,
    "g0": 0.146853,
    "h0": 0,
    "t0": 0,
    "f1": 1.6666983776935587,
    "g1": 0.33259341362997746,
    "h1": 0.0055575286535589795,
    "t1": 0.0032639453997092417,
    "alpha_1": 0.5873015873015873,
    "beta_1": 0.0,
    "gamma_1": 9999,
    "epsilon_1": -1.0,
    "epsilon_prime_1": 17025.324324324323,
    "f2": 80.005766520651,
    "g2": 9.289965742184664,
    "h2": 0.503532951049007,
    "t2": 0.07888823535397807,
    "alpha_2": 0.19955225137390067,
    "beta_2": 0.01670967741935484,
    "gamma_2": 0.5873015873015872,
    "epsilon_2": -0.311326544841524,
    "epsilon_prime_2": 0.971548387096774,
    "f3": 4085813.6939598005,
    "g3": 355815.2501225165,
    "h3": 29931.89260859721,
    "t3": 2644.3371153953126,
    "alpha_3": 0.11611620194635282,
    "beta_3": 0.05420180924484165,
    "gamma_3": 0.15666945964436035,
    "epsilon_3": -0.10542180378905955,
    "epsilon_prime_3": 0.17447194527485616,
    "f4": 3.702817308878454e+20,
    "g4": 3.178847824520421e+19,
    "h4": 2.729013682855944e+18,
    "t4": 2.3428468325435805e+17,
    "alpha_4": 0.08708552978040346,
    "beta_4": 0.08412200600814855,
    "gamma_4": 0.08834513573778462,
    "epsilon_4": -0.005045999936542141,
    "epsilon_prime_4": 0.0071907344045154635,
    "f5": 2.707444101179189e+62,
    "g5": 2.3243223638424378e+61,
    "h5": 1.9954149556421744e+60,
    "t5": 1.7130501806204726e+59,
    "alpha_5": 0.08584943731623805,
    "beta_5": 0.08584914514640721,
    "gamma_5": 0.08584958174675637,
    "epsilon_5": -4.974783606242138e-07,
    "epsilon_prime_5": 7.434005945253905e-07,
    "f6": 1.0583770963743952e+188,
    "g6": 9.086095455895923e+186,
    "h6": 7.800351209078737e+185,
    "t6": 6.6965485097885224e+184,
    "alpha_6": 0.08584932050231849,
    "beta_6": 0.08584932050231912,
    "gamma_6": 0.08584932050231979,
    "epsilon_6": 1.0869683531634134e-15,
    "epsilon_prime_6": 1.134227846779214e-15,
    "f7": Infinity,
    "g7": Infinity,
    "h7": Infinity,
    "t7": Infinity,
    "alpha_7": 0.08584932050231901,
    "beta_7": 0.08584932050231904,
    "gamma_7": 0.08584932050231903,
    "epsilon_7": 4.725949361580058e-17,
    "epsilon_prime_7": -2.362974680790029e-17,
    "f8": Infinity,
    "g8": Infinity,
    "h8": Infinity,
    "t8": Infinity,
    "alpha_8": NaN,
    "beta_8": NaN,
    "gamma_8": NaN,
    "epsilon_8": NaN,
    "epsilon_prime_8": NaN,
    "f9": Infinity,
    "g9": Infinity,
    "h9": Infinity,
    "t9": Infinity,
    "alpha_9": NaN,
    "beta_9": NaN,
    "gamma_9": NaN,
    "epsilon_9": NaN,
    "epsilon_prime_9": NaN,
    "f10": Infinity,
    "g10": Infinity,
    "h10": Infinity,
    "t10": Infinity,
    "alpha_10": NaN,
    "beta_10": NaN,
    "gamma_10": NaN,
    "epsilon_10": NaN,
    "epsilon_prime_10": NaN,
    "f11": Infinity,
    "g11": Infinity,
    "h11": Infinity,
    "t11": Infinity,
    "alpha_11": NaN,
    "beta_11": NaN,
    "gamma_11": NaN,
    "epsilon_11": NaN,
    "epsilon_prime_11": NaN,
    "f12": Infinity,
    "g12": Infinity,
    "h12": Infinity,
    "t12": Infinity,
    "alpha_12": NaN,
    "beta_12": NaN,
    "gamma_12": NaN,
    "epsilon_12": NaN,
    "epsilon_prime_12": NaN,
    "f13": Infinity,
    "g13": Infinity,
    "h13": Infinity,
    "t13": Infinity,
    "alpha_13": NaN,
    "beta_13": NaN,
    "gamma_13": NaN,
    "epsilon_13": NaN,
    "epsilon_prime_13": NaN,
    "f14": Infinity,
    "g14": Infinity,
    "h14": Infinity,
    "t14": Infinity,
    "alpha_14": NaN,
    "beta_14": NaN,
    "gamma_14": NaN,
    "epsilon_14": NaN,
    "epsilon_prime_14": NaN,
    "f15": Infinity,
    "g15": Infinity,
    "h15": Infinity,
    "t15": Infinity,
    "alpha_15": NaN,
    "beta_15": NaN,
    "gamma_15": NaN,
    "epsilon_15": NaN,
    "epsilon_prime_15": NaN,
    "f16": Infinity,
    "g16": Infinity,
    "h16": Infinity,
    "t16": Infinity,
    "alpha_16": NaN,
    "beta_16": NaN,
    "gamma_16": NaN,
    "epsilon_16": NaN,
    "epsilon_prime_16": NaN,
    "f17": Infinity,
    "g17": Infinity,
    "h17": Infinity,
    "t17": Infinity,
    "alpha_17": NaN,
    "beta_17": NaN,
    "gamma_17": NaN,
    "epsilon_17": NaN,
    "epsilon_prime_17": NaN,
    "f18": Infinity,
    "g18": Infinity,
    "h18": Infinity,
    "t18": Infinity,
    "alpha_18": NaN,
    "beta_18": NaN,
    "gamma_18": NaN,
    "epsilon_18": NaN,
    "epsilon_prime_18": NaN,
    "f19": Infinity,
    "g19": Infinity,
    "h19": Infinity,
    "t19": Infinity,
    "alpha_19": NaN,
    "beta_19": NaN,
    "gamma_19": NaN,
    "epsilon_19": NaN,
    "epsilon_prime_19": NaN,
    "f20": Infinity,
    "g20": Infinity,
    "h20": Infinity,
    "t20": Infinity,
    "alpha_20": NaN,
    "beta_20": NaN,
    "gamma_20": NaN,
    "epsilon_20": NaN,
    "epsilon_prime_20": NaN
}