{
    "f0": 0.23832799999999998,
    "g0": 0.146072,
    "h0": 0,
    "t0": 0,
    "f1": 0.11531901909582949,
    "g1": 0.0379879975585792,
    "h1": 0.011318696545294849,
    "t1": 0.0031167425269652484,
    "beta_1": 0.29795454545454547,
    "alpha_1": 0.3294165858886761,
    "epsilon_1": -0.051332802813581574,
    "gamma_1": 0.2753623188405797,
    "epsilon_prime_1": -0.03686100131752308,
    "f2": 0.006921111296627341,
    "g2": 0.002196659737382068,
    "h2": 0.000696957287028574,
    "t2": 0.00022105810362511074,
    "beta_2": 0.3172804941830421,
    "alpha_2": 0.31738540867743315,
    "epsilon_2": -0.00017117628032222254,
    "gamma_2": 0.3171759700907579,
    "epsilon_prime_2": -0.00017053930846374455,
    "f3": 1.4483779169557614e-06,
    "g3": 4.5963503725831646e-07,
    "h3": 1.4586273660575205e-07,
    "t3": 4.6288764167149805e-08,
    "beta_3": 0.3173446860705197,
    "alpha_3": 0.31734468737578475,
    "epsilon_3": -2.1296429970384914e-09,
    "gamma_3": 0.317344684765255,
    "epsilon_prime_3": -2.1296423630427118e-09,
    "f4": 1.3272459322843257e-17,
    "g4": 4.211944447789216e-18,
    "h4": 1.3366381918932856e-18,
    "t4": 4.241750284635194e-19,
    "beta_4": 0.3173446868689985,
    "alpha_4": 0.3173446868689987,
    "epsilon_4": -2.717124770793146e-16,
    "gamma_4": 0.31734468686899875,
    "epsilon_prime_4": 3.622833027724195e-16,
    "f5": 1.0213155105810685e-50,
    "g5": 3.241090508998006e-51,
    "h5": 1.0285428526920556e-51,
    "t5": 3.2640260951890706e-52,
    "beta_5": 0.31734468686899864,
    "alpha_5": 0.31734468686899864,
    "epsilon_5": 0.0,
    "gamma_5": 0.3173446868689987,
    "epsilon_prime_5": 9.057082569310487e-17
}