{
    "f0": 0.23832799999999998,
    "g0": 0.146072,
    "h0": 0,
    "t0": 0,
    "f1": 0.11531901909582949,
    "g1": 0.0379879975585792,
    "h1": 0.011318696545294849,
    "t1": 0.0031167425269652484,
    "alpha_1": 0.6129032258064517,
    "beta_1": 0.0,
    "gamma_1": 9999,
    "epsilon_1": -1.0000000000000002,
    "epsilon_prime_1": 16314.157894736842,
    "f2": 0.006921111296627341,
    "g2": 0.002196659737382068,
    "h2": 0.000696957287028574,
    "t2": 0.00022105810362511074,
    "alpha_2": 0.3294165858886761,
    "beta_2": 0.29795454545454547,
    "gamma_2": 0.2753623188405797,
    "epsilon_2": -0.051332802813581574,
    "epsilon_prime_2": -0.03686100131752308,
    "f3": 1.4483779169557614e-06,
    "g3": 4.5963503725831646e-07,
    "h3": 1.4586273660575205e-07,
    "t3": 4.6288764167149805e-08,
    "alpha_3": 0.31738540867743315,
    "beta_3": 0.3172804941830421,
    "gamma_3": 0.3171759700907579,
    "epsilon_3": -0.00017117628032222254,
    "epsilon_prime_3": -0.00017053930846374455,
    "f4": 1.3272459322843257e-17,
    "g4": 4.211944447789216e-18,
    "h4": 1.3366381918932856e-18,
    "t4": 4.241750284635194e-19,
    "alpha_4": 0.31734468737578475,
    "beta_4": 0.3173446860705197,
    "gamma_4": 0.317344684765255,
    "epsilon_4": -2.1296429970384914e-09,
    "epsilon_prime_4": -2.1296423630427118e-09,
    "f5": 1.0213155105810685e-50,
    "g5": 3.241090508998006e-51,
    "h5": 1.0285428526920556e-51,
    "t5": 3.2640260951890706e-52,
    "alpha_5": 0.3173446868689987,
    "beta_5": 0.3173446868689985,
    "gamma_5": 0.31734468686899875,
    "epsilon_5": -2.717124770793146e-16,
    "epsilon_prime_5": 3.622833027724195e-16,
    "f6": 4.653561964366134e-150,
    "g6": 1.4767831644072527e-150,
    "h6": 4.6864929088222866e-151,
    "t6": 1.4872336246639904e-151,
    "alpha_6": 0.31734468686899864,
    "beta_6": 0.31734468686899864,
    "gamma_6": 0.3173446868689987,
    "epsilon_6": 0.0,
    "epsilon_prime_6": 9.057082569310487e-17,
    "f7": 0.0,
    "g7": 0.0,
    "h7": 0.0,
    "t7": 0.0,
    "alpha_7": 0.3173446868689986,
    "beta_7": 0.3173446868689987,
    "gamma_7": 0.31734468686899847,
    "epsilon_7": 1.8114165138620975e-16,
    "epsilon_prime_7": -3.622833027724195e-16,
    "f8": 0.0,
    "g8": 0.0,
    "h8": 0.0,
    "t8": 0.0,
    "alpha_8": NaN,
    "beta_8": NaN,
    "gamma_8": NaN,
    "epsilon_8": NaN,
    "epsilon_prime_8": NaN,
    "f9": 0.0,
    "g9": 0.0,
    "h9": 0.0,
    "t9": 0.0,
    "alpha_9": NaN,
    "beta_9": NaN,
    "gamma_9": NaN,
    "epsilon_9": NaN,
    "epsilon_prime_9": NaN,
    "f10": 0.0,
    "g10": 0.0,
    "h10": 0.0,
    "t10": 0.0,
    "alpha_10": NaN,
    "beta_10": NaN,
    "gamma_10": NaN,
    "epsilon_10": NaN,
    "epsilon_prime_10": NaN,
    "f11": 0.0,
    "g11": 0.0,
    "h11": 0.0,
    "t11": 0.0,
    "alpha_11": NaN,
    "beta_11": NaN,
    "gamma_11": NaN,
    "epsilon_11": NaN,
    "epsilon_prime_11": NaN,
    "f12": 0.0,
    "g12": 0.0,
    "h12": 0.0,
    "t12": 0.0,
    "alpha_12": NaN,
    "beta_12": NaN,
    "gamma_12": NaN,
    "epsilon_12": NaN,
    "epsilon_prime_12": NaN,
    "f13": 0.0,
    "g13": 0.0,
    "h13": 0.0,
    "t13": 0.0,
    "alpha_13": NaN,
    "beta_13": NaN,
    "gamma_13": NaN,
    "epsilon_13": NaN,
    "epsilon_prime_13": NaN,
    "f14": 0.0,
    "g14": 0.0,
    "h14": 0.0,
    "t14": 0.0,
    "alpha_14": NaN,
    "beta_14": NaN,
    "gamma_14": NaN,
    "epsilon_14": NaN,
    "epsilon_prime_14": NaN,
    "f15": 0.0,
    "g15": 0.0,
    "h15": 0.0,
    "t15": 0.0,
    "alpha_15": NaN,
    "beta_15": NaN,
    "gamma_15": NaN,
    "epsilon_15": NaN,
    "epsilon_prime_15": NaN,
    "f16": 0.0,
    "g16": 0.0,
    "h16": 0.0,
    "t16": 0.0,
    "alpha_16": NaN,
    "beta_16": NaN,
    "gamma_16": NaN,
    "epsilon_16": NaN,
    "epsilon_prime_16": NaN,
    "f17": 0.0,
    "g17": 0.0,
    "h17": 0.0,
    "t17": 0.0,
    "alpha_17": NaN,
    "beta_17": NaN,
    "gamma_17": NaN,
    "epsilon_17": NaN,
    "epsilon_prime_17": NaN,
    "f18": 0.0,
    "g18": 0.0,
    "h18": 0.0,
    "t18": 0.0,
    "alpha_18": NaN,
    "beta_18": NaN,
    "gamma_18": NaN,
    "epsilon_18": NaN,
    "epsilon_prime_18": NaN,
    "f19": 0.0,
    "g19": 0.0,
    "h19": 0.0,
    "t19": 0.0,
    "alpha_19": NaN,
    "beta_19": NaN,
    "gamma_19": NaN,
    "epsilon_19": NaN,
    "epsilon_prime_19": NaN,
    "f20": 0.0,
    "g20": 0.0,
    "h20": 0.0,
    "t20": 0.0,
    "alpha_20": NaN,
    "beta_20": NaN,
    "gamma_20": NaN,
    "epsilon_20": NaN,
    "epsilon_prime_20": NaN
}