{
    "f1": 0.0384278585829417,
    "g1": 0.026764271007180797,
    "h1": 0.015255634474093055,
    "t1": 0.006233485053930496,
    "alpha_1": 0.6964809384164222,
    "epsilon_1": 0.0,
    "beta_1": 0.5700000000000001,
    "gamma_1": 0.40860215053763443,
    "epsilon_prime_1": 0.26333333333333336,
    "f2": 0.000741695048004671,
    "g2": 0.00046135096311359947,
    "h2": 0.00028593573166198693,
    "t2": 0.00017656836888745118,
    "alpha_2": 0.6220224394847167,
    "epsilon_2": 0.0,
    "beta_2": 0.6197792017865157,
    "gamma_2": 0.617510682771812,
    "epsilon_prime_2": 0.003701267866095522,
    "f3": 4.606908523723264e-09,
    "g3": 2.859864969394201e-09,
    "h3": 1.7753379215225324e-09,
    "t3": 1.102087543954199e-09,
    "alpha_3": 0.6207774594757707,
    "epsilon_3": 0.0,
    "beta_3": 0.6207768340540212,
    "gamma_3": 0.6207762086268327,
    "epsilon_prime_3": 1.0204338338408958e-06,
    "f4": 1.1012269139688883e-24,
    "g4": 6.836164644843038e-25,
    "h4": 4.2437345526699125e-25,
    "t4": 2.6344132842249e-25,
    "alpha_4": 0.6207771130661062,
    "epsilon_4": 0.0,
    "beta_4": 0.6207771130660577,
    "gamma_4": 0.6207771130660091,
    "epsilon_prime_4": 7.915890165577366e-14,
    "f5": 1.5041051540819245e-71,
    "g5": 9.337140552987873e-72,
    "h5": 5.796283156776028e-72,
    "t5": 3.598199924576963e-72,
    "alpha_5": 0.6207771130660792,
    "epsilon_5": 0.0,
    "beta_5": 0.6207771130660794,
    "gamma_5": 0.6207771130660793,
    "epsilon_prime_5": 1.8114165138620975e-16
}