{
    "f0": 0.226981,
    "g0": 0.145119,
    "h0": 0,
    "t0": 0,
    "f1": 1.4752023516549564,
    "g1": 0.31952434949658787,
    "h1": 0.004926431804616866,
    "t1": 0.0031496859078698,
    "alpha_1": 0.639344262295082,
    "beta_1": 0.0,
    "gamma_1": 9999,
    "epsilon_1": -1.0,
    "epsilon_prime_1": 15639.461538461539,
    "f2": 64.77066034959566,
    "g2": 8.000227198562762,
    "h2": 0.4117527132905215,
    "t2": 0.06955728279431453,
    "alpha_2": 0.21659696321533745,
    "beta_2": 0.015418016850291639,
    "gamma_2": 0.639344262295082,
    "epsilon_2": -0.31466450585302036,
    "epsilon_prime_2": 0.9758846403110824,
    "f3": 2417369.562443964,
    "g3": 214535.94089934404,
    "h3": 18096.794782250377,
    "t3": 1636.7770766529097,
    "alpha_3": 0.12351622100781476,
    "beta_3": 0.05146762748994088,
    "gamma_3": 0.1689297496996378,
    "epsilon_3": -0.1126913898612899,
    "epsilon_prime_3": 0.1837228065331157,
    "f4": 7.978126714554117e+19,
    "g4": 6.931035393360168e+18,
    "h4": 6.021305644790618e+17,
    "t4": 5.231060680586167e+16,
    "alpha_4": 0.08874768021917505,
    "beta_4": 0.08435320770211192,
    "gamma_4": 0.0904456892144396,
    "epsilon_4": -0.006873405731816683,
    "epsilon_prime_4": 0.009529265955179188,
    "f5": 2.7913427621838853e+60,
    "g5": 2.424981534786933e+59,
    "h5": 2.1067048890323083e+58,
    "t5": 1.8302017668199294e+57,
    "alpha_5": 0.08687547392191966,
    "beta_5": 0.08687454764058689,
    "gamma_5": 0.08687585366326425,
    "epsilon_5": -1.4487990076734622e-06,
    "epsilon_prime_5": 2.0427534184449735e-06,
    "f6": 1.1954942755785442e+182,
    "g6": 1.0385867269676907e+181,
    "h6": 9.022731530115071e+179,
    "t6": 7.838506130558821e+178,
    "alpha_6": 0.08687508992588501,
    "beta_6": 0.08687508992588723,
    "gamma_6": 0.08687508992588955,
    "epsilon_6": 3.473005359083823e-15,
    "epsilon_prime_6": 3.62494934354374e-15,
    "f7": Infinity,
    "g7": Infinity,
    "h7": Infinity,
    "t7": Infinity,
    "alpha_7": 0.08687508992588693,
    "beta_7": 0.08687508992588694,
    "gamma_7": 0.08687508992588693,
    "epsilon_7": 2.1706283494273894e-17,
    "epsilon_prime_7": -2.1706283494273894e-17,
    "f8": Infinity,
    "g8": Infinity,
    "h8": Infinity,
    "t8": Infinity,
    "alpha_8": NaN,
    "beta_8": NaN,
    "gamma_8": NaN,
    "epsilon_8": NaN,
    "epsilon_prime_8": NaN,
    "f9": Infinity,
    "g9": Infinity,
    "h9": Infinity,
    "t9": Infinity,
    "alpha_9": NaN,
    "beta_9": NaN,
    "gamma_9": NaN,
    "epsilon_9": NaN,
    "epsilon_prime_9": NaN,
    "f10": Infinity,
    "g10": Infinity,
    "h10": Infinity,
    "t10": Infinity,
    "alpha_10": NaN,
    "beta_10": NaN,
    "gamma_10": NaN,
    "epsilon_10": NaN,
    "epsilon_prime_10": NaN,
    "f11": Infinity,
    "g11": Infinity,
    "h11": Infinity,
    "t11": Infinity,
    "alpha_11": NaN,
    "beta_11": NaN,
    "gamma_11": NaN,
    "epsilon_11": NaN,
    "epsilon_prime_11": NaN,
    "f12": Infinity,
    "g12": Infinity,
    "h12": Infinity,
    "t12": Infinity,
    "alpha_12": NaN,
    "beta_12": NaN,
    "gamma_12": NaN,
    "epsilon_12": NaN,
    "epsilon_prime_12": NaN,
    "f13": Infinity,
    "g13": Infinity,
    "h13": Infinity,
    "t13": Infinity,
    "alpha_13": NaN,
    "beta_13": NaN,
    "gamma_13": NaN,
    "epsilon_13": NaN,
    "epsilon_prime_13": NaN,
    "f14": Infinity,
    "g14": Infinity,
    "h14": Infinity,
    "t14": Infinity,
    "alpha_14": NaN,
    "beta_14": NaN,
    "gamma_14": NaN,
    "epsilon_14": NaN,
    "epsilon_prime_14": NaN,
    "f15": Infinity,
    "g15": Infinity,
    "h15": Infinity,
    "t15": Infinity,
    "alpha_15": NaN,
    "beta_15": NaN,
    "gamma_15": NaN,
    "epsilon_15": NaN,
    "epsilon_prime_15": NaN,
    "f16": Infinity,
    "g16": Infinity,
    "h16": Infinity,
    "t16": Infinity,
    "alpha_16": NaN,
    "beta_16": NaN,
    "gamma_16": NaN,
    "epsilon_16": NaN,
    "epsilon_prime_16": NaN,
    "f17": Infinity,
    "g17": Infinity,
    "h17": Infinity,
    "t17": Infinity,
    "alpha_17": NaN,
    "beta_17": NaN,
    "gamma_17": NaN,
    "epsilon_17": NaN,
    "epsilon_prime_17": NaN,
    "f18": Infinity,
    "g18": Infinity,
    "h18": Infinity,
    "t18": Infinity,
    "alpha_18": NaN,
    "beta_18": NaN,
    "gamma_18": NaN,
    "epsilon_18": NaN,
    "epsilon_prime_18": NaN,
    "f19": Infinity,
    "g19": Infinity,
    "h19": Infinity,
    "t19": Infinity,
    "alpha_19": NaN,
    "beta_19": NaN,
    "gamma_19": NaN,
    "epsilon_19": NaN,
    "epsilon_prime_19": NaN,
    "f20": Infinity,
    "g20": Infinity,
    "h20": Infinity,
    "t20": Infinity,
    "alpha_20": NaN,
    "beta_20": NaN,
    "gamma_20": NaN,
    "epsilon_20": NaN,
    "epsilon_prime_20": NaN
}