{
    "f0": 0.226981,
    "g0": 0.145119,
    "h0": 0,
    "t0": 0,
    "f1": 0.10568693818992966,
    "g1": 0.0357654438814062,
    "h1": 0.010892386027028259,
    "t1": 0.003056137086720159,
    "beta_1": 0.3045505617977528,
    "alpha_1": 0.3384093104971234,
    "epsilon_1": -0.05295855565798993,
    "gamma_1": 0.2805755395683453,
    "epsilon_prime_1": -0.03749939374343225,
    "f2": 0.005497687849287872,
    "g2": 0.0017882669801081437,
    "h2": 0.000581463542240465,
    "t2": 0.00018899533687633617,
    "beta_2": 0.32515477202699433,
    "alpha_2": 0.32527619412582365,
    "epsilon_2": -0.00018991661611764772,
    "gamma_2": 0.3250338553438951,
    "epsilon_prime_2": -0.000189126094078259,
    "f3": 7.471525514511293e-07,
    "g3": 2.4299519771204405e-07,
    "h3": 7.902892880092646e-08,
    "t3": 2.5702448494787432e-08,
    "beta_3": 0.3252283565479261,
    "alpha_3": 0.3252283583052693,
    "epsilon_3": -2.7486650292023578e-09,
    "gamma_3": 0.325228354790583,
    "epsilon_prime_3": -2.74866485555209e-09,
    "f4": 1.8751683730931973e-18,
    "g4": 6.098579302283563e-19,
    "h4": 1.9834309302524154e-19,
    "t4": 6.450679838841988e-20,
    "beta_4": 0.3252283576126879,
    "alpha_4": 0.32522835761268776,
    "epsilon_4": 2.6047540193128674e-16,
    "gamma_4": 0.32522835761268787,
    "epsilon_prime_4": -8.682513397709558e-17,
    "f5": 2.96437557102761e-53,
    "g5": 9.640989983124834e-54,
    "h5": 3.135523337972064e-54,
    "t5": 1.0197611054649072e-54,
    "beta_5": 0.32522835761268776,
    "alpha_5": 0.32522835761268787,
    "epsilon_5": -1.7365026795419115e-16,
    "gamma_5": 0.32522835761268787,
    "epsilon_prime_5": 1.7365026795419115e-16
}