{
    "f1": 0.03412390171351601,
    "g1": 0.024513394120963795,
    "h1": 0.014340335560763822,
    "t1": 0.006112274173440318,
    "alpha_1": 0.7183643396573955,
    "epsilon_1": 0.0,
    "beta_1": 0.5850000000000001,
    "gamma_1": 0.42622950819672134,
    "epsilon_prime_1": 0.2483333333333334,
    "f2": 0.0005470785205091196,
    "g2": 0.0003499646477873417,
    "h2": 0.0002230386537072191,
    "t2": 0.0001416116799025281,
    "alpha_2": 0.6396972914631327,
    "epsilon_2": 0.0,
    "beta_2": 0.6373176694199981,
    "gamma_2": 0.6349199008725209,
    "epsilon_prime_2": 0.0037503559332335646,
    "f3": 1.9374282826155705e-09,
    "g3": 1.2367783219265544e-09,
    "h3": 7.895099672290398e-10,
    "t3": 5.039911305375244e-10,
    "alpha_3": 0.638360827610546,
    "epsilon_3": 0.0,
    "beta_3": 0.638360127463428,
    "gamma_3": 0.6383594273120996,
    "epsilon_prime_3": 1.095108487945937e-06,
    "f4": 8.582357647993753e-26,
    "g4": 5.478637561390726e-26,
    "h4": 3.497345456827357e-26,
    "t4": 2.2325669671210947e-26,
    "alpha_4": 0.6383604349873994,
    "epsilon_4": 0.0,
    "beta_4": 0.6383604349873389,
    "gamma_4": 0.6383604349872787,
    "epsilon_prime_4": 9.41184452311716e-14,
    "f5": 7.460178034771463e-75,
    "g5": 4.762282495359901e-75,
    "h5": 3.040052725270662e-75,
    "t5": 1.9406493800883055e-75,
    "alpha_5": 0.6383604349873655,
    "epsilon_5": 0.0,
    "beta_5": 0.6383604349873654,
    "gamma_5": 0.6383604349873654,
    "epsilon_prime_5": 0.0
}