{
    "f0": 0.226981,
    "g0": 0.145119,
    "h0": 0,
    "t0": 0,
    "f1": 0.10568693818992966,
    "g1": 0.0357654438814062,
    "h1": 0.010892386027028259,
    "t1": 0.003056137086720159,
    "alpha_1": 0.639344262295082,
    "beta_1": 0.0,
    "gamma_1": 9999,
    "epsilon_1": -1.0,
    "epsilon_prime_1": 15639.461538461539,
    "f2": 0.005497687849287872,
    "g2": 0.0017882669801081437,
    "h2": 0.000581463542240465,
    "t2": 0.00018899533687633617,
    "alpha_2": 0.3384093104971234,
    "beta_2": 0.3045505617977528,
    "gamma_2": 0.2805755395683453,
    "epsilon_2": -0.05295855565798993,
    "epsilon_prime_2": -0.03749939374343225,
    "f3": 7.471525514511293e-07,
    "g3": 2.4299519771204405e-07,
    "h3": 7.902892880092646e-08,
    "t3": 2.5702448494787432e-08,
    "alpha_3": 0.32527619412582365,
    "beta_3": 0.32515477202699433,
    "gamma_3": 0.3250338553438951,
    "epsilon_3": -0.00018991661611764772,
    "epsilon_prime_3": -0.000189126094078259,
    "f4": 1.8751683730931973e-18,
    "g4": 6.098579302283563e-19,
    "h4": 1.9834309302524154e-19,
    "t4": 6.450679838841988e-20,
    "alpha_4": 0.3252283583052693,
    "beta_4": 0.3252283565479261,
    "gamma_4": 0.325228354790583,
    "epsilon_4": -2.7486650292023578e-09,
    "epsilon_prime_4": -2.74866485555209e-09,
    "f5": 2.96437557102761e-53,
    "g5": 9.640989983124834e-54,
    "h5": 3.135523337972064e-54,
    "t5": 1.0197611054649072e-54,
    "alpha_5": 0.32522835761268776,
    "beta_5": 0.3252283576126879,
    "gamma_5": 0.32522835761268787,
    "epsilon_5": 2.6047540193128674e-16,
    "epsilon_prime_5": -8.682513397709558e-17,
    "f6": 1.171148844013252e-157,
    "g6": 3.80890815058428e-158,
    "h6": 1.2387649421121055e-158,
    "t6": 4.028814875912964e-159,
    "alpha_6": 0.32522835761268787,
    "beta_6": 0.32522835761268776,
    "gamma_6": 0.32522835761268787,
    "epsilon_6": -1.7365026795419115e-16,
    "epsilon_prime_6": 1.7365026795419115e-16,
    "f7": 0.0,
    "g7": 0.0,
    "h7": 0.0,
    "t7": 0.0,
    "alpha_7": 0.3252283576126879,
    "beta_7": 0.3252283576126878,
    "gamma_7": 0.32522835761268787,
    "epsilon_7": -1.7365026795419115e-16,
    "epsilon_prime_7": 8.682513397709558e-17,
    "f8": 0.0,
    "g8": 0.0,
    "h8": 0.0,
    "t8": 0.0,
    "alpha_8": NaN,
    "beta_8": NaN,
    "gamma_8": NaN,
    "epsilon_8": NaN,
    "epsilon_prime_8": NaN,
    "f9": 0.0,
    "g9": 0.0,
    "h9": 0.0,
    "t9": 0.0,
    "alpha_9": NaN,
    "beta_9": NaN,
    "gamma_9": NaN,
    "epsilon_9": NaN,
    "epsilon_prime_9": NaN,
    "f10": 0.0,
    "g10": 0.0,
    "h10": 0.0,
    "t10": 0.0,
    "alpha_10": NaN,
    "beta_10": NaN,
    "gamma_10": NaN,
    "epsilon_10": NaN,
    "epsilon_prime_10": NaN,
    "f11": 0.0,
    "g11": 0.0,
    "h11": 0.0,
    "t11": 0.0,
    "alpha_11": NaN,
    "beta_11": NaN,
    "gamma_11": NaN,
    "epsilon_11": NaN,
    "epsilon_prime_11": NaN,
    "f12": 0.0,
    "g12": 0.0,
    "h12": 0.0,
    "t12": 0.0,
    "alpha_12": NaN,
    "beta_12": NaN,
    "gamma_12": NaN,
    "epsilon_12": NaN,
    "epsilon_prime_12": NaN,
    "f13": 0.0,
    "g13": 0.0,
    "h13": 0.0,
    "t13": 0.0,
    "alpha_13": NaN,
    "beta_13": NaN,
    "gamma_13": NaN,
    "epsilon_13": NaN,
    "epsilon_prime_13": NaN,
    "f14": 0.0,
    "g14": 0.0,
    "h14": 0.0,
    "t14": 0.0,
    "alpha_14": NaN,
    "beta_14": NaN,
    "gamma_14": NaN,
    "epsilon_14": NaN,
    "epsilon_prime_14": NaN,
    "f15": 0.0,
    "g15": 0.0,
    "h15": 0.0,
    "t15": 0.0,
    "alpha_15": NaN,
    "beta_15": NaN,
    "gamma_15": NaN,
    "epsilon_15": NaN,
    "epsilon_prime_15": NaN,
    "f16": 0.0,
    "g16": 0.0,
    "h16": 0.0,
    "t16": 0.0,
    "alpha_16": NaN,
    "beta_16": NaN,
    "gamma_16": NaN,
    "epsilon_16": NaN,
    "epsilon_prime_16": NaN,
    "f17": 0.0,
    "g17": 0.0,
    "h17": 0.0,
    "t17": 0.0,
    "alpha_17": NaN,
    "beta_17": NaN,
    "gamma_17": NaN,
    "epsilon_17": NaN,
    "epsilon_prime_17": NaN,
    "f18": 0.0,
    "g18": 0.0,
    "h18": 0.0,
    "t18": 0.0,
    "alpha_18": NaN,
    "beta_18": NaN,
    "gamma_18": NaN,
    "epsilon_18": NaN,
    "epsilon_prime_18": NaN,
    "f19": 0.0,
    "g19": 0.0,
    "h19": 0.0,
    "t19": 0.0,
    "alpha_19": NaN,
    "beta_19": NaN,
    "gamma_19": NaN,
    "epsilon_19": NaN,
    "epsilon_prime_19": NaN,
    "f20": 0.0,
    "g20": 0.0,
    "h20": 0.0,
    "t20": 0.0,
    "alpha_20": NaN,
    "beta_20": NaN,
    "gamma_20": NaN,
    "epsilon_20": NaN,
    "epsilon_prime_20": NaN
}