{
    "f0": 0.21599999999999997,
    "g0": 0.144,
    "h0": 0,
    "t0": 0,
    "f1": 0.09667123199999997,
    "g1": 0.033592319999999995,
    "h1": 0.010450943999999997,
    "t1": 0.0029859839999999993,
    "beta_1": 0.31111111111111106,
    "alpha_1": 0.3474903474903476,
    "epsilon_1": -0.05456885456885476,
    "gamma_1": 0.28571428571428575,
    "epsilon_prime_1": -0.03809523809523795,
    "f2": 0.004341251839501095,
    "g2": 0.0014464366493770744,
    "h2": 0.0004817273762645362,
    "t2": 0.0001603693919236548,
    "beta_2": 0.3330442273237462,
    "alpha_2": 0.3331842295385705,
    "epsilon_2": -0.0002100033222364461,
    "gamma_2": 0.33290487488423204,
    "epsilon_prime_2": -0.00020902865927127642,
    "f3": 3.7856125593984094e-07,
    "g3": 1.2610945721742076e-07,
    "h3": 4.201062532964374e-08,
    "t3": 1.3994926844452516e-08,
    "beta_3": 0.333128270128185,
    "alpha_3": 0.3331282724755685,
    "epsilon_3": -3.521075181422972e-09,
    "gamma_3": 0.33312826778080235,
    "epsilon_prime_3": -3.521074015688796e-09,
    "f4": 2.509770995063209e-19,
    "g4": 8.360756735390075e-20,
    "h4": 2.785204440001508e-20,
    "t4": 9.278303409747737e-21,
    "beta_4": 0.3331282715369619,
    "alpha_4": 0.33312827153696184,
    "epsilon_4": 8.326672684688673e-17,
    "gamma_4": 0.3331282715369617,
    "epsilon_prime_4": -3.330669073875469e-16,
    "f5": 7.313544213989609e-56,
    "g5": 2.436348342815507e-56,
    "h5": 8.116165123040712e-57,
    "t5": 2.703724058947126e-57,
    "beta_5": 0.33312827153696184,
    "alpha_5": 0.3331282715369619,
    "epsilon_5": -8.326672684688673e-17,
    "gamma_5": 0.3331282715369619,
    "epsilon_prime_5": 8.326672684688673e-17
}