{
    "f0": 0.21599999999999997,
    "g0": 0.144,
    "h0": 0,
    "t0": 0,
    "f1": 0.09667123199999997,
    "g1": 0.033592319999999995,
    "h1": 0.010450943999999997,
    "t1": 0.0029859839999999993,
    "alpha_1": 0.6666666666666667,
    "beta_1": 0.0,
    "gamma_1": 9999,
    "epsilon_1": -1.0,
    "epsilon_prime_1": 14998.499999999998,
    "f2": 0.004341251839501095,
    "g2": 0.0014464366493770744,
    "h2": 0.0004817273762645362,
    "t2": 0.0001603693919236548,
    "alpha_2": 0.3474903474903476,
    "beta_2": 0.31111111111111106,
    "gamma_2": 0.28571428571428575,
    "epsilon_2": -0.05456885456885476,
    "epsilon_prime_2": -0.03809523809523795,
    "f3": 3.7856125593984094e-07,
    "g3": 1.2610945721742076e-07,
    "h3": 4.201062532964374e-08,
    "t3": 1.3994926844452516e-08,
    "alpha_3": 0.3331842295385705,
    "beta_3": 0.3330442273237462,
    "gamma_3": 0.33290487488423204,
    "epsilon_3": -0.0002100033222364461,
    "epsilon_prime_3": -0.00020902865927127642,
    "f4": 2.509770995063209e-19,
    "g4": 8.360756735390075e-20,
    "h4": 2.785204440001508e-20,
    "t4": 9.278303409747737e-21,
    "alpha_4": 0.3331282724755685,
    "beta_4": 0.333128270128185,
    "gamma_4": 0.33312826778080235,
    "epsilon_4": -3.521075181422972e-09,
    "epsilon_prime_4": -3.521074015688796e-09,
    "f5": 7.313544213989609e-56,
    "g5": 2.436348342815507e-56,
    "h5": 8.116165123040712e-57,
    "t5": 2.703724058947126e-57,
    "alpha_5": 0.33312827153696184,
    "beta_5": 0.3331282715369619,
    "gamma_5": 0.3331282715369617,
    "epsilon_5": 8.326672684688673e-17,
    "epsilon_prime_5": -3.330669073875469e-16,
    "f6": 1.8097112127438892e-165,
    "g6": 6.028659682824307e-166,
    "h6": 2.00831697982383e-166,
    "t6": 6.690271641870441e-167,
    "alpha_6": 0.3331282715369619,
    "beta_6": 0.33312827153696184,
    "gamma_6": 0.3331282715369619,
    "epsilon_6": -8.326672684688673e-17,
    "epsilon_prime_6": 8.326672684688673e-17,
    "f7": 0.0,
    "g7": 0.0,
    "h7": 0.0,
    "t7": 0.0,
    "alpha_7": 0.33312827153696173,
    "beta_7": 0.33312827153696184,
    "gamma_7": 0.3331282715369619,
    "epsilon_7": 1.6653345369377346e-16,
    "epsilon_prime_7": 8.326672684688673e-17,
    "f8": 0.0,
    "g8": 0.0,
    "h8": 0.0,
    "t8": 0.0,
    "alpha_8": NaN,
    "beta_8": NaN,
    "gamma_8": NaN,
    "epsilon_8": NaN,
    "epsilon_prime_8": NaN,
    "f9": 0.0,
    "g9": 0.0,
    "h9": 0.0,
    "t9": 0.0,
    "alpha_9": NaN,
    "beta_9": NaN,
    "gamma_9": NaN,
    "epsilon_9": NaN,
    "epsilon_prime_9": NaN,
    "f10": 0.0,
    "g10": 0.0,
    "h10": 0.0,
    "t10": 0.0,
    "alpha_10": NaN,
    "beta_10": NaN,
    "gamma_10": NaN,
    "epsilon_10": NaN,
    "epsilon_prime_10": NaN,
    "f11": 0.0,
    "g11": 0.0,
    "h11": 0.0,
    "t11": 0.0,
    "alpha_11": NaN,
    "beta_11": NaN,
    "gamma_11": NaN,
    "epsilon_11": NaN,
    "epsilon_prime_11": NaN,
    "f12": 0.0,
    "g12": 0.0,
    "h12": 0.0,
    "t12": 0.0,
    "alpha_12": NaN,
    "beta_12": NaN,
    "gamma_12": NaN,
    "epsilon_12": NaN,
    "epsilon_prime_12": NaN,
    "f13": 0.0,
    "g13": 0.0,
    "h13": 0.0,
    "t13": 0.0,
    "alpha_13": NaN,
    "beta_13": NaN,
    "gamma_13": NaN,
    "epsilon_13": NaN,
    "epsilon_prime_13": NaN,
    "f14": 0.0,
    "g14": 0.0,
    "h14": 0.0,
    "t14": 0.0,
    "alpha_14": NaN,
    "beta_14": NaN,
    "gamma_14": NaN,
    "epsilon_14": NaN,
    "epsilon_prime_14": NaN,
    "f15": 0.0,
    "g15": 0.0,
    "h15": 0.0,
    "t15": 0.0,
    "alpha_15": NaN,
    "beta_15": NaN,
    "gamma_15": NaN,
    "epsilon_15": NaN,
    "epsilon_prime_15": NaN,
    "f16": 0.0,
    "g16": 0.0,
    "h16": 0.0,
    "t16": 0.0,
    "alpha_16": NaN,
    "beta_16": NaN,
    "gamma_16": NaN,
    "epsilon_16": NaN,
    "epsilon_prime_16": NaN,
    "f17": 0.0,
    "g17": 0.0,
    "h17": 0.0,
    "t17": 0.0,
    "alpha_17": NaN,
    "beta_17": NaN,
    "gamma_17": NaN,
    "epsilon_17": NaN,
    "epsilon_prime_17": NaN,
    "f18": 0.0,
    "g18": 0.0,
    "h18": 0.0,
    "t18": 0.0,
    "alpha_18": NaN,
    "beta_18": NaN,
    "gamma_18": NaN,
    "epsilon_18": NaN,
    "epsilon_prime_18": NaN,
    "f19": 0.0,
    "g19": 0.0,
    "h19": 0.0,
    "t19": 0.0,
    "alpha_19": NaN,
    "beta_19": NaN,
    "gamma_19": NaN,
    "epsilon_19": NaN,
    "epsilon_prime_19": NaN,
    "f20": 0.0,
    "g20": 0.0,
    "h20": 0.0,
    "t20": 0.0,
    "alpha_20": NaN,
    "beta_20": NaN,
    "gamma_20": NaN,
    "epsilon_20": NaN,
    "epsilon_prime_20": NaN
}