{
    "f1": 0.03023308799999999,
    "g1": 0.022394879999999995,
    "h1": 0.013436927999999999,
    "t1": 0.005971968,
    "alpha_1": 0.7407407407407408,
    "epsilon_1": 0.0,
    "beta_1": 0.6000000000000001,
    "gamma_1": 0.4444444444444445,
    "epsilon_prime_1": 0.2333333333333334,
    "f2": 0.00040081371055805117,
    "g2": 0.00026358035924637036,
    "h2": 0.00017266895590984128,
    "t2": 0.00011267660227802654,
    "alpha_2": 0.6576131312459061,
    "epsilon_2": 0.0,
    "beta_2": 0.6550903732111786,
    "gamma_2": 0.6525585429314832,
    "epsilon_prime_2": 0.0037977454195430855,
    "f3": 7.983707163034921e-10,
    "g3": 5.23874861747896e-10,
    "h3": 3.4375577403097757e-10,
    "t3": 2.2556511089554165e-10,
    "alpha_3": 0.6561799563158709,
    "epsilon_3": 0.0,
    "beta_3": 0.6561791739425034,
    "gamma_3": 0.6561783915670747,
    "epsilon_prime_3": 1.1735631429976576e-06,
    "f4": 6.2918732779385376e-27,
    "g4": 4.128598338886279e-27,
    "h4": 2.7091016444370135e-27,
    "t4": 1.7776569957808735e-27,
    "alpha_4": 0.656179512286517,
    "epsilon_4": 0.0,
    "beta_4": 0.6561795122864421,
    "gamma_4": 0.6561795122863667,
    "epsilon_prime_4": 1.1307621505807218e-13,
    "f5": 3.0796807346523766e-78,
    "g5": 2.0208234024622474e-78,
    "h5": 1.326022914644772e-78,
    "t5": 8.701090694122956e-79,
    "alpha_5": 0.6561795122864743,
    "epsilon_5": 0.0,
    "beta_5": 0.6561795122864748,
    "gamma_5": 0.6561795122864743,
    "epsilon_prime_5": 6.661338147750938e-16
}