{
    "f0": 0.21599999999999997,
    "g0": 0.144,
    "h0": 0,
    "t0": 0,
    "f1": 1.3813613824192332,
    "g1": 0.31158527422990223,
    "h1": 0.004616078136739293,
    "t1": 0.0030773854244928616,
    "alpha_1": 0.6666666666666667,
    "beta_1": 0.0,
    "gamma_1": 9999,
    "epsilon_1": -1.0,
    "epsilon_prime_1": 14998.499999999998,
    "f2": 57.445209897684144,
    "g2": 7.3222140199131935,
    "h2": 0.36679649076241044,
    "t2": 0.06433942150591207,
    "alpha_2": 0.22556390977443608,
    "beta_2": 0.014814814814814815,
    "gamma_2": 0.6666666666666666,
    "epsilon_2": -0.31612364243943186,
    "epsilon_prime_2": 0.9777777777777775,
    "f3": 1783383.6706321805,
    "g3": 159842.6429075447,
    "h3": 13483.518746629106,
    "t3": 1234.781367363776,
    "alpha_3": 0.12746430960831745,
    "beta_3": 0.05009365879840247,
    "gamma_3": 0.17540904323315193,
    "epsilon_3": -0.11605597621487246,
    "epsilon_prime_3": 0.18797307665212415,
    "f4": 3.2683353101571478e+19,
    "g4": 2.8551859275589883e+18,
    "h4": 2.4942176676321558e+17,
    "t4": 2.178939240767487e+16,
    "alpha_4": 0.08962885863527228,
    "beta_4": 0.08435495373051463,
    "gamma_4": 0.09157708685445873,
    "epsilon_4": -0.007910857357136479,
    "epsilon_prime_4": 0.010833199685916143,
    "f5": 1.9466749143393685e+59,
    "g5": 1.7005833904859725e+58,
    "h5": 1.4856018571433327e+57,
    "t5": 1.2977975030775362e+56,
    "alpha_5": 0.08735902704614801,
    "beta_5": 0.08735745170068702,
    "gamma_5": 0.08735962658928749,
    "epsilon_5": -2.363018191474386e-06,
    "epsilon_prime_5": 3.2623329006969955e-06,
    "f6": 4.1132942031995966e+178,
    "g6": 3.593306591983083e+177,
    "h6": 3.139053913027999e+176,
    "t6": 2.7422261965846688e+175,
    "alpha_6": 0.08735836569112462,
    "beta_6": 0.0873583656911288,
    "gamma_6": 0.08735836569113302,
    "epsilon_6": 6.2658211952282264e-15,
    "epsilon_prime_6": 6.3282712403633915e-15,
    "f7": Infinity,
    "g7": Infinity,
    "h7": Infinity,
    "t7": Infinity,
    "alpha_7": 0.08735836569112823,
    "beta_7": 0.08735836569112823,
    "gamma_7": 0.0873583656911282,
    "epsilon_7": 0.0,
    "epsilon_prime_7": -4.1633363423443364e-17,
    "f8": Infinity,
    "g8": Infinity,
    "h8": Infinity,
    "t8": Infinity,
    "alpha_8": NaN,
    "beta_8": NaN,
    "gamma_8": NaN,
    "epsilon_8": NaN,
    "epsilon_prime_8": NaN,
    "f9": Infinity,
    "g9": Infinity,
    "h9": Infinity,
    "t9": Infinity,
    "alpha_9": NaN,
    "beta_9": NaN,
    "gamma_9": NaN,
    "epsilon_9": NaN,
    "epsilon_prime_9": NaN,
    "f10": Infinity,
    "g10": Infinity,
    "h10": Infinity,
    "t10": Infinity,
    "alpha_10": NaN,
    "beta_10": NaN,
    "gamma_10": NaN,
    "epsilon_10": NaN,
    "epsilon_prime_10": NaN,
    "f11": Infinity,
    "g11": Infinity,
    "h11": Infinity,
    "t11": Infinity,
    "alpha_11": NaN,
    "beta_11": NaN,
    "gamma_11": NaN,
    "epsilon_11": NaN,
    "epsilon_prime_11": NaN,
    "f12": Infinity,
    "g12": Infinity,
    "h12": Infinity,
    "t12": Infinity,
    "alpha_12": NaN,
    "beta_12": NaN,
    "gamma_12": NaN,
    "epsilon_12": NaN,
    "epsilon_prime_12": NaN,
    "f13": Infinity,
    "g13": Infinity,
    "h13": Infinity,
    "t13": Infinity,
    "alpha_13": NaN,
    "beta_13": NaN,
    "gamma_13": NaN,
    "epsilon_13": NaN,
    "epsilon_prime_13": NaN,
    "f14": Infinity,
    "g14": Infinity,
    "h14": Infinity,
    "t14": Infinity,
    "alpha_14": NaN,
    "beta_14": NaN,
    "gamma_14": NaN,
    "epsilon_14": NaN,
    "epsilon_prime_14": NaN,
    "f15": Infinity,
    "g15": Infinity,
    "h15": Infinity,
    "t15": Infinity,
    "alpha_15": NaN,
    "beta_15": NaN,
    "gamma_15": NaN,
    "epsilon_15": NaN,
    "epsilon_prime_15": NaN,
    "f16": Infinity,
    "g16": Infinity,
    "h16": Infinity,
    "t16": Infinity,
    "alpha_16": NaN,
    "beta_16": NaN,
    "gamma_16": NaN,
    "epsilon_16": NaN,
    "epsilon_prime_16": NaN,
    "f17": Infinity,
    "g17": Infinity,
    "h17": Infinity,
    "t17": Infinity,
    "alpha_17": NaN,
    "beta_17": NaN,
    "gamma_17": NaN,
    "epsilon_17": NaN,
    "epsilon_prime_17": NaN,
    "f18": Infinity,
    "g18": Infinity,
    "h18": Infinity,
    "t18": Infinity,
    "alpha_18": NaN,
    "beta_18": NaN,
    "gamma_18": NaN,
    "epsilon_18": NaN,
    "epsilon_prime_18": NaN,
    "f19": Infinity,
    "g19": Infinity,
    "h19": Infinity,
    "t19": Infinity,
    "alpha_19": NaN,
    "beta_19": NaN,
    "gamma_19": NaN,
    "epsilon_19": NaN,
    "epsilon_prime_19": NaN,
    "f20": Infinity,
    "g20": Infinity,
    "h20": Infinity,
    "t20": Infinity,
    "alpha_20": NaN,
    "beta_20": NaN,
    "gamma_20": NaN,
    "epsilon_20": NaN,
    "epsilon_prime_20": NaN
}