{
    "f1": 0.02672313964398645,
    "g1": 0.02040694217551582,
    "h1": 0.012550269437942229,
    "t1": 0.005814249118142725,
    "alpha_1": 0.7636431365244924,
    "epsilon_1": 0.0,
    "beta_1": 0.6149999999999999,
    "gamma_1": 0.46327683615819193,
    "epsilon_prime_1": 0.21833333333333346,
    "f2": 0.00029162943183901177,
    "g2": 0.0001970785927190161,
    "h2": 0.00013265582104552342,
    "t2": 8.89378268013986e-05,
    "alpha_2": 0.6757843043352683,
    "epsilon_2": 0.0,
    "beta_2": 0.6731112659945612,
    "gamma_2": 0.6704404382743058,
    "epsilon_prime_2": 0.0038433862315870367,
    "f3": 3.222116263616584e-10,
    "g3": 2.1725083327533855e-10,
    "h3": 1.4648094482798858e-10,
    "t3": 9.876435961088862e-11,
    "alpha_3": 0.6742488957598655,
    "epsilon_3": 0.0,
    "beta_3": 0.6742480229861402,
    "gamma_3": 0.6742471502137485,
    "epsilon_prime_3": 1.2559407587752234e-06,
    "f4": 4.333052493313966e-28,
    "g4": 2.921553687407976e-28,
    "h4": 1.9698528835218283e-28,
    "t4": 1.3281701443458238e-28,
    "alpha_4": 0.6742483946169643,
    "epsilon_4": 0.0,
    "beta_4": 0.6742483946168712,
    "gamma_4": 0.6742483946167781,
    "epsilon_prime_4": 1.3404182912675583e-13,
    "f5": 1.0537843960588504e-81,
    "g5": 7.105124373150308e-82,
    "h5": 4.79061870215008e-82,
    "t5": 3.23006696914644e-82,
    "alpha_5": 0.6742483946169108,
    "epsilon_5": 0.0,
    "beta_5": 0.6742483946169109,
    "gamma_5": 0.6742483946169108,
    "epsilon_prime_5": 1.5976380110459574e-16
}