{
    "f0": 0.20537899999999998,
    "g0": 0.142721,
    "h0": 0,
    "t0": 0,
    "f1": 0.08824834090128726,
    "g1": 0.03147511420291419,
    "h1": 0.009997672264123458,
    "t1": 0.00290712455907136,
    "alpha_1": 0.6949152542372882,
    "beta_1": 0.0,
    "gamma_1": 9999,
    "epsilon_1": -0.9999999999999999,
    "epsilon_prime_1": 14388.804878048777,
    "f2": 0.0034073796429895903,
    "g2": 0.0011622978747317363,
    "h2": 0.0003962867182159683,
    "t2": 0.00013505096914662138,
    "alpha_2": 0.35666522318104077,
    "beta_2": 0.31763736263736264,
    "gamma_2": 0.2907801418439716,
    "epsilon_2": -0.05616204322139046,
    "epsilon_prime_2": -0.03864819577585538,
    "f3": 1.883162029554423e-07,
    "g3": 6.422462732315293e-08,
    "h3": 2.1903599650067668e-08,
    "t3": 7.470151143708677e-09,
    "alpha_3": 0.34111193835505554,
    "beta_3": 0.34095108218917897,
    "gamma_3": 0.34079105591679537,
    "epsilon_3": -0.00023147594601751357,
    "epsilon_prime_3": -0.00023028170903980805,
    "f4": 3.178435847279381e-20,
    "g4": 1.0839951836485704e-20,
    "h4": 3.696930234344957e-21,
    "t4": 1.2608260040060093e-21,
    "alpha_4": 0.34104674114711836,
    "beta_4": 0.3410467380348883,
    "gamma_4": 0.34104673492265913,
    "epsilon_4": -4.478575000015252e-09,
    "epsilon_prime_4": -4.478573642022943e-09,
    "f5": 1.5282370792417842e-58,
    "g5": 5.212002736469387e-59,
    "h5": 1.7775365415451075e-59,
    "t5": 6.062230425205957e-60,
    "alpha_5": 0.3410467398851006,
    "beta_5": 0.3410467398851005,
    "gamma_5": 0.34104673988510076,
    "epsilon_5": -1.5976380110459567e-16,
    "epsilon_prime_5": 3.9940950276148915e-16,
    "f6": 1.69872305134116e-173,
    "g6": 5.793439586275731e-174,
    "h6": 1.9758336836206244e-174,
    "t6": 6.738516363539832e-175,
    "alpha_6": 0.34104673988510065,
    "beta_6": 0.3410467398851006,
    "gamma_6": 0.34104673988510065,
    "epsilon_6": -7.988190055229783e-17,
    "epsilon_prime_6": 7.988190055229783e-17,
    "f7": 0.0,
    "g7": 0.0,
    "h7": 0.0,
    "t7": 0.0,
    "alpha_7": 0.34104673988510065,
    "beta_7": 0.34104673988510065,
    "gamma_7": 0.3410467398851006,
    "epsilon_7": 0.0,
    "epsilon_prime_7": -7.988190055229783e-17,
    "f8": 0.0,
    "g8": 0.0,
    "h8": 0.0,
    "t8": 0.0,
    "alpha_8": NaN,
    "beta_8": NaN,
    "gamma_8": NaN,
    "epsilon_8": NaN,
    "epsilon_prime_8": NaN,
    "f9": 0.0,
    "g9": 0.0,
    "h9": 0.0,
    "t9": 0.0,
    "alpha_9": NaN,
    "beta_9": NaN,
    "gamma_9": NaN,
    "epsilon_9": NaN,
    "epsilon_prime_9": NaN,
    "f10": 0.0,
    "g10": 0.0,
    "h10": 0.0,
    "t10": 0.0,
    "alpha_10": NaN,
    "beta_10": NaN,
    "gamma_10": NaN,
    "epsilon_10": NaN,
    "epsilon_prime_10": NaN,
    "f11": 0.0,
    "g11": 0.0,
    "h11": 0.0,
    "t11": 0.0,
    "alpha_11": NaN,
    "beta_11": NaN,
    "gamma_11": NaN,
    "epsilon_11": NaN,
    "epsilon_prime_11": NaN,
    "f12": 0.0,
    "g12": 0.0,
    "h12": 0.0,
    "t12": 0.0,
    "alpha_12": NaN,
    "beta_12": NaN,
    "gamma_12": NaN,
    "epsilon_12": NaN,
    "epsilon_prime_12": NaN,
    "f13": 0.0,
    "g13": 0.0,
    "h13": 0.0,
    "t13": 0.0,
    "alpha_13": NaN,
    "beta_13": NaN,
    "gamma_13": NaN,
    "epsilon_13": NaN,
    "epsilon_prime_13": NaN,
    "f14": 0.0,
    "g14": 0.0,
    "h14": 0.0,
    "t14": 0.0,
    "alpha_14": NaN,
    "beta_14": NaN,
    "gamma_14": NaN,
    "epsilon_14": NaN,
    "epsilon_prime_14": NaN,
    "f15": 0.0,
    "g15": 0.0,
    "h15": 0.0,
    "t15": 0.0,
    "alpha_15": NaN,
    "beta_15": NaN,
    "gamma_15": NaN,
    "epsilon_15": NaN,
    "epsilon_prime_15": NaN,
    "f16": 0.0,
    "g16": 0.0,
    "h16": 0.0,
    "t16": 0.0,
    "alpha_16": NaN,
    "beta_16": NaN,
    "gamma_16": NaN,
    "epsilon_16": NaN,
    "epsilon_prime_16": NaN,
    "f17": 0.0,
    "g17": 0.0,
    "h17": 0.0,
    "t17": 0.0,
    "alpha_17": NaN,
    "beta_17": NaN,
    "gamma_17": NaN,
    "epsilon_17": NaN,
    "epsilon_prime_17": NaN,
    "f18": 0.0,
    "g18": 0.0,
    "h18": 0.0,
    "t18": 0.0,
    "alpha_18": NaN,
    "beta_18": NaN,
    "gamma_18": NaN,
    "epsilon_18": NaN,
    "epsilon_prime_18": NaN,
    "f19": 0.0,
    "g19": 0.0,
    "h19": 0.0,
    "t19": 0.0,
    "alpha_19": NaN,
    "beta_19": NaN,
    "gamma_19": NaN,
    "epsilon_19": NaN,
    "epsilon_prime_19": NaN,
    "f20": 0.0,
    "g20": 0.0,
    "h20": 0.0,
    "t20": 0.0,
    "alpha_20": NaN,
    "beta_20": NaN,
    "gamma_20": NaN,
    "epsilon_20": NaN,
    "epsilon_prime_20": NaN
}