{
    "f0": 0.2053790000000001,
    "g0": 0.14272100000000001,
    "h0": 0,
    "t0": 0,
    "f1": 0.08824834090128734,
    "g1": 0.03147511420291422,
    "h1": 0.009997672264123465,
    "t1": 0.0029071245590713618,
    "beta_1": 0.3176373626373626,
    "alpha_1": 0.35666522318104077,
    "epsilon_1": -0.056162043221390574,
    "gamma_1": 0.2907801418439716,
    "epsilon_prime_1": -0.03864819577585532,
    "f2": 0.0034073796429896,
    "g2": 0.001162297874731739,
    "h2": 0.0003962867182159692,
    "t2": 0.00013505096914662168,
    "beta_2": 0.340951082189179,
    "alpha_2": 0.3411119383550554,
    "epsilon_2": -0.00023147594601719414,
    "gamma_2": 0.3407910559167953,
    "epsilon_prime_2": -0.00023028170903996792,
    "f3": 1.8831620295544376e-07,
    "g3": 6.42246273231534e-08,
    "h3": 2.1903599650067817e-08,
    "t3": 7.470151143708727e-09,
    "beta_3": 0.34104673803488816,
    "alpha_3": 0.34104674114711814,
    "epsilon_3": -4.478574840251453e-09,
    "gamma_3": 0.3410467349226591,
    "epsilon_prime_3": -4.478573562141044e-09,
    "f4": 3.178435847279452e-20,
    "g4": 1.083995183648594e-20,
    "h4": 3.6969302343450386e-21,
    "t4": 1.2608260040060358e-21,
    "beta_4": 0.3410467398851006,
    "alpha_4": 0.3410467398851004,
    "epsilon_4": 2.396457016568936e-16,
    "gamma_4": 0.3410467398851004,
    "epsilon_prime_4": -2.396457016568936e-16,
    "f5": 1.5282370792418862e-58,
    "g5": 5.21200273646973e-59,
    "h5": 1.7775365415452249e-59,
    "t5": 6.062230425206352e-60,
    "beta_5": 0.34104673988510065,
    "alpha_5": 0.3410467398851003,
    "epsilon_5": 4.792914033137872e-16,
    "gamma_5": 0.34104673988510037,
    "epsilon_prime_5": -3.9940950276148935e-16
}