{
    "f0": 0.20537899999999998,
    "g0": 0.142721,
    "h0": 0,
    "t0": 0,
    "f1": 1.2894372458128207,
    "g1": 0.30281941884907826,
    "h1": 0.00431147836489653,
    "t1": 0.002996112084080639,
    "alpha_1": 0.6949152542372882,
    "beta_1": 0.0,
    "gamma_1": 9999,
    "epsilon_1": -0.9999999999999999,
    "epsilon_prime_1": 14388.804878048777,
    "f2": 50.46277703866612,
    "g2": 6.640238296856921,
    "h2": 0.3235205196764224,
    "t2": 0.05892428939537754,
    "alpha_2": 0.2348461856770629,
    "beta_2": 0.014237786933490293,
    "gamma_2": 0.6949152542372881,
    "epsilon_2": -0.3174608664846532,
    "epsilon_prime_2": 0.9795114773396112,
    "f3": 1279634.343102472,
    "g3": 115873.22997492708,
    "h3": 9765.537455348145,
    "t3": 905.9618464828844,
    "alpha_3": 0.1315868584039473,
    "beta_3": 0.04872122131965611,
    "gamma_3": 0.1821346276715685,
    "epsilon_3": -0.1192456728773946,
    "epsilon_prime_3": 0.19198514572592265,
    "f4": 1.2323062862925249e+19,
    "g4": 1.0822665721228887e+18,
    "h4": 9.504667415204467e+16,
    "t4": 8347512906354693.0,
    "alpha_4": 0.09055182880915229,
    "beta_4": 0.08427777026204616,
    "gamma_4": 0.09277132473509996,
    "epsilon_4": -0.009028523275103931,
    "epsilon_prime_4": 0.012222432046589599,
    "f5": 1.057898472079031e+58,
    "g5": 9.290821096012619e+56,
    "h5": 8.159512364970306e+55,
    "t5": 7.165958890617618e+54,
    "alpha_5": 0.08782447871616068,
    "beta_5": 0.08782186995354445,
    "gamma_5": 0.08782540768340097,
    "epsilon_5": -3.754073033118969e-06,
    "epsilon_prime_5": 5.090879549626836e-06,
    "f6": 6.692879477122032e+174,
    "g6": 5.877912434916019e+173,
    "h6": 5.1621808984668824e+172,
    "t6": 4.533601329308859e+171,
    "alpha_6": 0.08782337191350571,
    "beta_6": 0.0878233719135132,
    "gamma_6": 0.08782337191352117,
    "epsilon_6": 1.0784056574560207e-14,
    "epsilon_prime_6": 1.146305272925474e-14,
    "f7": Infinity,
    "g7": Infinity,
    "h7": Infinity,
    "t7": Infinity,
    "alpha_7": 0.08782337191351228,
    "beta_7": 0.08782337191351232,
    "gamma_7": 0.08782337191351226,
    "epsilon_7": 5.991142541422338e-17,
    "epsilon_prime_7": -7.988190055229783e-17,
    "f8": Infinity,
    "g8": Infinity,
    "h8": Infinity,
    "t8": Infinity,
    "alpha_8": NaN,
    "beta_8": NaN,
    "gamma_8": NaN,
    "epsilon_8": NaN,
    "epsilon_prime_8": NaN,
    "f9": Infinity,
    "g9": Infinity,
    "h9": Infinity,
    "t9": Infinity,
    "alpha_9": NaN,
    "beta_9": NaN,
    "gamma_9": NaN,
    "epsilon_9": NaN,
    "epsilon_prime_9": NaN,
    "f10": Infinity,
    "g10": Infinity,
    "h10": Infinity,
    "t10": Infinity,
    "alpha_10": NaN,
    "beta_10": NaN,
    "gamma_10": NaN,
    "epsilon_10": NaN,
    "epsilon_prime_10": NaN,
    "f11": Infinity,
    "g11": Infinity,
    "h11": Infinity,
    "t11": Infinity,
    "alpha_11": NaN,
    "beta_11": NaN,
    "gamma_11": NaN,
    "epsilon_11": NaN,
    "epsilon_prime_11": NaN,
    "f12": Infinity,
    "g12": Infinity,
    "h12": Infinity,
    "t12": Infinity,
    "alpha_12": NaN,
    "beta_12": NaN,
    "gamma_12": NaN,
    "epsilon_12": NaN,
    "epsilon_prime_12": NaN,
    "f13": Infinity,
    "g13": Infinity,
    "h13": Infinity,
    "t13": Infinity,
    "alpha_13": NaN,
    "beta_13": NaN,
    "gamma_13": NaN,
    "epsilon_13": NaN,
    "epsilon_prime_13": NaN,
    "f14": Infinity,
    "g14": Infinity,
    "h14": Infinity,
    "t14": Infinity,
    "alpha_14": NaN,
    "beta_14": NaN,
    "gamma_14": NaN,
    "epsilon_14": NaN,
    "epsilon_prime_14": NaN,
    "f15": Infinity,
    "g15": Infinity,
    "h15": Infinity,
    "t15": Infinity,
    "alpha_15": NaN,
    "beta_15": NaN,
    "gamma_15": NaN,
    "epsilon_15": NaN,
    "epsilon_prime_15": NaN,
    "f16": Infinity,
    "g16": Infinity,
    "h16": Infinity,
    "t16": Infinity,
    "alpha_16": NaN,
    "beta_16": NaN,
    "gamma_16": NaN,
    "epsilon_16": NaN,
    "epsilon_prime_16": NaN,
    "f17": Infinity,
    "g17": Infinity,
    "h17": Infinity,
    "t17": Infinity,
    "alpha_17": NaN,
    "beta_17": NaN,
    "gamma_17": NaN,
    "epsilon_17": NaN,
    "epsilon_prime_17": NaN,
    "f18": Infinity,
    "g18": Infinity,
    "h18": Infinity,
    "t18": Infinity,
    "alpha_18": NaN,
    "beta_18": NaN,
    "gamma_18": NaN,
    "epsilon_18": NaN,
    "epsilon_prime_18": NaN,
    "f19": Infinity,
    "g19": Infinity,
    "h19": Infinity,
    "t19": Infinity,
    "alpha_19": NaN,
    "beta_19": NaN,
    "gamma_19": NaN,
    "epsilon_19": NaN,
    "epsilon_prime_19": NaN,
    "f20": Infinity,
    "g20": Infinity,
    "h20": Infinity,
    "t20": Infinity,
    "alpha_20": NaN,
    "beta_20": NaN,
    "gamma_20": NaN,
    "epsilon_20": NaN,
    "epsilon_prime_20": NaN
}