{
    "f0": 0.19511199999999995,
    "g0": 0.141288,
    "h0": 0,
    "t0": 0,
    "f1": 1.199844818961452,
    "g1": 0.2933132420614099,
    "h1": 0.004014107065514575,
    "t1": 0.002906767185372624,
    "alpha_1": 0.7241379310344829,
    "beta_1": 0.0,
    "gamma_1": 9999,
    "epsilon_1": -1.0,
    "epsilon_prime_1": 13808.142857142855,
    "f2": 43.9063843289147,
    "g2": 5.966493799789883,
    "h2": 0.2825385217028636,
    "t2": 0.05343302500742994,
    "alpha_2": 0.24445931459310935,
    "beta_2": 0.013685393258426963,
    "gamma_2": 0.724137931034483,
    "epsilon_2": -0.31868779612884707,
    "epsilon_prime_2": 0.9811011235955057,
    "f3": 893006.170138004,
    "g3": 81730.57565683937,
    "h3": 6875.149270655773,
    "t3": 646.504487663146,
    "alpha_3": 0.13589125797955148,
    "beta_3": 0.04735419681703407,
    "gamma_3": 0.18911766326725418,
    "epsilon_3": -0.12226546541490498,
    "epsilon_prime_3": 0.19576859652649442,
    "f4": 4.2764702979761193e+18,
    "g4": 3.7749650768623066e+17,
    "h4": 3.332112636384059e+16,
    "t4": 2941400093610346.5,
    "alpha_4": 0.09152296858621799,
    "beta_4": 0.08411967266108993,
    "gamma_4": 0.09403497469102667,
    "epsilon_4": -0.010223599134700655,
    "epsilon_prime_4": 0.013692559946103126,
    "f5": 4.480254198259025e+56,
    "g5": 3.954770200031224e+55,
    "h5": 3.4909196315546034e+54,
    "t5": 3.0814735768665386e+53,
    "alpha_5": 0.08827291700468129,
    "beta_5": 0.08826870099560392,
    "gamma_5": 0.08827432966978853,
    "epsilon_5": -5.82210777350431e-06,
    "epsilon_prime_5": 7.772931016834859e-06,
    "f6": 5.151608354255757e+170,
    "g6": 4.547381978808745e+169,
    "h6": 4.014024638365962e+168,
    "t6": 3.543224183166131e+167,
    "alpha_6": 0.08827111197324476,
    "beta_6": 0.08827111197325806,
    "gamma_6": 0.08827111197327316,
    "epsilon_6": 1.8359652422700056e-14,
    "epsilon_prime_6": 2.0851045757721983e-14,
    "f7": Infinity,
    "g7": Infinity,
    "h7": Infinity,
    "t7": Infinity,
    "alpha_7": 0.08827111197325668,
    "beta_7": 0.08827111197325667,
    "gamma_7": 0.0882711119732567,
    "epsilon_7": -1.9164564115553294e-17,
    "epsilon_prime_7": 3.832912823110659e-17,
    "f8": Infinity,
    "g8": Infinity,
    "h8": Infinity,
    "t8": Infinity,
    "alpha_8": NaN,
    "beta_8": NaN,
    "gamma_8": NaN,
    "epsilon_8": NaN,
    "epsilon_prime_8": NaN,
    "f9": Infinity,
    "g9": Infinity,
    "h9": Infinity,
    "t9": Infinity,
    "alpha_9": NaN,
    "beta_9": NaN,
    "gamma_9": NaN,
    "epsilon_9": NaN,
    "epsilon_prime_9": NaN,
    "f10": Infinity,
    "g10": Infinity,
    "h10": Infinity,
    "t10": Infinity,
    "alpha_10": NaN,
    "beta_10": NaN,
    "gamma_10": NaN,
    "epsilon_10": NaN,
    "epsilon_prime_10": NaN,
    "f11": Infinity,
    "g11": Infinity,
    "h11": Infinity,
    "t11": Infinity,
    "alpha_11": NaN,
    "beta_11": NaN,
    "gamma_11": NaN,
    "epsilon_11": NaN,
    "epsilon_prime_11": NaN,
    "f12": Infinity,
    "g12": Infinity,
    "h12": Infinity,
    "t12": Infinity,
    "alpha_12": NaN,
    "beta_12": NaN,
    "gamma_12": NaN,
    "epsilon_12": NaN,
    "epsilon_prime_12": NaN,
    "f13": Infinity,
    "g13": Infinity,
    "h13": Infinity,
    "t13": Infinity,
    "alpha_13": NaN,
    "beta_13": NaN,
    "gamma_13": NaN,
    "epsilon_13": NaN,
    "epsilon_prime_13": NaN,
    "f14": Infinity,
    "g14": Infinity,
    "h14": Infinity,
    "t14": Infinity,
    "alpha_14": NaN,
    "beta_14": NaN,
    "gamma_14": NaN,
    "epsilon_14": NaN,
    "epsilon_prime_14": NaN,
    "f15": Infinity,
    "g15": Infinity,
    "h15": Infinity,
    "t15": Infinity,
    "alpha_15": NaN,
    "beta_15": NaN,
    "gamma_15": NaN,
    "epsilon_15": NaN,
    "epsilon_prime_15": NaN,
    "f16": Infinity,
    "g16": Infinity,
    "h16": Infinity,
    "t16": Infinity,
    "alpha_16": NaN,
    "beta_16": NaN,
    "gamma_16": NaN,
    "epsilon_16": NaN,
    "epsilon_prime_16": NaN,
    "f17": Infinity,
    "g17": Infinity,
    "h17": Infinity,
    "t17": Infinity,
    "alpha_17": NaN,
    "beta_17": NaN,
    "gamma_17": NaN,
    "epsilon_17": NaN,
    "epsilon_prime_17": NaN,
    "f18": Infinity,
    "g18": Infinity,
    "h18": Infinity,
    "t18": Infinity,
    "alpha_18": NaN,
    "beta_18": NaN,
    "gamma_18": NaN,
    "epsilon_18": NaN,
    "epsilon_prime_18": NaN,
    "f19": Infinity,
    "g19": Infinity,
    "h19": Infinity,
    "t19": Infinity,
    "alpha_19": NaN,
    "beta_19": NaN,
    "gamma_19": NaN,
    "epsilon_19": NaN,
    "epsilon_prime_19": NaN,
    "f20": Infinity,
    "g20": Infinity,
    "h20": Infinity,
    "t20": Infinity,
    "alpha_20": NaN,
    "beta_20": NaN,
    "gamma_20": NaN,
    "epsilon_20": NaN,
    "epsilon_prime_20": NaN
}