{
    "f0": 0.19511200000000006,
    "g0": 0.14128800000000002,
    "h0": 0,
    "t0": 0,
    "f1": 0.08039437856304031,
    "g1": 0.02941948559800322,
    "h1": 0.009535750657961478,
    "t1": 0.0028204332931998735,
    "alpha_1": 0.7241379310344827,
    "beta_1": 0.0,
    "gamma_1": 9999,
    "epsilon_1": -1.0,
    "epsilon_prime_1": 13808.142857142859,
    "f2": 0.002657862941311305,
    "g2": 0.0009277582712433891,
    "h2": 0.0003236740260555403,
    "t2": 0.0001128633190206114,
    "alpha_2": 0.3659395858745804,
    "beta_2": 0.32413043478260867,
    "gamma_2": 0.29577464788732394,
    "epsilon_2": -0.057736446746056234,
    "epsilon_prime_2": -0.039157991426821775,
    "f3": 9.193407259967608e-08,
    "g3": 3.20837102375948e-08,
    "h3": 1.1196767655523999e-08,
    "t3": 3.907515793263928e-09,
    "alpha_3": 0.3490617431106747,
    "beta_3": 0.3488775428773594,
    "gamma_3": 0.34869439601324326,
    "epsilon_3": -0.00025437175076879564,
    "epsilon_prime_3": -0.0002529170980651387,
    "f4": 3.8038306225907655e-21,
    "g4": 1.3274838745644859e-21,
    "h4": 4.632733715226541e-22,
    "t4": 1.6167595017482167e-22,
    "alpha_4": 0.34898606501750734,
    "beta_4": 0.3489860609202217,
    "gamma_4": 0.3489860568229376,
    "epsilon_4": -5.658156334998835e-09,
    "epsilon_prime_4": -5.658154265225911e-09,
    "f5": 2.6943572636902912e-61,
    "g5": 9.402931346686713e-62,
    "h5": 3.281491994473182e-62,
    "t5": 1.1451949730108307e-62,
    "alpha_5": 0.3489860633332682,
    "beta_5": 0.3489860633332683,
    "gamma_5": 0.3489860633332682,
    "epsilon_5": 1.533165129244264e-16,
    "epsilon_prime_5": -1.533165129244264e-16,
    "f6": 9.575406375169178e-182,
    "g6": 3.341683375686572e-182,
    "h6": 1.1662009261870831e-182,
    "t6": 4.069878702856416e-183,
    "alpha_6": 0.34898606333326826,
    "beta_6": 0.3489860633332682,
    "gamma_6": 0.34898606333326826,
    "epsilon_6": -7.66582564622132e-17,
    "epsilon_prime_6": 7.66582564622132e-17,
    "f7": 0.0,
    "g7": 0.0,
    "h7": 0.0,
    "t7": 0.0,
    "alpha_7": 0.3489860633332683,
    "beta_7": 0.3489860633332681,
    "gamma_7": 0.34898606333326837,
    "epsilon_7": -3.066330258488528e-16,
    "epsilon_prime_7": 3.83291282311066e-16,
    "f8": 0.0,
    "g8": 0.0,
    "h8": 0.0,
    "t8": 0.0,
    "alpha_8": NaN,
    "beta_8": NaN,
    "gamma_8": NaN,
    "epsilon_8": NaN,
    "epsilon_prime_8": NaN,
    "f9": 0.0,
    "g9": 0.0,
    "h9": 0.0,
    "t9": 0.0,
    "alpha_9": NaN,
    "beta_9": NaN,
    "gamma_9": NaN,
    "epsilon_9": NaN,
    "epsilon_prime_9": NaN,
    "f10": 0.0,
    "g10": 0.0,
    "h10": 0.0,
    "t10": 0.0,
    "alpha_10": NaN,
    "beta_10": NaN,
    "gamma_10": NaN,
    "epsilon_10": NaN,
    "epsilon_prime_10": NaN,
    "f11": 0.0,
    "g11": 0.0,
    "h11": 0.0,
    "t11": 0.0,
    "alpha_11": NaN,
    "beta_11": NaN,
    "gamma_11": NaN,
    "epsilon_11": NaN,
    "epsilon_prime_11": NaN,
    "f12": 0.0,
    "g12": 0.0,
    "h12": 0.0,
    "t12": 0.0,
    "alpha_12": NaN,
    "beta_12": NaN,
    "gamma_12": NaN,
    "epsilon_12": NaN,
    "epsilon_prime_12": NaN,
    "f13": 0.0,
    "g13": 0.0,
    "h13": 0.0,
    "t13": 0.0,
    "alpha_13": NaN,
    "beta_13": NaN,
    "gamma_13": NaN,
    "epsilon_13": NaN,
    "epsilon_prime_13": NaN,
    "f14": 0.0,
    "g14": 0.0,
    "h14": 0.0,
    "t14": 0.0,
    "alpha_14": NaN,
    "beta_14": NaN,
    "gamma_14": NaN,
    "epsilon_14": NaN,
    "epsilon_prime_14": NaN,
    "f15": 0.0,
    "g15": 0.0,
    "h15": 0.0,
    "t15": 0.0,
    "alpha_15": NaN,
    "beta_15": NaN,
    "gamma_15": NaN,
    "epsilon_15": NaN,
    "epsilon_prime_15": NaN,
    "f16": 0.0,
    "g16": 0.0,
    "h16": 0.0,
    "t16": 0.0,
    "alpha_16": NaN,
    "beta_16": NaN,
    "gamma_16": NaN,
    "epsilon_16": NaN,
    "epsilon_prime_16": NaN,
    "f17": 0.0,
    "g17": 0.0,
    "h17": 0.0,
    "t17": 0.0,
    "alpha_17": NaN,
    "beta_17": NaN,
    "gamma_17": NaN,
    "epsilon_17": NaN,
    "epsilon_prime_17": NaN,
    "f18": 0.0,
    "g18": 0.0,
    "h18": 0.0,
    "t18": 0.0,
    "alpha_18": NaN,
    "beta_18": NaN,
    "gamma_18": NaN,
    "epsilon_18": NaN,
    "epsilon_prime_18": NaN,
    "f19": 0.0,
    "g19": 0.0,
    "h19": 0.0,
    "t19": 0.0,
    "alpha_19": NaN,
    "beta_19": NaN,
    "gamma_19": NaN,
    "epsilon_19": NaN,
    "epsilon_prime_19": NaN,
    "f20": 0.0,
    "g20": 0.0,
    "h20": 0.0,
    "t20": 0.0,
    "alpha_20": NaN,
    "beta_20": NaN,
    "gamma_20": NaN,
    "epsilon_20": NaN,
    "epsilon_prime_20": NaN
}