{
    "f0": 0.19511200000000006,
    "g0": 0.14128800000000002,
    "h0": 0,
    "t0": 0,
    "f1": 0.08039437856304031,
    "g1": 0.02941948559800322,
    "h1": 0.009535750657961478,
    "t1": 0.0028204332931998735,
    "beta_1": 0.32413043478260867,
    "alpha_1": 0.3659395858745804,
    "epsilon_1": -0.057736446746056234,
    "gamma_1": 0.29577464788732394,
    "epsilon_prime_1": -0.039157991426821775,
    "f2": 0.002657862941311305,
    "g2": 0.0009277582712433891,
    "h2": 0.0003236740260555403,
    "t2": 0.0001128633190206114,
    "beta_2": 0.3488775428773594,
    "alpha_2": 0.3490617431106747,
    "epsilon_2": -0.00025437175076879564,
    "gamma_2": 0.34869439601324326,
    "epsilon_prime_2": -0.0002529170980651387,
    "f3": 9.193407259967608e-08,
    "g3": 3.20837102375948e-08,
    "h3": 1.1196767655523999e-08,
    "t3": 3.907515793263928e-09,
    "beta_3": 0.3489860609202217,
    "alpha_3": 0.34898606501750734,
    "epsilon_3": -5.658156334998835e-09,
    "gamma_3": 0.3489860568229376,
    "epsilon_prime_3": -5.658154265225911e-09,
    "f4": 3.8038306225907655e-21,
    "g4": 1.3274838745644859e-21,
    "h4": 4.632733715226541e-22,
    "t4": 1.6167595017482167e-22,
    "beta_4": 0.3489860633332683,
    "alpha_4": 0.3489860633332682,
    "epsilon_4": 1.533165129244264e-16,
    "gamma_4": 0.3489860633332682,
    "epsilon_prime_4": -1.533165129244264e-16,
    "f5": 2.6943572636902912e-61,
    "g5": 9.402931346686713e-62,
    "h5": 3.281491994473182e-62,
    "t5": 1.1451949730108307e-62,
    "beta_5": 0.3489860633332682,
    "alpha_5": 0.34898606333326826,
    "epsilon_5": -7.66582564622132e-17,
    "gamma_5": 0.34898606333326826,
    "epsilon_prime_5": 7.66582564622132e-17
}