{
    "f1": 0.023563607036114965,
    "g1": 0.018547067007436815,
    "h1": 0.011684652214685192,
    "t1": 0.005640866586399747,
    "alpha_1": 0.7871064467766117,
    "epsilon_1": 0.0,
    "beta_1": 0.6299999999999999,
    "gamma_1": 0.4827586206896551,
    "epsilon_prime_1": 0.20333333333333334,
    "f2": 0.0002106872708841972,
    "g2": 0.00014626453097018796,
    "h2": 0.00010112654826297337,
    "t2": 6.963371850384998e-05,
    "alpha_2": 0.6942257610360393,
    "epsilon_2": 0.0,
    "beta_2": 0.6913948829028499,
    "gamma_2": 0.6885799990203539,
    "epsilon_prime_2": 0.0038872205996372724,
    "f3": 1.2729610351193928e-10,
    "g3": 8.816302601885663e-11,
    "h3": 6.106006415687275e-11,
    "t3": 4.2288999939169016e-11,
    "alpha_3": 0.6925822832478741,
    "epsilon_3": 0.0,
    "beta_3": 0.6925813111702065,
    "gamma_3": 0.6925803390989245,
    "epsilon_prime_3": 1.3423841513662167e-06,
    "f4": 2.7989827593824005e-29,
    "g4": 1.938524290167583e-29,
    "h4": 1.342586484669268e-29,
    "t4": 9.298508550854716e-30,
    "alpha_4": 0.6925817187224551,
    "epsilon_4": 0.0,
    "beta_4": 0.6925817187223396,
    "gamma_4": 0.6925817187222248,
    "epsilon_prime_4": 1.585292743638569e-13,
    "f5": 2.975466741330188e-85,
    "g5": 2.060753869711764e-85,
    "h5": 1.4272404569487863e-85,
    "t5": 9.88480648703717e-86,
    "alpha_5": 0.6925817187223878,
    "epsilon_5": 0.0,
    "beta_5": 0.6925817187223884,
    "gamma_5": 0.6925817187223882,
    "epsilon_prime_5": 3.066330258488528e-16
}