{
    "f0": 0.18519300000000005,
    "g0": 0.13970700000000003,
    "h0": 0,
    "t0": 0,
    "f1": 0.07308524893735757,
    "g1": 0.02743029850975022,
    "h1": 0.009068220727766349,
    "t1": 0.0027268076314262446,
    "beta_1": 0.33059139784946234,
    "alpha_1": 0.375319218427526,
    "epsilon_1": -0.059290366812782096,
    "gamma_1": 0.3006993006993007,
    "epsilon_prime_1": -0.03962440785021431,
    "f2": 0.0020600733610277706,
    "g2": 0.0007355204974011809,
    "h2": 0.00026245269264629594,
    "t2": 9.35950568063607e-05,
    "beta_2": 0.3568258037316725,
    "alpha_2": 0.3570360703243256,
    "epsilon_2": -0.00027872548328435217,
    "gamma_2": 0.356616866310827,
    "epsilon_prime_2": -0.0002769635578649515,
    "f3": 4.402527272719348e-08,
    "g3": 1.5714756754238503e-08,
    "h3": 5.6093593711067115e-09,
    "t3": 2.0022525689689598e-09,
    "beta_3": 0.3569485330782345,
    "alpha_3": 0.3569485384364656,
    "epsilon_3": -7.102771506609678e-09,
    "gamma_3": 0.35694852772000607,
    "epsilon_prime_3": -7.102767900966761e-09,
    "f4": 4.295961478184988e-22,
    "g4": 1.5334371612293873e-22,
    "h4": 5.473581500625337e-23,
    "t4": 1.9537869044446725e-23,
    "beta_4": 0.3569485362045783,
    "alpha_4": 0.35694853620457817,
    "epsilon_4": 1.4716909861310216e-16,
    "gamma_4": 0.35694853620457817,
    "epsilon_prime_4": -1.4716909861310216e-16,
    "f5": 3.9914927614463954e-64,
    "g5": 1.4247574984694606e-64,
    "h5": 5.085651035251705e-65,
    "t5": 1.815315692680394e-65,
    "beta_5": 0.3569485362045782,
    "alpha_5": 0.3569485362045782,
    "epsilon_5": 0.0,
    "gamma_5": 0.3569485362045782,
    "epsilon_prime_5": 0.0
}