{
    "f0": 0.18519300000000005,
    "g0": 0.13970700000000003,
    "h0": 0,
    "t0": 0,
    "f1": 1.1129448603315062,
    "g1": 0.28315540804124734,
    "h1": 0.0037252490880788905,
    "t1": 0.0028102756278489873,
    "alpha_1": 0.7543859649122806,
    "beta_1": 0.0,
    "gamma_1": 9999,
    "epsilon_1": -1.0,
    "epsilon_prime_1": 13254.488372093025,
    "f2": 37.83662940731893,
    "g2": 5.31171171139558,
    "h2": 0.24431726840558782,
    "t2": 0.047976631016696906,
    "alpha_2": 0.25441997904272234,
    "beta_2": 0.01315619967793881,
    "gamma_2": 0.7543859649122806,
    "epsilon_2": -0.3198147772975038,
    "epsilon_prime_2": 0.9825603864734299,
    "f3": 606057.4214747093,
    "g3": 56089.84509410417,
    "h3": 4704.758069620587,
    "t3": 448.714589526388,
    "alpha_3": 0.14038543587521854,
    "beta_3": 0.04599595792848419,
    "gamma_3": 0.19637020064030655,
    "epsilon_3": -0.12512093588288045,
    "epsilon_prime_3": 0.19933329847846223,
    "f4": 1.3657153158334597e+18,
    "g4": 1.2114631461441152e+17,
    "h4": 1.0745524435118472e+16,
    "t4": 953208637904946.2,
    "alpha_4": 0.09254873070875314,
    "beta_4": 0.08387896350448512,
    "gamma_4": 0.09537463624831498,
    "epsilon_4": -0.011492482107983183,
    "epsilon_prime_4": 0.01523844991623958,
    "f5": 1.4780228099696765e+55,
    "g5": 1.3110434534728307e+54,
    "h5": 1.1629285592213996e+53,
    "t5": 1.03154691804518e+52,
    "alpha_5": 0.0887053935837859,
    "beta_5": 0.08869873152410522,
    "gamma_5": 0.08870750270593349,
    "epsilon_5": -8.831102367415098e-06,
    "epsilon_prime_5": 1.1626915446770438e-05,
    "f6": 1.873379585656831e+166,
    "g6": 1.6617348697724099e+165,
    "h6": 1.4740006769366816e+164,
    "t6": 1.3074757201835478e+163,
    "alpha_6": 0.08870251829873507,
    "beta_6": 0.08870251829875747,
    "gamma_6": 0.08870251829878684,
    "epsilon_6": 2.969136564519336e-14,
    "epsilon_prime_6": 3.892622658316552e-14,
    "f7": Infinity,
    "g7": Infinity,
    "h7": Infinity,
    "t7": Infinity,
    "alpha_7": 0.08870251829875601,
    "beta_7": 0.08870251829875603,
    "gamma_7": 0.08870251829875604,
    "epsilon_7": 1.839613732663777e-17,
    "epsilon_prime_7": 1.839613732663777e-17,
    "f8": Infinity,
    "g8": Infinity,
    "h8": Infinity,
    "t8": Infinity,
    "alpha_8": NaN,
    "beta_8": NaN,
    "gamma_8": NaN,
    "epsilon_8": NaN,
    "epsilon_prime_8": NaN,
    "f9": Infinity,
    "g9": Infinity,
    "h9": Infinity,
    "t9": Infinity,
    "alpha_9": NaN,
    "beta_9": NaN,
    "gamma_9": NaN,
    "epsilon_9": NaN,
    "epsilon_prime_9": NaN,
    "f10": Infinity,
    "g10": Infinity,
    "h10": Infinity,
    "t10": Infinity,
    "alpha_10": NaN,
    "beta_10": NaN,
    "gamma_10": NaN,
    "epsilon_10": NaN,
    "epsilon_prime_10": NaN,
    "f11": Infinity,
    "g11": Infinity,
    "h11": Infinity,
    "t11": Infinity,
    "alpha_11": NaN,
    "beta_11": NaN,
    "gamma_11": NaN,
    "epsilon_11": NaN,
    "epsilon_prime_11": NaN,
    "f12": Infinity,
    "g12": Infinity,
    "h12": Infinity,
    "t12": Infinity,
    "alpha_12": NaN,
    "beta_12": NaN,
    "gamma_12": NaN,
    "epsilon_12": NaN,
    "epsilon_prime_12": NaN,
    "f13": Infinity,
    "g13": Infinity,
    "h13": Infinity,
    "t13": Infinity,
    "alpha_13": NaN,
    "beta_13": NaN,
    "gamma_13": NaN,
    "epsilon_13": NaN,
    "epsilon_prime_13": NaN,
    "f14": Infinity,
    "g14": Infinity,
    "h14": Infinity,
    "t14": Infinity,
    "alpha_14": NaN,
    "beta_14": NaN,
    "gamma_14": NaN,
    "epsilon_14": NaN,
    "epsilon_prime_14": NaN,
    "f15": Infinity,
    "g15": Infinity,
    "h15": Infinity,
    "t15": Infinity,
    "alpha_15": NaN,
    "beta_15": NaN,
    "gamma_15": NaN,
    "epsilon_15": NaN,
    "epsilon_prime_15": NaN,
    "f16": Infinity,
    "g16": Infinity,
    "h16": Infinity,
    "t16": Infinity,
    "alpha_16": NaN,
    "beta_16": NaN,
    "gamma_16": NaN,
    "epsilon_16": NaN,
    "epsilon_prime_16": NaN,
    "f17": Infinity,
    "g17": Infinity,
    "h17": Infinity,
    "t17": Infinity,
    "alpha_17": NaN,
    "beta_17": NaN,
    "gamma_17": NaN,
    "epsilon_17": NaN,
    "epsilon_prime_17": NaN,
    "f18": Infinity,
    "g18": Infinity,
    "h18": Infinity,
    "t18": Infinity,
    "alpha_18": NaN,
    "beta_18": NaN,
    "gamma_18": NaN,
    "epsilon_18": NaN,
    "epsilon_prime_18": NaN,
    "f19": Infinity,
    "g19": Infinity,
    "h19": Infinity,
    "t19": Infinity,
    "alpha_19": NaN,
    "beta_19": NaN,
    "gamma_19": NaN,
    "epsilon_19": NaN,
    "epsilon_prime_19": NaN,
    "f20": Infinity,
    "g20": Infinity,
    "h20": Infinity,
    "t20": Infinity,
    "alpha_20": NaN,
    "beta_20": NaN,
    "gamma_20": NaN,
    "epsilon_20": NaN,
    "epsilon_prime_20": NaN
}