{
    "f1": 0.020725823222832205,
    "g1": 0.016812118441459814,
    "h1": 0.010843816394741579,
    "t1": 0.005453615262852489,
    "alpha_1": 0.8111677042067533,
    "epsilon_1": 0.0,
    "beta_1": 0.6449999999999999,
    "gamma_1": 0.5029239766081871,
    "epsilon_prime_1": 0.18833333333333327,
    "f2": 0.00015110556537560182,
    "g2": 0.00010773118412149793,
    "h2": 7.648444402423025e-05,
    "t2": 5.4073911608696674e-05,
    "alpha_2": 0.7129531189252457,
    "epsilon_2": 0.0,
    "beta_2": 0.7099564035049686,
    "gamma_2": 0.7069922818758554,
    "epsilon_prime_2": 0.003929184485103534,
    "f3": 4.9202837975378005e-11,
    "g3": 3.4992832287652956e-11,
    "h3": 2.4886703705744153e-11,
    "t3": 1.769925551602693e-11,
    "alpha_3": 0.7111954051342324,
    "epsilon_3": 0.0,
    "beta_3": 0.7111943240594818,
    "gamma_3": 0.7111932429983375,
    "epsilon_prime_3": 1.433034540079104e-06,
    "f4": 1.6931791803655006e-30,
    "g4": 1.2041801783329336e-30,
    "h4": 8.564066453832898e-31,
    "t4": 6.090719274850357e-31,
    "alpha_4": 0.711194770344974,
    "epsilon_4": 0.0,
    "beta_4": 0.7111947703448321,
    "gamma_4": 0.7111947703446906,
    "epsilon_prime_4": 1.8764060073170526e-13,
    "f5": 6.899866800928083e-89,
    "g5": 4.9071491848963846e-89,
    "h5": 3.489938837600502e-89,
    "t5": 2.4820262501250038e-89,
    "alpha_5": 0.7111947703448909,
    "epsilon_5": 0.0,
    "beta_5": 0.7111947703448908,
    "gamma_5": 0.7111947703448906,
    "epsilon_prime_5": 1.4716909861310216e-16
}