{
    "f0": 0.18519300000000005,
    "g0": 0.13970700000000003,
    "h0": 0,
    "t0": 0,
    "f1": 0.07308524893735757,
    "g1": 0.02743029850975022,
    "h1": 0.009068220727766349,
    "t1": 0.0027268076314262446,
    "alpha_1": 0.7543859649122806,
    "beta_1": 0.0,
    "gamma_1": 9999,
    "epsilon_1": -1.0,
    "epsilon_prime_1": 13254.488372093025,
    "f2": 0.0020600733610277706,
    "g2": 0.0007355204974011809,
    "h2": 0.00026245269264629594,
    "t2": 9.35950568063607e-05,
    "alpha_2": 0.375319218427526,
    "beta_2": 0.33059139784946234,
    "gamma_2": 0.3006993006993007,
    "epsilon_2": -0.059290366812782096,
    "epsilon_prime_2": -0.03962440785021431,
    "f3": 4.402527272719348e-08,
    "g3": 1.5714756754238503e-08,
    "h3": 5.6093593711067115e-09,
    "t3": 2.0022525689689598e-09,
    "alpha_3": 0.3570360703243256,
    "beta_3": 0.3568258037316725,
    "gamma_3": 0.356616866310827,
    "epsilon_3": -0.00027872548328435217,
    "epsilon_prime_3": -0.0002769635578649515,
    "f4": 4.295961478184988e-22,
    "g4": 1.5334371612293873e-22,
    "h4": 5.473581500625337e-23,
    "t4": 1.9537869044446725e-23,
    "alpha_4": 0.3569485384364656,
    "beta_4": 0.3569485330782345,
    "gamma_4": 0.35694852772000607,
    "epsilon_4": -7.102771506609678e-09,
    "epsilon_prime_4": -7.102767900966761e-09,
    "f5": 3.9914927614463954e-64,
    "g5": 1.4247574984694606e-64,
    "h5": 5.085651035251705e-65,
    "t5": 1.815315692680394e-65,
    "alpha_5": 0.35694853620457817,
    "beta_5": 0.3569485362045783,
    "gamma_5": 0.35694853620457817,
    "epsilon_5": 1.4716909861310216e-16,
    "epsilon_prime_5": -1.4716909861310216e-16,
    "f6": 3.201549705827989e-190,
    "g6": 1.1427884810814989e-190,
    "h6": 4.079166755134942e-191,
    "t6": 1.456052602179797e-191,
    "alpha_6": 0.3569485362045782,
    "beta_6": 0.3569485362045782,
    "gamma_6": 0.3569485362045782,
    "epsilon_6": 0.0,
    "epsilon_prime_6": 0.0,
    "f7": 0.0,
    "g7": 0.0,
    "h7": 0.0,
    "t7": 0.0,
    "alpha_7": 0.3569485362045783,
    "beta_7": 0.35694853620457806,
    "gamma_7": 0.3569485362045783,
    "epsilon_7": -2.943381972262043e-16,
    "epsilon_prime_7": 2.943381972262043e-16,
    "f8": 0.0,
    "g8": 0.0,
    "h8": 0.0,
    "t8": 0.0,
    "alpha_8": NaN,
    "beta_8": NaN,
    "gamma_8": NaN,
    "epsilon_8": NaN,
    "epsilon_prime_8": NaN,
    "f9": 0.0,
    "g9": 0.0,
    "h9": 0.0,
    "t9": 0.0,
    "alpha_9": NaN,
    "beta_9": NaN,
    "gamma_9": NaN,
    "epsilon_9": NaN,
    "epsilon_prime_9": NaN,
    "f10": 0.0,
    "g10": 0.0,
    "h10": 0.0,
    "t10": 0.0,
    "alpha_10": NaN,
    "beta_10": NaN,
    "gamma_10": NaN,
    "epsilon_10": NaN,
    "epsilon_prime_10": NaN,
    "f11": 0.0,
    "g11": 0.0,
    "h11": 0.0,
    "t11": 0.0,
    "alpha_11": NaN,
    "beta_11": NaN,
    "gamma_11": NaN,
    "epsilon_11": NaN,
    "epsilon_prime_11": NaN,
    "f12": 0.0,
    "g12": 0.0,
    "h12": 0.0,
    "t12": 0.0,
    "alpha_12": NaN,
    "beta_12": NaN,
    "gamma_12": NaN,
    "epsilon_12": NaN,
    "epsilon_prime_12": NaN,
    "f13": 0.0,
    "g13": 0.0,
    "h13": 0.0,
    "t13": 0.0,
    "alpha_13": NaN,
    "beta_13": NaN,
    "gamma_13": NaN,
    "epsilon_13": NaN,
    "epsilon_prime_13": NaN,
    "f14": 0.0,
    "g14": 0.0,
    "h14": 0.0,
    "t14": 0.0,
    "alpha_14": NaN,
    "beta_14": NaN,
    "gamma_14": NaN,
    "epsilon_14": NaN,
    "epsilon_prime_14": NaN,
    "f15": 0.0,
    "g15": 0.0,
    "h15": 0.0,
    "t15": 0.0,
    "alpha_15": NaN,
    "beta_15": NaN,
    "gamma_15": NaN,
    "epsilon_15": NaN,
    "epsilon_prime_15": NaN,
    "f16": 0.0,
    "g16": 0.0,
    "h16": 0.0,
    "t16": 0.0,
    "alpha_16": NaN,
    "beta_16": NaN,
    "gamma_16": NaN,
    "epsilon_16": NaN,
    "epsilon_prime_16": NaN,
    "f17": 0.0,
    "g17": 0.0,
    "h17": 0.0,
    "t17": 0.0,
    "alpha_17": NaN,
    "beta_17": NaN,
    "gamma_17": NaN,
    "epsilon_17": NaN,
    "epsilon_prime_17": NaN,
    "f18": 0.0,
    "g18": 0.0,
    "h18": 0.0,
    "t18": 0.0,
    "alpha_18": NaN,
    "beta_18": NaN,
    "gamma_18": NaN,
    "epsilon_18": NaN,
    "epsilon_prime_18": NaN,
    "f19": 0.0,
    "g19": 0.0,
    "h19": 0.0,
    "t19": 0.0,
    "alpha_19": NaN,
    "beta_19": NaN,
    "gamma_19": NaN,
    "epsilon_19": NaN,
    "epsilon_prime_19": NaN,
    "f20": 0.0,
    "g20": 0.0,
    "h20": 0.0,
    "t20": 0.0,
    "alpha_20": NaN,
    "beta_20": NaN,
    "gamma_20": NaN,
    "epsilon_20": NaN,
    "epsilon_prime_20": NaN
}