{
    "f1": 0.018182854575915022,
    "g1": 0.015198434675916809,
    "h1": 0.010030966886105094,
    "t1": 0.00525431598795981,
    "alpha_1": 0.8358662613981761,
    "epsilon_1": 0.0,
    "beta_1": 0.66,
    "gamma_1": 0.5238095238095237,
    "epsilon_prime_1": 0.1733333333333335,
    "f2": 0.00010756460112911601,
    "g2": 7.873543035848547e-05,
    "h2": 5.7383304316430083e-05,
    "t2": 4.1642665374866545e-05,
    "alpha_2": 0.731982729745586,
    "epsilon_2": 0.0,
    "beta_2": 0.7288117186273279,
    "gamma_2": 0.7256930542939011,
    "epsilon_prime_2": 0.003969209151634083,
    "f3": 1.8595743743144084e-11,
    "g3": 1.357683178519839e-11,
    "h3": 9.912486467223852e-12,
    "t3": 7.237124827146034e-12,
    "alpha_3": 0.7301042632513111,
    "epsilon_3": 0.0,
    "beta_3": 0.730103062632812,
    "gamma_3": 0.7301018620379418,
    "epsilon_prime_3": 1.5280298347842738e-06,
    "f4": 9.57538462308933e-32,
    "g4": 6.991022312156619e-32,
    "h4": 5.104170212777475e-32,
    "t4": 3.7265727954688586e-32,
    "alpha_4": 0.7301035506499673,
    "epsilon_4": 0.0,
    "beta_4": 0.7301035506497933,
    "gamma_4": 0.7301035506496196,
    "epsilon_prime_4": 2.209949395199312e-13,
    "f5": 1.3073253612393074e-92,
    "g5": 9.544828880954344e-93,
    "h5": 6.968713456330138e-93,
    "t5": 5.087882437928118e-93,
    "alpha_5": 0.730103550649864,
    "epsilon_5": 0.0,
    "beta_5": 0.7301035506498643,
    "gamma_5": 0.7301035506498638,
    "epsilon_prime_5": 7.065055611250998e-16
}