{
    "f0": 0.17561600000000005,
    "g0": 0.13798400000000002,
    "h0": 0,
    "t0": 0,
    "f1": 0.06629675634996024,
    "g1": 0.025511658206003218,
    "h1": 0.00859797161666151,
    "t1": 0.0026271579939799055,
    "alpha_1": 0.7857142857142856,
    "beta_1": 0.0,
    "gamma_1": 9999,
    "epsilon_1": -1.0,
    "epsilon_prime_1": 12726.000000000002,
    "f2": 0.0015863455046764606,
    "g2": 0.0005790753676493944,
    "h2": 0.00021124556550261955,
    "t2": 7.701177092879976e-05,
    "alpha_2": 0.38481005120876505,
    "beta_2": 0.33702127659574466,
    "gamma_2": 0.3055555555555555,
    "epsilon_2": -0.060822076780207776,
    "epsilon_prime_2": -0.04004728132387708,
    "f3": 2.067044822855288e-08,
    "g3": 7.543400068932468e-09,
    "h3": 2.7528616160171983e-09,
    "t3": 1.0046195168088403e-09,
    "alpha_3": 0.3650373553190724,
    "beta_3": 0.3647980510034745,
    "gamma_3": 0.3645604145372925,
    "epsilon_3": -0.00030456912894275245,
    "epsilon_prime_3": -0.0003024464115043929,
    "f4": 4.5718531489616726e-23,
    "g4": 1.6684358607063357e-23,
    "h4": 6.088730610087729e-24,
    "t4": 2.221999737318312e-24,
    "alpha_4": 0.36493645350720944,
    "beta_4": 0.3649364465441616,
    "gamma_4": 0.36493643958111843,
    "epsilon_4": -8.862060913388866e-09,
    "epsilon_prime_4": -8.862054908091596e-09,
    "f5": 4.946743622680591e-67,
    "g5": 1.8052470595375762e-67,
    "h5": 6.588004543083824e-68,
    "t5": 2.404202994287701e-68,
    "alpha_5": 0.3649364505693406,
    "beta_5": 0.3649364505693406,
    "gamma_5": 0.3649364505693407,
    "epsilon_5": 0.0,
    "epsilon_prime_5": 1.4130111222501995e-16,
    "f6": 6.26615010102078e-199,
    "g6": 2.2867465766012376e-199,
    "h6": 8.345171790164466e-200,
    "t6": 3.045457372494011e-200,
    "alpha_6": 0.3649364505693406,
    "beta_6": 0.36493645056934076,
    "gamma_6": 0.36493645056934054,
    "epsilon_6": 2.1195166833752992e-16,
    "epsilon_prime_6": -2.826022244500399e-16,
    "f7": 0.0,
    "g7": 0.0,
    "h7": 0.0,
    "t7": 0.0,
    "alpha_7": 0.3649364505693405,
    "beta_7": 0.3649364505693407,
    "gamma_7": 0.36493645056934065,
    "epsilon_7": 2.826022244500399e-16,
    "epsilon_prime_7": -7.065055611250997e-17,
    "f8": 0.0,
    "g8": 0.0,
    "h8": 0.0,
    "t8": 0.0,
    "alpha_8": NaN,
    "beta_8": NaN,
    "gamma_8": NaN,
    "epsilon_8": NaN,
    "epsilon_prime_8": NaN,
    "f9": 0.0,
    "g9": 0.0,
    "h9": 0.0,
    "t9": 0.0,
    "alpha_9": NaN,
    "beta_9": NaN,
    "gamma_9": NaN,
    "epsilon_9": NaN,
    "epsilon_prime_9": NaN,
    "f10": 0.0,
    "g10": 0.0,
    "h10": 0.0,
    "t10": 0.0,
    "alpha_10": NaN,
    "beta_10": NaN,
    "gamma_10": NaN,
    "epsilon_10": NaN,
    "epsilon_prime_10": NaN,
    "f11": 0.0,
    "g11": 0.0,
    "h11": 0.0,
    "t11": 0.0,
    "alpha_11": NaN,
    "beta_11": NaN,
    "gamma_11": NaN,
    "epsilon_11": NaN,
    "epsilon_prime_11": NaN,
    "f12": 0.0,
    "g12": 0.0,
    "h12": 0.0,
    "t12": 0.0,
    "alpha_12": NaN,
    "beta_12": NaN,
    "gamma_12": NaN,
    "epsilon_12": NaN,
    "epsilon_prime_12": NaN,
    "f13": 0.0,
    "g13": 0.0,
    "h13": 0.0,
    "t13": 0.0,
    "alpha_13": NaN,
    "beta_13": NaN,
    "gamma_13": NaN,
    "epsilon_13": NaN,
    "epsilon_prime_13": NaN,
    "f14": 0.0,
    "g14": 0.0,
    "h14": 0.0,
    "t14": 0.0,
    "alpha_14": NaN,
    "beta_14": NaN,
    "gamma_14": NaN,
    "epsilon_14": NaN,
    "epsilon_prime_14": NaN,
    "f15": 0.0,
    "g15": 0.0,
    "h15": 0.0,
    "t15": 0.0,
    "alpha_15": NaN,
    "beta_15": NaN,
    "gamma_15": NaN,
    "epsilon_15": NaN,
    "epsilon_prime_15": NaN,
    "f16": 0.0,
    "g16": 0.0,
    "h16": 0.0,
    "t16": 0.0,
    "alpha_16": NaN,
    "beta_16": NaN,
    "gamma_16": NaN,
    "epsilon_16": NaN,
    "epsilon_prime_16": NaN,
    "f17": 0.0,
    "g17": 0.0,
    "h17": 0.0,
    "t17": 0.0,
    "alpha_17": NaN,
    "beta_17": NaN,
    "gamma_17": NaN,
    "epsilon_17": NaN,
    "epsilon_prime_17": NaN,
    "f18": 0.0,
    "g18": 0.0,
    "h18": 0.0,
    "t18": 0.0,
    "alpha_18": NaN,
    "beta_18": NaN,
    "gamma_18": NaN,
    "epsilon_18": NaN,
    "epsilon_prime_18": NaN,
    "f19": 0.0,
    "g19": 0.0,
    "h19": 0.0,
    "t19": 0.0,
    "alpha_19": NaN,
    "beta_19": NaN,
    "gamma_19": NaN,
    "epsilon_19": NaN,
    "epsilon_prime_19": NaN,
    "f20": 0.0,
    "g20": 0.0,
    "h20": 0.0,
    "t20": 0.0,
    "alpha_20": NaN,
    "beta_20": NaN,
    "gamma_20": NaN,
    "epsilon_20": NaN,
    "epsilon_prime_20": NaN
}