{
    "f0": 0.17561600000000005,
    "g0": 0.13798400000000002,
    "h0": 0,
    "t0": 0,
    "f1": 0.06629675634996024,
    "g1": 0.025511658206003218,
    "h1": 0.00859797161666151,
    "t1": 0.0026271579939799055,
    "beta_1": 0.33702127659574466,
    "alpha_1": 0.38481005120876505,
    "epsilon_1": -0.060822076780207776,
    "gamma_1": 0.3055555555555555,
    "epsilon_prime_1": -0.04004728132387708,
    "f2": 0.0015863455046764606,
    "g2": 0.0005790753676493944,
    "h2": 0.00021124556550261955,
    "t2": 7.701177092879976e-05,
    "beta_2": 0.3647980510034745,
    "alpha_2": 0.3650373553190724,
    "epsilon_2": -0.00030456912894275245,
    "gamma_2": 0.3645604145372925,
    "epsilon_prime_2": -0.0003024464115043929,
    "f3": 2.067044822855288e-08,
    "g3": 7.543400068932468e-09,
    "h3": 2.7528616160171983e-09,
    "t3": 1.0046195168088403e-09,
    "beta_3": 0.3649364465441616,
    "alpha_3": 0.36493645350720944,
    "epsilon_3": -8.862060913388866e-09,
    "gamma_3": 0.36493643958111843,
    "epsilon_prime_3": -8.862054908091596e-09,
    "f4": 4.5718531489616726e-23,
    "g4": 1.6684358607063357e-23,
    "h4": 6.088730610087729e-24,
    "t4": 2.221999737318312e-24,
    "beta_4": 0.3649364505693406,
    "alpha_4": 0.3649364505693406,
    "epsilon_4": 0.0,
    "gamma_4": 0.3649364505693407,
    "epsilon_prime_4": 1.4130111222501995e-16,
    "f5": 4.946743622680591e-67,
    "g5": 1.8052470595375762e-67,
    "h5": 6.588004543083824e-68,
    "t5": 2.404202994287701e-68,
    "beta_5": 0.36493645056934076,
    "alpha_5": 0.3649364505693406,
    "epsilon_5": 2.1195166833752992e-16,
    "gamma_5": 0.36493645056934054,
    "epsilon_prime_5": -2.826022244500399e-16
}