{
    "f0": 0.17561600000000005,
    "g0": 0.13798400000000002,
    "h0": 0,
    "t0": 0,
    "f1": 1.0290455737587583,
    "g1": 0.2724358193848157,
    "h1": 0.0034460054361611196,
    "t1": 0.0027075756998408795,
    "alpha_1": 0.7857142857142856,
    "beta_1": 0.0,
    "gamma_1": 9999,
    "epsilon_1": -1.0,
    "epsilon_prime_1": 12726.000000000002,
    "f2": 32.292833436739855,
    "g2": 4.684977000293506,
    "h2": 0.20918147481996352,
    "t2": 0.04265320161008,
    "alpha_2": 0.26474611652980445,
    "beta_2": 0.012648870636550312,
    "gamma_2": 0.7857142857142857,
    "epsilon_2": -0.32085104022777805,
    "epsilon_prime_2": 0.9839014373716634,
    "f3": 399947.03059605486,
    "g3": 37449.30148003031,
    "h3": 3129.0492041402576,
    "t3": 302.8824626982073,
    "alpha_3": 0.14507791672945503,
    "beta_3": 0.04464941339239417,
    "gamma_3": 0.203905253305965,
    "epsilon_3": -0.12781809515625928,
    "epsilon_prime_3": 0.2026892507990902,
    "f4": 4.012374114514057e+17,
    "g4": 3.575945799150104e+16,
    "h4": 3186619355819995.0,
    "t4": 284010745281152.5,
    "alpha_4": 0.09363565326192903,
    "beta_4": 0.08355427419143746,
    "gamma_4": 0.0967969638500548,
    "epsilon_4": -0.012830846089716548,
    "epsilon_prime_4": 0.016854332292785712,
    "f5": 3.794607947564287e+53,
    "g5": 3.381696105453002e+52,
    "h5": 3.0137154371852694e+51,
    "t5": 2.6857767383915164e+50,
    "alpha_5": 0.0891229406105166,
    "beta_5": 0.08911263019079763,
    "gamma_5": 0.08912603407195134,
    "epsilon_5": -1.3122352369594877e-05,
    "epsilon_prime_5": 1.705948510472768e-05,
    "f6": 3.2094817231095895e+161,
    "g6": 2.8602406344859114e+160,
    "h6": 2.549002360181076e+159,
    "t6": 2.271631608148423e+158,
    "alpha_6": 0.08911845840684732,
    "beta_6": 0.08911845840688164,
    "gamma_6": 0.08911845840694106,
    "epsilon_6": 4.367970631655929e-14,
    "epsilon_prime_6": 7.563142031844193e-14,
    "f7": Infinity,
    "g7": Infinity,
    "h7": Infinity,
    "t7": Infinity,
    "alpha_7": 0.08911845840688239,
    "beta_7": 0.08911845840688239,
    "gamma_7": 0.0891184584068824,
    "epsilon_7": 0.0,
    "epsilon_prime_7": 1.7662639028127493e-17,
    "f8": Infinity,
    "g8": Infinity,
    "h8": Infinity,
    "t8": Infinity,
    "alpha_8": NaN,
    "beta_8": NaN,
    "gamma_8": NaN,
    "epsilon_8": NaN,
    "epsilon_prime_8": NaN,
    "f9": Infinity,
    "g9": Infinity,
    "h9": Infinity,
    "t9": Infinity,
    "alpha_9": NaN,
    "beta_9": NaN,
    "gamma_9": NaN,
    "epsilon_9": NaN,
    "epsilon_prime_9": NaN,
    "f10": Infinity,
    "g10": Infinity,
    "h10": Infinity,
    "t10": Infinity,
    "alpha_10": NaN,
    "beta_10": NaN,
    "gamma_10": NaN,
    "epsilon_10": NaN,
    "epsilon_prime_10": NaN,
    "f11": Infinity,
    "g11": Infinity,
    "h11": Infinity,
    "t11": Infinity,
    "alpha_11": NaN,
    "beta_11": NaN,
    "gamma_11": NaN,
    "epsilon_11": NaN,
    "epsilon_prime_11": NaN,
    "f12": Infinity,
    "g12": Infinity,
    "h12": Infinity,
    "t12": Infinity,
    "alpha_12": NaN,
    "beta_12": NaN,
    "gamma_12": NaN,
    "epsilon_12": NaN,
    "epsilon_prime_12": NaN,
    "f13": Infinity,
    "g13": Infinity,
    "h13": Infinity,
    "t13": Infinity,
    "alpha_13": NaN,
    "beta_13": NaN,
    "gamma_13": NaN,
    "epsilon_13": NaN,
    "epsilon_prime_13": NaN,
    "f14": Infinity,
    "g14": Infinity,
    "h14": Infinity,
    "t14": Infinity,
    "alpha_14": NaN,
    "beta_14": NaN,
    "gamma_14": NaN,
    "epsilon_14": NaN,
    "epsilon_prime_14": NaN,
    "f15": Infinity,
    "g15": Infinity,
    "h15": Infinity,
    "t15": Infinity,
    "alpha_15": NaN,
    "beta_15": NaN,
    "gamma_15": NaN,
    "epsilon_15": NaN,
    "epsilon_prime_15": NaN,
    "f16": Infinity,
    "g16": Infinity,
    "h16": Infinity,
    "t16": Infinity,
    "alpha_16": NaN,
    "beta_16": NaN,
    "gamma_16": NaN,
    "epsilon_16": NaN,
    "epsilon_prime_16": NaN,
    "f17": Infinity,
    "g17": Infinity,
    "h17": Infinity,
    "t17": Infinity,
    "alpha_17": NaN,
    "beta_17": NaN,
    "gamma_17": NaN,
    "epsilon_17": NaN,
    "epsilon_prime_17": NaN,
    "f18": Infinity,
    "g18": Infinity,
    "h18": Infinity,
    "t18": Infinity,
    "alpha_18": NaN,
    "beta_18": NaN,
    "gamma_18": NaN,
    "epsilon_18": NaN,
    "epsilon_prime_18": NaN,
    "f19": Infinity,
    "g19": Infinity,
    "h19": Infinity,
    "t19": Infinity,
    "alpha_19": NaN,
    "beta_19": NaN,
    "gamma_19": NaN,
    "epsilon_19": NaN,
    "epsilon_prime_19": NaN,
    "f20": Infinity,
    "g20": Infinity,
    "h20": Infinity,
    "t20": Infinity,
    "alpha_20": NaN,
    "beta_20": NaN,
    "gamma_20": NaN,
    "epsilon_20": NaN,
    "epsilon_prime_20": NaN
}