{
    "f0": 0.16637500000000005,
    "g0": 0.13612500000000002,
    "h0": 0,
    "t0": 0,
    "f1": 0.9484045406807277,
    "g1": 0.2612446952160495,
    "h1": 0.0031773003472222246,
    "t1": 0.0025996093750000012,
    "alpha_1": 0.8181818181818181,
    "beta_1": 0.0,
    "gamma_1": 9999,
    "epsilon_1": -1.0,
    "epsilon_prime_1": 12221.000000000002,
    "f2": 27.294876730168347,
    "g2": 4.093627907153286,
    "h2": 0.17732389150769484,
    "t2": 0.037546007237033004,
    "alpha_2": 0.2754570270493837,
    "beta_2": 0.012162162162162166,
    "gamma_2": 0.818181818181818,
    "epsilon_2": -0.32180483486215966,
    "epsilon_prime_2": 0.9851351351351351,
    "f3": 256586.98751740187,
    "g3": 24321.976717980036,
    "h3": 2022.2410126966809,
    "t3": 198.80388244913271,
    "alpha_3": 0.14997788587294483,
    "beta_3": 0.04331705165431268,
    "gamma_3": 0.2117368783066873,
    "epsilon_3": -0.13036324182277265,
    "epsilon_prime_3": 0.20584645479734678,
    "f4": 1.0839100899533968e+17,
    "g4": 9703877353420874.0,
    "h4": 868603168328926.1,
    "t4": 77766953510652.27,
    "alpha_4": 0.09479037480936366,
    "beta_4": 0.08314459947664278,
    "gamma_4": 0.09830869871639361,
    "epsilon_4": -0.01423372540665885,
    "epsilon_prime_4": 0.018533899070806572,
    "f5": 7.570483042965359e+51,
    "g5": 6.777076763368761e+50,
    "h5": 6.066821521949274e+49,
    "t5": 5.431002874009591e+48,
    "alpha_5": 0.08952658936718724,
    "beta_5": 0.08951093843150444,
    "gamma_5": 0.08953104978912899,
    "epsilon_5": -1.91289213900902e-05,
    "epsilon_prime_5": 2.458054820777637e-05,
    "f6": 2.5791165775281993e+156,
    "g6": 2.3088184635507165e+155,
    "h6": 2.066848293744646e+154,
    "t6": 1.850237226007578e+153,
    "alpha_6": 0.08951974035086378,
    "beta_6": 0.08951974035090562,
    "gamma_6": 0.08951974035103322,
    "epsilon_6": 5.113964807179628e-14,
    "epsilon_prime_6": 1.5594624357283414e-13,
    "f7": Infinity,
    "g7": Infinity,
    "h7": Infinity,
    "t7": Infinity,
    "alpha_7": 0.0895197403509176,
    "beta_7": 0.08951974035091759,
    "gamma_7": 0.0895197403509176,
    "epsilon_7": -1.696174065399545e-17,
    "epsilon_prime_7": 1.696174065399545e-17,
    "f8": Infinity,
    "g8": Infinity,
    "h8": Infinity,
    "t8": Infinity,
    "alpha_8": NaN,
    "beta_8": NaN,
    "gamma_8": NaN,
    "epsilon_8": NaN,
    "epsilon_prime_8": NaN,
    "f9": Infinity,
    "g9": Infinity,
    "h9": Infinity,
    "t9": Infinity,
    "alpha_9": NaN,
    "beta_9": NaN,
    "gamma_9": NaN,
    "epsilon_9": NaN,
    "epsilon_prime_9": NaN,
    "f10": Infinity,
    "g10": Infinity,
    "h10": Infinity,
    "t10": Infinity,
    "alpha_10": NaN,
    "beta_10": NaN,
    "gamma_10": NaN,
    "epsilon_10": NaN,
    "epsilon_prime_10": NaN,
    "f11": Infinity,
    "g11": Infinity,
    "h11": Infinity,
    "t11": Infinity,
    "alpha_11": NaN,
    "beta_11": NaN,
    "gamma_11": NaN,
    "epsilon_11": NaN,
    "epsilon_prime_11": NaN,
    "f12": Infinity,
    "g12": Infinity,
    "h12": Infinity,
    "t12": Infinity,
    "alpha_12": NaN,
    "beta_12": NaN,
    "gamma_12": NaN,
    "epsilon_12": NaN,
    "epsilon_prime_12": NaN,
    "f13": Infinity,
    "g13": Infinity,
    "h13": Infinity,
    "t13": Infinity,
    "alpha_13": NaN,
    "beta_13": NaN,
    "gamma_13": NaN,
    "epsilon_13": NaN,
    "epsilon_prime_13": NaN,
    "f14": Infinity,
    "g14": Infinity,
    "h14": Infinity,
    "t14": Infinity,
    "alpha_14": NaN,
    "beta_14": NaN,
    "gamma_14": NaN,
    "epsilon_14": NaN,
    "epsilon_prime_14": NaN,
    "f15": Infinity,
    "g15": Infinity,
    "h15": Infinity,
    "t15": Infinity,
    "alpha_15": NaN,
    "beta_15": NaN,
    "gamma_15": NaN,
    "epsilon_15": NaN,
    "epsilon_prime_15": NaN,
    "f16": Infinity,
    "g16": Infinity,
    "h16": Infinity,
    "t16": Infinity,
    "alpha_16": NaN,
    "beta_16": NaN,
    "gamma_16": NaN,
    "epsilon_16": NaN,
    "epsilon_prime_16": NaN,
    "f17": Infinity,
    "g17": Infinity,
    "h17": Infinity,
    "t17": Infinity,
    "alpha_17": NaN,
    "beta_17": NaN,
    "gamma_17": NaN,
    "epsilon_17": NaN,
    "epsilon_prime_17": NaN,
    "f18": Infinity,
    "g18": Infinity,
    "h18": Infinity,
    "t18": Infinity,
    "alpha_18": NaN,
    "beta_18": NaN,
    "gamma_18": NaN,
    "epsilon_18": NaN,
    "epsilon_prime_18": NaN,
    "f19": Infinity,
    "g19": Infinity,
    "h19": Infinity,
    "t19": Infinity,
    "alpha_19": NaN,
    "beta_19": NaN,
    "gamma_19": NaN,
    "epsilon_19": NaN,
    "epsilon_prime_19": NaN,
    "f20": Infinity,
    "g20": Infinity,
    "h20": Infinity,
    "t20": Infinity,
    "alpha_20": NaN,
    "beta_20": NaN,
    "gamma_20": NaN,
    "epsilon_20": NaN,
    "epsilon_prime_20": NaN
}