{
    "f0": 0.16637500000000005,
    "g0": 0.13612500000000002,
    "h0": 0,
    "t0": 0,
    "f1": 0.06000470871484379,
    "g1": 0.023666947734375013,
    "h1": 0.008127728103515629,
    "t1": 0.002522398376953126,
    "alpha_1": 0.8181818181818181,
    "beta_1": 0.0,
    "gamma_1": 9999,
    "epsilon_1": -1.0,
    "epsilon_prime_1": 12221.000000000002,
    "f2": 0.0012133887037002742,
    "g2": 0.00045267655394246547,
    "h2": 0.00016875621980328839,
    "t2": 6.28662428739552e-05,
    "alpha_2": 0.39441817552762076,
    "beta_2": 0.34342105263157896,
    "gamma_2": 0.3103448275862069,
    "epsilon_2": -0.06232981687293999,
    "epsilon_prime_2": -0.04042649727767696,
    "f3": 9.510225491137626e-09,
    "g3": 3.5468586073395515e-09,
    "h3": 1.3228083486336258e-09,
    "t3": 4.933441331419126e-10,
    "alpha_3": 0.3730680470009416,
    "beta_3": 0.3727964665577468,
    "gamma_3": 0.37252696787849116,
    "epsilon_3": -0.00033193165279365387,
    "epsilon_prime_3": -0.0003293872746457711,
    "f4": 4.577556115130751e-24,
    "g4": 1.7072091671617654e-24,
    "h4": 6.3670724446333085e-25,
    "t4": 2.37461304068592e-25,
    "alpha_4": 0.3729521040951965,
    "beta_4": 0.3729520951008097,
    "gamma_4": 0.37295208610643005,
    "epsilon_4": -1.0993139478967764e-08,
    "epsilon_prime_4": -1.0993130658862626e-08,
    "f5": 5.1046063960537817e-70,
    "g5": 1.903773676370689e-70,
    "h5": 7.10016391007904e-71,
    "t5": 2.6480210424011006e-71,
    "alpha_5": 0.37295210025251685,
    "beta_5": 0.372952100252517,
    "gamma_5": 0.37295210025251696,
    "epsilon_5": 2.0354088784794538e-16,
    "epsilon_prime_5": -6.78469626159818e-17,
    "f6": 7.078610410748489e-208,
    "g6": 2.6399826195579807e-208,
    "h6": 9.845870625942901e-209,
    "t6": 3.672038128759969e-209,
    "alpha_6": 0.3729521002525169,
    "beta_6": 0.37295210025251696,
    "gamma_6": 0.3729521002525169,
    "epsilon_6": 6.78469626159818e-17,
    "epsilon_prime_6": -6.78469626159818e-17,
    "f7": 0.0,
    "g7": 0.0,
    "h7": 0.0,
    "t7": 0.0,
    "alpha_7": 0.37295210025251696,
    "beta_7": 0.37295210025251685,
    "gamma_7": 0.37295210025251696,
    "epsilon_7": -1.356939252319636e-16,
    "epsilon_prime_7": 1.356939252319636e-16,
    "f8": 0.0,
    "g8": 0.0,
    "h8": 0.0,
    "t8": 0.0,
    "alpha_8": NaN,
    "beta_8": NaN,
    "gamma_8": NaN,
    "epsilon_8": NaN,
    "epsilon_prime_8": NaN,
    "f9": 0.0,
    "g9": 0.0,
    "h9": 0.0,
    "t9": 0.0,
    "alpha_9": NaN,
    "beta_9": NaN,
    "gamma_9": NaN,
    "epsilon_9": NaN,
    "epsilon_prime_9": NaN,
    "f10": 0.0,
    "g10": 0.0,
    "h10": 0.0,
    "t10": 0.0,
    "alpha_10": NaN,
    "beta_10": NaN,
    "gamma_10": NaN,
    "epsilon_10": NaN,
    "epsilon_prime_10": NaN,
    "f11": 0.0,
    "g11": 0.0,
    "h11": 0.0,
    "t11": 0.0,
    "alpha_11": NaN,
    "beta_11": NaN,
    "gamma_11": NaN,
    "epsilon_11": NaN,
    "epsilon_prime_11": NaN,
    "f12": 0.0,
    "g12": 0.0,
    "h12": 0.0,
    "t12": 0.0,
    "alpha_12": NaN,
    "beta_12": NaN,
    "gamma_12": NaN,
    "epsilon_12": NaN,
    "epsilon_prime_12": NaN,
    "f13": 0.0,
    "g13": 0.0,
    "h13": 0.0,
    "t13": 0.0,
    "alpha_13": NaN,
    "beta_13": NaN,
    "gamma_13": NaN,
    "epsilon_13": NaN,
    "epsilon_prime_13": NaN,
    "f14": 0.0,
    "g14": 0.0,
    "h14": 0.0,
    "t14": 0.0,
    "alpha_14": NaN,
    "beta_14": NaN,
    "gamma_14": NaN,
    "epsilon_14": NaN,
    "epsilon_prime_14": NaN,
    "f15": 0.0,
    "g15": 0.0,
    "h15": 0.0,
    "t15": 0.0,
    "alpha_15": NaN,
    "beta_15": NaN,
    "gamma_15": NaN,
    "epsilon_15": NaN,
    "epsilon_prime_15": NaN,
    "f16": 0.0,
    "g16": 0.0,
    "h16": 0.0,
    "t16": 0.0,
    "alpha_16": NaN,
    "beta_16": NaN,
    "gamma_16": NaN,
    "epsilon_16": NaN,
    "epsilon_prime_16": NaN,
    "f17": 0.0,
    "g17": 0.0,
    "h17": 0.0,
    "t17": 0.0,
    "alpha_17": NaN,
    "beta_17": NaN,
    "gamma_17": NaN,
    "epsilon_17": NaN,
    "epsilon_prime_17": NaN,
    "f18": 0.0,
    "g18": 0.0,
    "h18": 0.0,
    "t18": 0.0,
    "alpha_18": NaN,
    "beta_18": NaN,
    "gamma_18": NaN,
    "epsilon_18": NaN,
    "epsilon_prime_18": NaN,
    "f19": 0.0,
    "g19": 0.0,
    "h19": 0.0,
    "t19": 0.0,
    "alpha_19": NaN,
    "beta_19": NaN,
    "gamma_19": NaN,
    "epsilon_19": NaN,
    "epsilon_prime_19": NaN,
    "f20": 0.0,
    "g20": 0.0,
    "h20": 0.0,
    "t20": 0.0,
    "alpha_20": NaN,
    "beta_20": NaN,
    "gamma_20": NaN,
    "epsilon_20": NaN,
    "epsilon_prime_20": NaN
}