{
    "f1": 0.015909448199218763,
    "g1": 0.01370191710937501,
    "h1": 0.009248794048828132,
    "t1": 0.005044796753906253,
    "alpha_1": 0.8612440191387559,
    "epsilon_1": 0.0,
    "beta_1": 0.675,
    "gamma_1": 0.5454545454545454,
    "epsilon_prime_1": 0.15833333333333344,
    "f2": 7.598199935414156e-05,
    "g2": 5.708768864698865e-05,
    "h2": 4.2700306782708586e-05,
    "t2": 3.1798870023752175e-05,
    "alpha_2": 0.7513317513653576,
    "epsilon_2": 0.0,
    "beta_2": 0.7479775025882224,
    "gamma_2": 0.7446988656444284,
    "epsilon_prime_2": 0.004007222931303697,
    "f3": 6.867757920829858e-12,
    "g3": 5.146187144290543e-12,
    "h3": 3.856163156280977e-12,
    "t3": 2.8895116804114144e-12,
    "alpha_3": 0.7493256465377436,
    "epsilon_3": 0.0,
    "beta_3": 0.7493243149074382,
    "gamma_3": 0.7493229833143688,
    "epsilon_prime_3": 1.6275026404703279e-06,
    "f4": 5.053144067422734e-33,
    "g4": 3.786446409488658e-33,
    "h4": 2.837278379683701e-33,
    "t4": 2.1260431901650536e-33,
    "alpha_4": 0.7493248478505913,
    "epsilon_4": 0.0,
    "beta_4": 0.7493248478503786,
    "gamma_4": 0.7493248478501656,
    "epsilon_prime_4": 2.602609485949062e-13,
    "f5": 2.0128024912607123e-96,
    "g5": 1.5082429205169677e-96,
    "h5": 1.1301638969379156e-96,
    "t5": 8.468598901190908e-97,
    "alpha_5": 0.7493248478504638,
    "epsilon_5": 0.0,
    "beta_5": 0.7493248478504635,
    "gamma_5": 0.7493248478504637,
    "epsilon_prime_5": -2.713878504639272e-16
}