{
    "f0": 0.16637500000000005,
    "g0": 0.13612500000000002,
    "h0": 0,
    "t0": 0,
    "f1": 0.06000470871484379,
    "g1": 0.023666947734375013,
    "h1": 0.008127728103515629,
    "t1": 0.002522398376953126,
    "beta_1": 0.34342105263157896,
    "alpha_1": 0.39441817552762076,
    "epsilon_1": -0.06232981687293999,
    "gamma_1": 0.3103448275862069,
    "epsilon_prime_1": -0.04042649727767696,
    "f2": 0.0012133887037002742,
    "g2": 0.00045267655394246547,
    "h2": 0.00016875621980328839,
    "t2": 6.28662428739552e-05,
    "beta_2": 0.3727964665577468,
    "alpha_2": 0.3730680470009416,
    "epsilon_2": -0.00033193165279365387,
    "gamma_2": 0.37252696787849116,
    "epsilon_prime_2": -0.0003293872746457711,
    "f3": 9.510225491137626e-09,
    "g3": 3.5468586073395515e-09,
    "h3": 1.3228083486336258e-09,
    "t3": 4.933441331419126e-10,
    "beta_3": 0.3729520951008097,
    "alpha_3": 0.3729521040951965,
    "epsilon_3": -1.0993139478967764e-08,
    "gamma_3": 0.37295208610643005,
    "epsilon_prime_3": -1.0993130658862626e-08,
    "f4": 4.577556115130751e-24,
    "g4": 1.7072091671617654e-24,
    "h4": 6.3670724446333085e-25,
    "t4": 2.37461304068592e-25,
    "beta_4": 0.372952100252517,
    "alpha_4": 0.37295210025251685,
    "epsilon_4": 2.0354088784794538e-16,
    "gamma_4": 0.37295210025251696,
    "epsilon_prime_4": -6.78469626159818e-17,
    "f5": 5.1046063960537817e-70,
    "g5": 1.903773676370689e-70,
    "h5": 7.10016391007904e-71,
    "t5": 2.6480210424011006e-71,
    "beta_5": 0.37295210025251696,
    "alpha_5": 0.3729521002525169,
    "epsilon_5": 6.78469626159818e-17,
    "gamma_5": 0.3729521002525169,
    "epsilon_prime_5": -6.78469626159818e-17
}