{
    "f0": 0.15746400000000002,
    "g0": 0.134136,
    "h0": 0,
    "t0": 0,
    "f1": 0.0541850139126651,
    "g1": 0.021898865656627204,
    "h1": 0.007660040716141057,
    "t1": 0.0024134374859074562,
    "beta_1": 0.34979166666666667,
    "alpha_1": 0.4041498575957476,
    "epsilon_1": -0.06381178935152981,
    "gamma_1": 0.3150684931506849,
    "epsilon_prime_1": -0.04076198630136989,
    "f2": 0.0009217350159656857,
    "g2": 0.0003513014313081864,
    "h2": 0.0001337837462956836,
    "t2": 5.090718186304035e-05,
    "beta_2": 0.3808232314838451,
    "alpha_2": 0.38113061261986886,
    "epsilon_2": -0.0003608387248974378,
    "gamma_2": 0.38051843570389554,
    "epsilon_prime_2": -0.00035780374167993444,
    "f3": 4.285287497489286e-09,
    "g3": 1.6326850650470524e-09,
    "h3": 6.22049382302413e-10,
    "t3": 2.369994254090842e-10,
    "beta_3": 0.38099777821173747,
    "alpha_3": 0.38099778976407744,
    "epsilon_3": -1.3561442577609925e-08,
    "gamma_3": 0.38099776665940893,
    "epsilon_prime_3": -1.3561429153565441e-08,
    "f4": 4.304813422139144e-25,
    "g4": 1.6401243776751422e-25,
    "h4": 6.248837546384428e-26,
    "t4": 2.3807932625484056e-26,
    "beta_4": 0.3809977847681335,
    "alpha_4": 0.3809977847681336,
    "epsilon_4": -1.3033052897773578e-16,
    "gamma_4": 0.3809977847681335,
    "epsilon_prime_4": 0.0,
    "f5": 4.363926583409071e-73,
    "g5": 1.6626463611696257e-73,
    "h5": 6.334645804584255e-74,
    "t5": 2.4134860188373526e-74,
    "beta_5": 0.38099778476813356,
    "alpha_5": 0.38099778476813356,
    "epsilon_5": 0.0,
    "gamma_5": 0.3809977847681336,
    "epsilon_prime_5": 6.516526448886789e-17
}