{
    "f0": 0.15746400000000002,
    "g0": 0.134136,
    "h0": 0,
    "t0": 0,
    "f1": 0.0541850139126651,
    "g1": 0.021898865656627204,
    "h1": 0.007660040716141057,
    "t1": 0.0024134374859074562,
    "alpha_1": 0.8518518518518517,
    "beta_1": 0.0,
    "gamma_1": 9999,
    "epsilon_1": -1.0,
    "epsilon_prime_1": 11737.956521739132,
    "f2": 0.0009217350159656857,
    "g2": 0.0003513014313081864,
    "h2": 0.0001337837462956836,
    "t2": 5.090718186304035e-05,
    "alpha_2": 0.4041498575957476,
    "beta_2": 0.34979166666666667,
    "gamma_2": 0.3150684931506849,
    "epsilon_2": -0.06381178935152981,
    "epsilon_prime_2": -0.04076198630136989,
    "f3": 4.285287497489286e-09,
    "g3": 1.6326850650470524e-09,
    "h3": 6.22049382302413e-10,
    "t3": 2.369994254090842e-10,
    "alpha_3": 0.38113061261986886,
    "beta_3": 0.3808232314838451,
    "gamma_3": 0.38051843570389554,
    "epsilon_3": -0.0003608387248974378,
    "epsilon_prime_3": -0.00035780374167993444,
    "f4": 4.304813422139144e-25,
    "g4": 1.6401243776751422e-25,
    "h4": 6.248837546384428e-26,
    "t4": 2.3807932625484056e-26,
    "alpha_4": 0.38099778976407744,
    "beta_4": 0.38099777821173747,
    "gamma_4": 0.38099776665940893,
    "epsilon_4": -1.3561442577609925e-08,
    "epsilon_prime_4": -1.3561429153565441e-08,
    "f5": 4.363926583409071e-73,
    "g5": 1.6626463611696257e-73,
    "h5": 6.334645804584255e-74,
    "t5": 2.4134860188373526e-74,
    "alpha_5": 0.3809977847681336,
    "beta_5": 0.3809977847681335,
    "gamma_5": 0.3809977847681335,
    "epsilon_5": -1.3033052897773578e-16,
    "epsilon_prime_5": 0.0,
    "f6": 4.54618121420299e-217,
    "g6": 1.7320849717658425e-217,
    "h6": 6.599205372729612e-218,
    "t6": 2.5142826282399476e-218,
    "alpha_6": 0.38099778476813356,
    "beta_6": 0.38099778476813356,
    "gamma_6": 0.3809977847681336,
    "epsilon_6": 0.0,
    "epsilon_prime_6": 6.516526448886789e-17,
    "f7": 0.0,
    "g7": 0.0,
    "h7": 0.0,
    "t7": 0.0,
    "alpha_7": 0.3809977847681335,
    "beta_7": 0.38099778476813356,
    "gamma_7": 0.3809977847681336,
    "epsilon_7": 6.516526448886789e-17,
    "epsilon_prime_7": 6.516526448886789e-17,
    "f8": 0.0,
    "g8": 0.0,
    "h8": 0.0,
    "t8": 0.0,
    "alpha_8": NaN,
    "beta_8": NaN,
    "gamma_8": NaN,
    "epsilon_8": NaN,
    "epsilon_prime_8": NaN,
    "f9": 0.0,
    "g9": 0.0,
    "h9": 0.0,
    "t9": 0.0,
    "alpha_9": NaN,
    "beta_9": NaN,
    "gamma_9": NaN,
    "epsilon_9": NaN,
    "epsilon_prime_9": NaN,
    "f10": 0.0,
    "g10": 0.0,
    "h10": 0.0,
    "t10": 0.0,
    "alpha_10": NaN,
    "beta_10": NaN,
    "gamma_10": NaN,
    "epsilon_10": NaN,
    "epsilon_prime_10": NaN,
    "f11": 0.0,
    "g11": 0.0,
    "h11": 0.0,
    "t11": 0.0,
    "alpha_11": NaN,
    "beta_11": NaN,
    "gamma_11": NaN,
    "epsilon_11": NaN,
    "epsilon_prime_11": NaN,
    "f12": 0.0,
    "g12": 0.0,
    "h12": 0.0,
    "t12": 0.0,
    "alpha_12": NaN,
    "beta_12": NaN,
    "gamma_12": NaN,
    "epsilon_12": NaN,
    "epsilon_prime_12": NaN,
    "f13": 0.0,
    "g13": 0.0,
    "h13": 0.0,
    "t13": 0.0,
    "alpha_13": NaN,
    "beta_13": NaN,
    "gamma_13": NaN,
    "epsilon_13": NaN,
    "epsilon_prime_13": NaN,
    "f14": 0.0,
    "g14": 0.0,
    "h14": 0.0,
    "t14": 0.0,
    "alpha_14": NaN,
    "beta_14": NaN,
    "gamma_14": NaN,
    "epsilon_14": NaN,
    "epsilon_prime_14": NaN,
    "f15": 0.0,
    "g15": 0.0,
    "h15": 0.0,
    "t15": 0.0,
    "alpha_15": NaN,
    "beta_15": NaN,
    "gamma_15": NaN,
    "epsilon_15": NaN,
    "epsilon_prime_15": NaN,
    "f16": 0.0,
    "g16": 0.0,
    "h16": 0.0,
    "t16": 0.0,
    "alpha_16": NaN,
    "beta_16": NaN,
    "gamma_16": NaN,
    "epsilon_16": NaN,
    "epsilon_prime_16": NaN,
    "f17": 0.0,
    "g17": 0.0,
    "h17": 0.0,
    "t17": 0.0,
    "alpha_17": NaN,
    "beta_17": NaN,
    "gamma_17": NaN,
    "epsilon_17": NaN,
    "epsilon_prime_17": NaN,
    "f18": 0.0,
    "g18": 0.0,
    "h18": 0.0,
    "t18": 0.0,
    "alpha_18": NaN,
    "beta_18": NaN,
    "gamma_18": NaN,
    "epsilon_18": NaN,
    "epsilon_prime_18": NaN,
    "f19": 0.0,
    "g19": 0.0,
    "h19": 0.0,
    "t19": 0.0,
    "alpha_19": NaN,
    "beta_19": NaN,
    "gamma_19": NaN,
    "epsilon_19": NaN,
    "epsilon_prime_19": NaN,
    "f20": 0.0,
    "g20": 0.0,
    "h20": 0.0,
    "t20": 0.0,
    "alpha_20": NaN,
    "beta_20": NaN,
    "gamma_20": NaN,
    "epsilon_20": NaN,
    "epsilon_prime_20": NaN
}