{
    "f0": 0.15746400000000002,
    "g0": 0.134136,
    "h0": 0,
    "t0": 0,
    "f1": 0.8712309628034021,
    "g1": 0.2496717005030804,
    "h1": 0.0029198893787648387,
    "t1": 0.002487313174503381,
    "alpha_1": 0.8518518518518517,
    "beta_1": 0.0,
    "gamma_1": 9999,
    "epsilon_1": -1.0,
    "epsilon_prime_1": 11737.956521739132,
    "f2": 22.84553068940084,
    "g2": 3.5432334632609104,
    "h2": 0.148819286125311,
    "t2": 0.0327224242312293,
    "alpha_2": 0.2865734933245482,
    "beta_2": 0.011694915254237288,
    "gamma_2": 0.8518518518518519,
    "epsilon_2": -0.32268354816949546,
    "epsilon_prime_2": 0.9862711864406781,
    "f3": 159992.47701932272,
    "g3": 15362.422353146703,
    "h3": 1269.6938324768978,
    "t3": 126.86362444947605,
    "alpha_3": 0.1550952574240173,
    "beta_3": 0.04200098234236859,
    "gamma_3": 0.21988026608107689,
    "epsilon_3": -0.1327628446610659,
    "epsilon_prime_3": 0.2088148113454402,
    "f4": 2.6905732778618668e+16,
    "g4": 2419293293382767.0,
    "h4": 217480091979162.56,
    "t4": 19556618548077.832,
    "alpha_4": 0.09601965441969713,
    "beta_4": 0.08264932465008196,
    "gamma_4": 0.09991670527531238,
    "epsilon_4": -0.015695604512156947,
    "epsilon_prime_4": 0.0202704033426618,
    "f5": 1.1713583204573687e+50,
    "g5": 1.0531345031677248e+49,
    "h5": 9.46842876677956e+47,
    "t5": 8.512791390103364e+46,
    "alpha_5": 0.08991739096232014,
    "beta_5": 0.08989405814252141,
    "gamma_5": 0.08992371839695383,
    "epsilon_5": -2.7390701502856736e-05,
    "epsilon_prime_5": 3.481855955110218e-05,
    "f6": 9.664047512488174e+150,
    "g6": 8.688666565912379e+149,
    "h6": 7.811729670828848e+148,
    "t6": 7.023300984930807e+147,
    "alpha_6": 0.08990711764069921,
    "beta_6": 0.08990711764071407,
    "gamma_6": 0.08990711764100612,
    "epsilon_6": 1.7447999566894377e-14,
    "epsilon_prime_6": 3.4283445647593397e-13,
    "f7": Infinity,
    "g7": Infinity,
    "h7": Infinity,
    "t7": Infinity,
    "alpha_7": 0.0899071176407672,
    "beta_7": 0.08990711764076718,
    "gamma_7": 0.08990711764076718,
    "epsilon_7": -1.6291316122216972e-17,
    "epsilon_prime_7": 0.0,
    "f8": Infinity,
    "g8": Infinity,
    "h8": Infinity,
    "t8": Infinity,
    "alpha_8": NaN,
    "beta_8": NaN,
    "gamma_8": NaN,
    "epsilon_8": NaN,
    "epsilon_prime_8": NaN,
    "f9": Infinity,
    "g9": Infinity,
    "h9": Infinity,
    "t9": Infinity,
    "alpha_9": NaN,
    "beta_9": NaN,
    "gamma_9": NaN,
    "epsilon_9": NaN,
    "epsilon_prime_9": NaN,
    "f10": Infinity,
    "g10": Infinity,
    "h10": Infinity,
    "t10": Infinity,
    "alpha_10": NaN,
    "beta_10": NaN,
    "gamma_10": NaN,
    "epsilon_10": NaN,
    "epsilon_prime_10": NaN,
    "f11": Infinity,
    "g11": Infinity,
    "h11": Infinity,
    "t11": Infinity,
    "alpha_11": NaN,
    "beta_11": NaN,
    "gamma_11": NaN,
    "epsilon_11": NaN,
    "epsilon_prime_11": NaN,
    "f12": Infinity,
    "g12": Infinity,
    "h12": Infinity,
    "t12": Infinity,
    "alpha_12": NaN,
    "beta_12": NaN,
    "gamma_12": NaN,
    "epsilon_12": NaN,
    "epsilon_prime_12": NaN,
    "f13": Infinity,
    "g13": Infinity,
    "h13": Infinity,
    "t13": Infinity,
    "alpha_13": NaN,
    "beta_13": NaN,
    "gamma_13": NaN,
    "epsilon_13": NaN,
    "epsilon_prime_13": NaN,
    "f14": Infinity,
    "g14": Infinity,
    "h14": Infinity,
    "t14": Infinity,
    "alpha_14": NaN,
    "beta_14": NaN,
    "gamma_14": NaN,
    "epsilon_14": NaN,
    "epsilon_prime_14": NaN,
    "f15": Infinity,
    "g15": Infinity,
    "h15": Infinity,
    "t15": Infinity,
    "alpha_15": NaN,
    "beta_15": NaN,
    "gamma_15": NaN,
    "epsilon_15": NaN,
    "epsilon_prime_15": NaN,
    "f16": Infinity,
    "g16": Infinity,
    "h16": Infinity,
    "t16": Infinity,
    "alpha_16": NaN,
    "beta_16": NaN,
    "gamma_16": NaN,
    "epsilon_16": NaN,
    "epsilon_prime_16": NaN,
    "f17": Infinity,
    "g17": Infinity,
    "h17": Infinity,
    "t17": Infinity,
    "alpha_17": NaN,
    "beta_17": NaN,
    "gamma_17": NaN,
    "epsilon_17": NaN,
    "epsilon_prime_17": NaN,
    "f18": Infinity,
    "g18": Infinity,
    "h18": Infinity,
    "t18": Infinity,
    "alpha_18": NaN,
    "beta_18": NaN,
    "gamma_18": NaN,
    "epsilon_18": NaN,
    "epsilon_prime_18": NaN,
    "f19": Infinity,
    "g19": Infinity,
    "h19": Infinity,
    "t19": Infinity,
    "alpha_19": NaN,
    "beta_19": NaN,
    "gamma_19": NaN,
    "epsilon_19": NaN,
    "epsilon_prime_19": NaN,
    "f20": Infinity,
    "g20": Infinity,
    "h20": Infinity,
    "t20": Infinity,
    "alpha_20": NaN,
    "beta_20": NaN,
    "gamma_20": NaN,
    "epsilon_20": NaN,
    "epsilon_prime_20": NaN
}