{
    "f1": 0.013881976577114121,
    "g1": 0.012318111931852806,
    "h1": 0.008499497232978437,
    "t1": 0.004826874971814914,
    "alpha_1": 0.8873456790123455,
    "epsilon_1": 0.0,
    "beta_1": 0.6900000000000001,
    "gamma_1": 0.5679012345679012,
    "epsilon_prime_1": 0.14333333333333345,
    "f2": 5.3248083559857116e-05,
    "g2": 4.105524289825801e-05,
    "h2": 3.1508720296577745e-05,
    "t2": 2.407351695233514e-05,
    "alpha_2": 0.7710182255124184,
    "epsilon_2": 0.0,
    "beta_2": 0.7674712916608921,
    "gamma_2": 0.7640271241022073,
    "epsilon_prime_2": 0.004043153221064788,
    "f3": 2.4768831869979277e-12,
    "g3": 1.904419030903267e-12,
    "h3": 1.4642615793140031e-12,
    "t3": 1.1258330360033633e-12,
    "alpha_3": 0.7688772086226205,
    "epsilon_3": 0.0,
    "beta_3": 0.7688757335193732,
    "gamma_3": 0.7688742584715011,
    "epsilon_prime_3": 1.7315779367757162e-06,
    "f4": 2.483505483576933e-34,
    "g4": 1.909508543968071e-34,
    "h4": 1.4681758923416038e-34,
    "t4": 1.1288456695632255e-34,
    "alpha_4": 0.7688763147878587,
    "epsilon_4": 0.0,
    "beta_4": 0.7688763147875988,
    "gamma_4": 0.7688763147873391,
    "epsilon_prime_4": 3.04843107278924e-13,
    "f5": 2.5034748287372756e-100,
    "g5": 1.9248625004832884e-100,
    "h5": 1.4799811858446302e-100,
    "t5": 1.137922480127351e-100,
    "alpha_5": 0.7688763147877015,
    "epsilon_5": 0.0,
    "beta_5": 0.768876314787701,
    "gamma_5": 0.7688763147877011,
    "epsilon_prime_5": -1.3033052897773578e-16
}