{
    "f0": 0.148877,
    "g0": 0.13202300000000003,
    "h0": 0,
    "t0": 0,
    "f1": 0.7976881613173697,
    "g1": 0.23780513175160917,
    "h1": 0.0026743683214142592,
    "t1": 0.0023716096435183057,
    "alpha_1": 0.8867924528301888,
    "beta_1": 0.0,
    "gamma_1": 9999,
    "epsilon_1": -1.0000000000000002,
    "epsilon_prime_1": 11275.468085106382,
    "f2": 18.933099937602584,
    "g2": 3.037640715743672,
    "h2": 0.1236410149493698,
    "t2": 0.028233653367183288,
    "alpha_2": 0.29811791535037657,
    "beta_2": 0.011246049661399549,
    "gamma_2": 0.8867924528301888,
    "epsilon_2": -0.3234938059896975,
    "epsilon_prime_2": 0.9873182844243794,
    "f3": 96930.75152910492,
    "g3": 9434.308504552388,
    "h3": 774.2571439132696,
    "t3": 78.68621444171475,
    "alpha_3": 0.16044074798922311,
    "beta_3": 0.04070297527569851,
    "gamma_3": 0.22835184084136473,
    "epsilon_3": -0.13502344582588943,
    "epsilon_prime_3": 0.2116040398931981,
    "f4": 6131819346013438.0,
    "g4": 553681453778007.2,
    "h4": 49976526109815.48,
    "t4": 4513144037405.664,
    "alpha_4": 0.09733039675978984,
    "beta_4": 0.08206824522853616,
    "gamma_4": 0.10162801216662586,
    "epsilon_4": -0.017210511301200958,
    "epsilon_prime_4": 0.022056758462101145,
    "f5": 1.4020915226159582e+48,
    "g5": 1.265826365370164e+47,
    "h5": 1.14280441855473e+46,
    "t5": 1.0317386134523574e+45,
    "alpha_5": 0.09029643936558235,
    "beta_5": 0.09026223610851347,
    "gamma_5": 0.09030527707125435,
    "epsilon_5": -3.8569630311711926e-05,
    "epsilon_prime_5": 4.8535553729078806e-05,
    "f6": 1.675871180620735e+145,
    "g6": 1.5129981824843674e+144,
    "h6": 1.3659543326910745e+143,
    "t6": 1.233201242802416e+142,
    "alpha_6": 0.09028129369247188,
    "beta_6": 0.09028129369232574,
    "gamma_6": 0.09028129369303331,
    "epsilon_6": -1.64804045115255e-13,
    "epsilon_prime_6": 7.979013431057251e-13,
    "f7": Infinity,
    "g7": Infinity,
    "h7": Infinity,
    "t7": Infinity,
    "alpha_7": 0.0902812936925116,
    "beta_7": 0.09028129369251162,
    "gamma_7": 0.0902812936925116,
    "epsilon_7": 1.564942029391843e-17,
    "epsilon_prime_7": -1.564942029391843e-17,
    "f8": Infinity,
    "g8": Infinity,
    "h8": Infinity,
    "t8": Infinity,
    "alpha_8": NaN,
    "beta_8": NaN,
    "gamma_8": NaN,
    "epsilon_8": NaN,
    "epsilon_prime_8": NaN,
    "f9": Infinity,
    "g9": Infinity,
    "h9": Infinity,
    "t9": Infinity,
    "alpha_9": NaN,
    "beta_9": NaN,
    "gamma_9": NaN,
    "epsilon_9": NaN,
    "epsilon_prime_9": NaN,
    "f10": Infinity,
    "g10": Infinity,
    "h10": Infinity,
    "t10": Infinity,
    "alpha_10": NaN,
    "beta_10": NaN,
    "gamma_10": NaN,
    "epsilon_10": NaN,
    "epsilon_prime_10": NaN,
    "f11": Infinity,
    "g11": Infinity,
    "h11": Infinity,
    "t11": Infinity,
    "alpha_11": NaN,
    "beta_11": NaN,
    "gamma_11": NaN,
    "epsilon_11": NaN,
    "epsilon_prime_11": NaN,
    "f12": Infinity,
    "g12": Infinity,
    "h12": Infinity,
    "t12": Infinity,
    "alpha_12": NaN,
    "beta_12": NaN,
    "gamma_12": NaN,
    "epsilon_12": NaN,
    "epsilon_prime_12": NaN,
    "f13": Infinity,
    "g13": Infinity,
    "h13": Infinity,
    "t13": Infinity,
    "alpha_13": NaN,
    "beta_13": NaN,
    "gamma_13": NaN,
    "epsilon_13": NaN,
    "epsilon_prime_13": NaN,
    "f14": Infinity,
    "g14": Infinity,
    "h14": Infinity,
    "t14": Infinity,
    "alpha_14": NaN,
    "beta_14": NaN,
    "gamma_14": NaN,
    "epsilon_14": NaN,
    "epsilon_prime_14": NaN,
    "f15": Infinity,
    "g15": Infinity,
    "h15": Infinity,
    "t15": Infinity,
    "alpha_15": NaN,
    "beta_15": NaN,
    "gamma_15": NaN,
    "epsilon_15": NaN,
    "epsilon_prime_15": NaN,
    "f16": Infinity,
    "g16": Infinity,
    "h16": Infinity,
    "t16": Infinity,
    "alpha_16": NaN,
    "beta_16": NaN,
    "gamma_16": NaN,
    "epsilon_16": NaN,
    "epsilon_prime_16": NaN,
    "f17": Infinity,
    "g17": Infinity,
    "h17": Infinity,
    "t17": Infinity,
    "alpha_17": NaN,
    "beta_17": NaN,
    "gamma_17": NaN,
    "epsilon_17": NaN,
    "epsilon_prime_17": NaN,
    "f18": Infinity,
    "g18": Infinity,
    "h18": Infinity,
    "t18": Infinity,
    "alpha_18": NaN,
    "beta_18": NaN,
    "gamma_18": NaN,
    "epsilon_18": NaN,
    "epsilon_prime_18": NaN,
    "f19": Infinity,
    "g19": Infinity,
    "h19": Infinity,
    "t19": Infinity,
    "alpha_19": NaN,
    "beta_19": NaN,
    "gamma_19": NaN,
    "epsilon_19": NaN,
    "epsilon_prime_19": NaN,
    "f20": Infinity,
    "g20": Infinity,
    "h20": Infinity,
    "t20": Infinity,
    "alpha_20": NaN,
    "beta_20": NaN,
    "gamma_20": NaN,
    "epsilon_20": NaN,
    "epsilon_prime_20": NaN
}