{
    "f0": 0.148877,
    "g0": 0.13202300000000003,
    "h0": 0,
    "t0": 0,
    "f1": 0.048813769389897683,
    "g1": 0.020209464477422213,
    "h1": 0.007197277838892272,
    "t1": 0.0023011704654961685,
    "alpha_1": 0.8867924528301888,
    "beta_1": 0.0,
    "gamma_1": 9999,
    "epsilon_1": -1.0000000000000002,
    "epsilon_prime_1": 11275.468085106382,
    "f2": 0.0006952285387067615,
    "g2": 0.00027060209562181867,
    "h2": 0.00010523188626392005,
    "t2": 4.088645110378106e-05,
    "alpha_2": 0.41401155309273635,
    "beta_2": 0.3561340206185567,
    "gamma_2": 0.31972789115646255,
    "epsilon_2": -0.0652661536410962,
    "epsilon_prime_2": -0.041053720457255104,
    "f3": 1.8899740333700577e-09,
    "g3": 7.353431961649621e-10,
    "h3": 2.8610424592554186e-10,
    "t3": 1.1131623554653024e-10,
    "alpha_3": 0.3892275425361317,
    "beta_3": 0.3888805296282236,
    "gamma_3": 0.38853671216382485,
    "epsilon_3": -0.00039131242806653794,
    "epsilon_prime_3": -0.0003877090555986081,
    "f4": 3.7955428015969126e-26,
    "g4": 1.4767539020642068e-26,
    "h4": 5.745692253409245e-27,
    "t4": 2.2355098858883298e-27,
    "alpha_4": 0.3890758196575612,
    "beta_4": 0.3890758048998921,
    "gamma_4": 0.38907579014224103,
    "epsilon_4": -1.6641626905116926e-08,
    "epsilon_prime_4": -1.664160649827286e-08,
    "f5": 3.074171229215519e-76,
    "g5": 1.1960856709210316e-76,
    "h5": 4.653680050696746e-77,
    "t5": 1.8106343500943655e-77,
    "alpha_5": 0.38907581319933654,
    "beta_5": 0.38907581319933643,
    "gamma_5": 0.38907581319933643,
    "epsilon_5": -1.2519536235134744e-16,
    "epsilon_prime_5": 0.0,
    "f6": 1.6333924176721177e-226,
    "g6": 6.355134831794095e-227,
    "h6": 2.4726292526717157e-227,
    "t6": 9.620402372237157e-228,
    "alpha_6": 0.3890758131993364,
    "beta_6": 0.3890758131993367,
    "gamma_6": 0.3890758131993364,
    "epsilon_6": 3.755860870540423e-16,
    "epsilon_prime_6": -3.755860870540423e-16,
    "f7": 0.0,
    "g7": 0.0,
    "h7": 0.0,
    "t7": 0.0,
    "alpha_7": 0.38907581319933654,
    "beta_7": 0.38907581319933643,
    "gamma_7": 0.3890758131993366,
    "epsilon_7": -1.2519536235134744e-16,
    "epsilon_prime_7": 1.8779304352702115e-16,
    "f8": 0.0,
    "g8": 0.0,
    "h8": 0.0,
    "t8": 0.0,
    "alpha_8": NaN,
    "beta_8": NaN,
    "gamma_8": NaN,
    "epsilon_8": NaN,
    "epsilon_prime_8": NaN,
    "f9": 0.0,
    "g9": 0.0,
    "h9": 0.0,
    "t9": 0.0,
    "alpha_9": NaN,
    "beta_9": NaN,
    "gamma_9": NaN,
    "epsilon_9": NaN,
    "epsilon_prime_9": NaN,
    "f10": 0.0,
    "g10": 0.0,
    "h10": 0.0,
    "t10": 0.0,
    "alpha_10": NaN,
    "beta_10": NaN,
    "gamma_10": NaN,
    "epsilon_10": NaN,
    "epsilon_prime_10": NaN,
    "f11": 0.0,
    "g11": 0.0,
    "h11": 0.0,
    "t11": 0.0,
    "alpha_11": NaN,
    "beta_11": NaN,
    "gamma_11": NaN,
    "epsilon_11": NaN,
    "epsilon_prime_11": NaN,
    "f12": 0.0,
    "g12": 0.0,
    "h12": 0.0,
    "t12": 0.0,
    "alpha_12": NaN,
    "beta_12": NaN,
    "gamma_12": NaN,
    "epsilon_12": NaN,
    "epsilon_prime_12": NaN,
    "f13": 0.0,
    "g13": 0.0,
    "h13": 0.0,
    "t13": 0.0,
    "alpha_13": NaN,
    "beta_13": NaN,
    "gamma_13": NaN,
    "epsilon_13": NaN,
    "epsilon_prime_13": NaN,
    "f14": 0.0,
    "g14": 0.0,
    "h14": 0.0,
    "t14": 0.0,
    "alpha_14": NaN,
    "beta_14": NaN,
    "gamma_14": NaN,
    "epsilon_14": NaN,
    "epsilon_prime_14": NaN,
    "f15": 0.0,
    "g15": 0.0,
    "h15": 0.0,
    "t15": 0.0,
    "alpha_15": NaN,
    "beta_15": NaN,
    "gamma_15": NaN,
    "epsilon_15": NaN,
    "epsilon_prime_15": NaN,
    "f16": 0.0,
    "g16": 0.0,
    "h16": 0.0,
    "t16": 0.0,
    "alpha_16": NaN,
    "beta_16": NaN,
    "gamma_16": NaN,
    "epsilon_16": NaN,
    "epsilon_prime_16": NaN,
    "f17": 0.0,
    "g17": 0.0,
    "h17": 0.0,
    "t17": 0.0,
    "alpha_17": NaN,
    "beta_17": NaN,
    "gamma_17": NaN,
    "epsilon_17": NaN,
    "epsilon_prime_17": NaN,
    "f18": 0.0,
    "g18": 0.0,
    "h18": 0.0,
    "t18": 0.0,
    "alpha_18": NaN,
    "beta_18": NaN,
    "gamma_18": NaN,
    "epsilon_18": NaN,
    "epsilon_prime_18": NaN,
    "f19": 0.0,
    "g19": 0.0,
    "h19": 0.0,
    "t19": 0.0,
    "alpha_19": NaN,
    "beta_19": NaN,
    "gamma_19": NaN,
    "epsilon_19": NaN,
    "epsilon_prime_19": NaN,
    "f20": 0.0,
    "g20": 0.0,
    "h20": 0.0,
    "t20": 0.0,
    "alpha_20": NaN,
    "beta_20": NaN,
    "gamma_20": NaN,
    "epsilon_20": NaN,
    "epsilon_prime_20": NaN
}