{
    "f0": 0.148877,
    "g0": 0.132023,
    "h0": 0,
    "t0": 0,
    "f1": 0.04881376938989767,
    "g1": 0.020209464477422202,
    "h1": 0.007197277838892268,
    "t1": 0.002301170465496167,
    "beta_1": 0.3561340206185567,
    "alpha_1": 0.41401155309273624,
    "epsilon_1": -0.06526615364109609,
    "gamma_1": 0.31972789115646255,
    "epsilon_prime_1": -0.04105372045725511,
    "f2": 0.0006952285387067606,
    "g2": 0.0002706020956218183,
    "h2": 0.00010523188626391991,
    "t2": 4.0886451103781e-05,
    "beta_2": 0.3888805296282236,
    "alpha_2": 0.3892275425361316,
    "epsilon_2": -0.0003913124280664754,
    "gamma_2": 0.3885367121638248,
    "epsilon_prime_2": -0.0003877090555986708,
    "f3": 1.8899740333700502e-09,
    "g3": 7.353431961649592e-10,
    "h3": 2.861042459255406e-10,
    "t3": 1.1131623554652979e-10,
    "beta_3": 0.3890758048998919,
    "alpha_3": 0.3890758196575612,
    "epsilon_3": -1.664162709290997e-08,
    "gamma_3": 0.38907579014224114,
    "epsilon_prime_3": -1.6641606185284458e-08,
    "f4": 3.795542801596867e-26,
    "g4": 1.476753902064189e-26,
    "h4": 5.745692253409176e-27,
    "t4": 2.2355098858883025e-27,
    "beta_4": 0.3890758131993365,
    "alpha_4": 0.3890758131993365,
    "epsilon_4": 0.0,
    "gamma_4": 0.3890758131993364,
    "epsilon_prime_4": -1.2519536235134746e-16,
    "f5": 3.074171229215408e-76,
    "g5": 1.1960856709209885e-76,
    "h5": 4.653680050696577e-77,
    "t5": 1.8106343500943003e-77,
    "beta_5": 0.38907581319933654,
    "alpha_5": 0.3890758131993364,
    "epsilon_5": 1.877930435270212e-16,
    "gamma_5": 0.38907581319933654,
    "epsilon_prime_5": 0.0
}