{
    "f1": 0.012078379939804039,
    "g1": 0.011042284714467804,
    "h1": 0.007784810723699802,
    "t1": 0.004602340930992334,
    "alpha_1": 0.9142190235362769,
    "epsilon_1": 0.0,
    "beta_1": 0.7050000000000001,
    "gamma_1": 0.591194968553459,
    "epsilon_prime_1": 0.12833333333333358,
    "f2": 3.701195689769585e-05,
    "g2": 2.927872163385742e-05,
    "h2": 2.3051476287877742e-05,
    "t2": 1.8065353911046625e-05,
    "alpha_2": 0.7910611620667953,
    "epsilon_2": 0.0,
    "beta_2": 0.7873115696834729,
    "gamma_2": 0.7836961800380131,
    "epsilon_prime_2": 0.004076928749135544,
    "f3": 8.717191161738404e-13,
    "g3": 6.87592470671859e-13,
    "h3": 5.423563837122054e-13,
    "t3": 4.2779677044797734e-13,
    "alpha_3": 0.7887775522118269,
    "epsilon_3": 0.0,
    "beta_3": 0.7887759201060757,
    "gamma_3": 0.7887742880795191,
    "epsilon_prime_3": 1.8403703722954786e-06,
    "f4": 1.1343663447483144e-35,
    "g4": 8.947615756047362e-36,
    "h4": 7.057669516420465e-36,
    "t4": 5.566924235579241e-36,
    "alpha_4": 0.7887765533129069,
    "epsilon_4": 0.0,
    "beta_4": 0.7887765533125903,
    "gamma_4": 0.7887765533122744,
    "epsilon_prime_4": 3.5630600125193486e-13,
    "f5": 2.499671077668793e-104,
    "g5": 1.9716819370590656e-104,
    "h5": 1.5552164825423842e-104,
    "t5": 1.2267182967549031e-104,
    "alpha_5": 0.7887765533127131,
    "epsilon_5": 0.0,
    "beta_5": 0.7887765533127135,
    "gamma_5": 0.7887765533127131,
    "epsilon_prime_5": 3.755860870540424e-16
}