{
    "f0": 0.140608,
    "g0": 0.12979200000000002,
    "h0": 0,
    "t0": 0,
    "f1": 0.043867345052237834,
    "g1": 0.018600189571891208,
    "h1": 0.00674161973054669,
    "t1": 0.002186471263961089,
    "alpha_1": 0.9230769230769231,
    "beta_1": 0.0,
    "gamma_1": 9999,
    "epsilon_1": -1.0000000000000002,
    "epsilon_prime_1": 10832.250000000002,
    "f2": 0.0005205590121759729,
    "g2": 0.0002068500344435908,
    "h2": 8.211337216088364e-05,
    "t2": 3.25648231996399e-05,
    "alpha_2": 0.4240099224090687,
    "beta_2": 0.3624489795918367,
    "gamma_2": 0.32432432432432434,
    "epsilon_2": -0.06669102138533468,
    "epsilon_prime_2": -0.04130170987313839,
    "f3": 8.153407816048e-10,
    "g3": 3.2384399536122507e-10,
    "h3": 1.2862710997090095e-10,
    "t3": 5.108920614614882e-11,
    "alpha_3": 0.39736135501514663,
    "beta_3": 0.39697055106498635,
    "gamma_3": 0.3965836786709486,
    "epsilon_3": -0.0004233709460069689,
    "epsilon_prime_3": -0.00041911176020754026,
    "f4": 3.131544579089371e-27,
    "g4": 1.2438135192351982e-27,
    "h4": 4.9402843598737005e-28,
    "t4": 1.962224174200954e-28,
    "alpha_4": 0.39718851634505137,
    "beta_4": 0.39718849758948443,
    "gamma_4": 0.39718847883394587,
    "epsilon_4": -2.031853084394353e-08,
    "epsilon_prime_4": -2.0318500113895396e-08,
    "f5": 1.7742584768202218e-79,
    "g5": 7.04715077288913e-80,
    "h5": 2.7990473014301368e-80,
    "t5": 1.1117494215937345e-80,
    "alpha_5": 0.3971885080418972,
    "beta_5": 0.39718850804189726,
    "gamma_5": 0.39718850804189715,
    "epsilon_5": 6.013708050052932e-17,
    "epsilon_prime_5": -1.2027416100105864e-16,
    "f6": 3.2269464599891553e-236,
    "g6": 1.281706049974175e-236,
    "h6": 5.090789137375157e-237,
    "t6": 2.022002942229936e-237,
    "alpha_6": 0.3971885080418972,
    "beta_6": 0.39718850804189726,
    "gamma_6": 0.3971885080418972,
    "epsilon_6": 6.013708050052932e-17,
    "epsilon_prime_6": -6.013708050052932e-17,
    "f7": 0.0,
    "g7": 0.0,
    "h7": 0.0,
    "t7": 0.0,
    "alpha_7": 0.39718850804189737,
    "beta_7": 0.3971885080418971,
    "gamma_7": 0.39718850804189726,
    "epsilon_7": -3.0068540250264663e-16,
    "epsilon_prime_7": 1.8041124150158796e-16,
    "f8": 0.0,
    "g8": 0.0,
    "h8": 0.0,
    "t8": 0.0,
    "alpha_8": NaN,
    "beta_8": NaN,
    "gamma_8": NaN,
    "epsilon_8": NaN,
    "epsilon_prime_8": NaN,
    "f9": 0.0,
    "g9": 0.0,
    "h9": 0.0,
    "t9": 0.0,
    "alpha_9": NaN,
    "beta_9": NaN,
    "gamma_9": NaN,
    "epsilon_9": NaN,
    "epsilon_prime_9": NaN,
    "f10": 0.0,
    "g10": 0.0,
    "h10": 0.0,
    "t10": 0.0,
    "alpha_10": NaN,
    "beta_10": NaN,
    "gamma_10": NaN,
    "epsilon_10": NaN,
    "epsilon_prime_10": NaN,
    "f11": 0.0,
    "g11": 0.0,
    "h11": 0.0,
    "t11": 0.0,
    "alpha_11": NaN,
    "beta_11": NaN,
    "gamma_11": NaN,
    "epsilon_11": NaN,
    "epsilon_prime_11": NaN,
    "f12": 0.0,
    "g12": 0.0,
    "h12": 0.0,
    "t12": 0.0,
    "alpha_12": NaN,
    "beta_12": NaN,
    "gamma_12": NaN,
    "epsilon_12": NaN,
    "epsilon_prime_12": NaN,
    "f13": 0.0,
    "g13": 0.0,
    "h13": 0.0,
    "t13": 0.0,
    "alpha_13": NaN,
    "beta_13": NaN,
    "gamma_13": NaN,
    "epsilon_13": NaN,
    "epsilon_prime_13": NaN,
    "f14": 0.0,
    "g14": 0.0,
    "h14": 0.0,
    "t14": 0.0,
    "alpha_14": NaN,
    "beta_14": NaN,
    "gamma_14": NaN,
    "epsilon_14": NaN,
    "epsilon_prime_14": NaN,
    "f15": 0.0,
    "g15": 0.0,
    "h15": 0.0,
    "t15": 0.0,
    "alpha_15": NaN,
    "beta_15": NaN,
    "gamma_15": NaN,
    "epsilon_15": NaN,
    "epsilon_prime_15": NaN,
    "f16": 0.0,
    "g16": 0.0,
    "h16": 0.0,
    "t16": 0.0,
    "alpha_16": NaN,
    "beta_16": NaN,
    "gamma_16": NaN,
    "epsilon_16": NaN,
    "epsilon_prime_16": NaN,
    "f17": 0.0,
    "g17": 0.0,
    "h17": 0.0,
    "t17": 0.0,
    "alpha_17": NaN,
    "beta_17": NaN,
    "gamma_17": NaN,
    "epsilon_17": NaN,
    "epsilon_prime_17": NaN,
    "f18": 0.0,
    "g18": 0.0,
    "h18": 0.0,
    "t18": 0.0,
    "alpha_18": NaN,
    "beta_18": NaN,
    "gamma_18": NaN,
    "epsilon_18": NaN,
    "epsilon_prime_18": NaN,
    "f19": 0.0,
    "g19": 0.0,
    "h19": 0.0,
    "t19": 0.0,
    "alpha_19": NaN,
    "beta_19": NaN,
    "gamma_19": NaN,
    "epsilon_19": NaN,
    "epsilon_prime_19": NaN,
    "f20": 0.0,
    "g20": 0.0,
    "h20": 0.0,
    "t20": 0.0,
    "alpha_20": NaN,
    "beta_20": NaN,
    "gamma_20": NaN,
    "epsilon_20": NaN,
    "epsilon_prime_20": NaN
}