{
    "f0": 0.140608,
    "g0": 0.12979200000000002,
    "h0": 0,
    "t0": 0,
    "f1": 0.7278962825511682,
    "g1": 0.22573116338536645,
    "h1": 0.002441182772139838,
    "t1": 0.0022533994819752354,
    "alpha_1": 0.9230769230769231,
    "beta_1": 0.0,
    "gamma_1": 9999,
    "epsilon_1": -1.0,
    "epsilon_prime_1": 10832.25,
    "f2": 15.534203014052794,
    "g2": 2.57908092398572,
    "h2": 0.10167896766177367,
    "t2": 0.024115136997820627,
    "alpha_2": 0.310114461079829,
    "beta_2": 0.010814558058925476,
    "gamma_2": 0.9230769230769234,
    "epsilon_2": -0.32424156160597883,
    "epsilon_prime_2": 0.9882842287694976,
    "f3": 57037.36581079891,
    "g3": 5631.281013263531,
    "h3": 458.3951672098087,
    "t3": 47.4209149131226,
    "alpha_3": 0.16602595715097784,
    "beta_3": 0.03942449681052995,
    "gamma_3": 0.2371693729035247,
    "epsilon_3": -0.1371515820354852,
    "epsilon_prime_3": 0.21422361576741095,
    "f4": 1281689202089176.5,
    "g4": 116204219508427.27,
    "h4": 10529908697291.893,
    "t4": 954821165025.5522,
    "alpha_4": 0.09872968243209715,
    "beta_4": 0.08140157916646963,
    "gamma_4": 0.10344985790702703,
    "epsilon_4": -0.018772111871096477,
    "epsilon_prime_4": 0.023885635302270513,
    "f5": 1.2943819598162818e+46,
    "g5": 1.1732656801534244e+45,
    "h5": 1.063482340568265e+44,
    "t5": 9.639715094835515e+42,
    "alpha_5": 0.09066489701170322,
    "beta_5": 0.09061554513111507,
    "gamma_5": 0.09067706021716175,
    "epsilon_5": -5.346453730382602e-05,
    "epsilon_prime_5": 6.664134321723858e-05,
    "f6": 1.3327879811309137e+139,
    "g6": 1.208078021576566e+138,
    "h6": 1.095037265400576e+137,
    "t6": 9.925738165910118e+135,
    "alpha_6": 0.09064292585783194,
    "beta_6": 0.0906429258570997,
    "gamma_6": 0.09064292585887787,
    "epsilon_6": -7.932682288824821e-13,
    "epsilon_prime_6": 1.92635606540333e-12,
    "f7": Infinity,
    "g7": Infinity,
    "h7": Infinity,
    "t7": Infinity,
    "alpha_7": 0.09064292585768013,
    "beta_7": 0.09064292585768016,
    "gamma_7": 0.0906429258576801,
    "epsilon_7": 3.0068540250264654e-17,
    "epsilon_prime_7": -6.013708050052931e-17,
    "f8": Infinity,
    "g8": Infinity,
    "h8": Infinity,
    "t8": Infinity,
    "alpha_8": NaN,
    "beta_8": NaN,
    "gamma_8": NaN,
    "epsilon_8": NaN,
    "epsilon_prime_8": NaN,
    "f9": Infinity,
    "g9": Infinity,
    "h9": Infinity,
    "t9": Infinity,
    "alpha_9": NaN,
    "beta_9": NaN,
    "gamma_9": NaN,
    "epsilon_9": NaN,
    "epsilon_prime_9": NaN,
    "f10": Infinity,
    "g10": Infinity,
    "h10": Infinity,
    "t10": Infinity,
    "alpha_10": NaN,
    "beta_10": NaN,
    "gamma_10": NaN,
    "epsilon_10": NaN,
    "epsilon_prime_10": NaN,
    "f11": Infinity,
    "g11": Infinity,
    "h11": Infinity,
    "t11": Infinity,
    "alpha_11": NaN,
    "beta_11": NaN,
    "gamma_11": NaN,
    "epsilon_11": NaN,
    "epsilon_prime_11": NaN,
    "f12": Infinity,
    "g12": Infinity,
    "h12": Infinity,
    "t12": Infinity,
    "alpha_12": NaN,
    "beta_12": NaN,
    "gamma_12": NaN,
    "epsilon_12": NaN,
    "epsilon_prime_12": NaN,
    "f13": Infinity,
    "g13": Infinity,
    "h13": Infinity,
    "t13": Infinity,
    "alpha_13": NaN,
    "beta_13": NaN,
    "gamma_13": NaN,
    "epsilon_13": NaN,
    "epsilon_prime_13": NaN,
    "f14": Infinity,
    "g14": Infinity,
    "h14": Infinity,
    "t14": Infinity,
    "alpha_14": NaN,
    "beta_14": NaN,
    "gamma_14": NaN,
    "epsilon_14": NaN,
    "epsilon_prime_14": NaN,
    "f15": Infinity,
    "g15": Infinity,
    "h15": Infinity,
    "t15": Infinity,
    "alpha_15": NaN,
    "beta_15": NaN,
    "gamma_15": NaN,
    "epsilon_15": NaN,
    "epsilon_prime_15": NaN,
    "f16": Infinity,
    "g16": Infinity,
    "h16": Infinity,
    "t16": Infinity,
    "alpha_16": NaN,
    "beta_16": NaN,
    "gamma_16": NaN,
    "epsilon_16": NaN,
    "epsilon_prime_16": NaN,
    "f17": Infinity,
    "g17": Infinity,
    "h17": Infinity,
    "t17": Infinity,
    "alpha_17": NaN,
    "beta_17": NaN,
    "gamma_17": NaN,
    "epsilon_17": NaN,
    "epsilon_prime_17": NaN,
    "f18": Infinity,
    "g18": Infinity,
    "h18": Infinity,
    "t18": Infinity,
    "alpha_18": NaN,
    "beta_18": NaN,
    "gamma_18": NaN,
    "epsilon_18": NaN,
    "epsilon_prime_18": NaN,
    "f19": Infinity,
    "g19": Infinity,
    "h19": Infinity,
    "t19": Infinity,
    "alpha_19": NaN,
    "beta_19": NaN,
    "gamma_19": NaN,
    "epsilon_19": NaN,
    "epsilon_prime_19": NaN,
    "f20": Infinity,
    "g20": Infinity,
    "h20": Infinity,
    "t20": Infinity,
    "alpha_20": NaN,
    "beta_20": NaN,
    "gamma_20": NaN,
    "epsilon_20": NaN,
    "epsilon_prime_20": NaN
}