{
    "f1": 0.010478106792165378,
    "g1": 0.0098694883442688,
    "h1": 0.007106031607873538,
    "t1": 0.004372942527922177,
    "alpha_1": 0.9419152276295132,
    "epsilon_1": 0.0,
    "beta_1": 0.7200000000000002,
    "gamma_1": 0.6153846153846153,
    "epsilon_prime_1": 0.11333333333333365,
    "f2": 2.551001753459723e-05,
    "g2": 2.0700885120371238e-05,
    "h2": 1.6716334490941225e-05,
    "t2": 1.3435342905919946e-05,
    "alpha_2": 0.8114806307873469,
    "epsilon_2": 0.0,
    "beta_2": 0.807517861856597,
    "gamma_2": 0.8037254167892317,
    "epsilon_prime_2": 0.004108482156312423,
    "f3": 2.9915653872253006e-13,
    "g3": 2.420314971249967e-13,
    "h3": 1.9581425579769832e-13,
    "t3": 1.5842209690521354e-13,
    "alpha_3": 0.8090463212287756,
    "epsilon_3": 0.0,
    "beta_3": 0.8090445174438202,
    "gamma_3": 0.8090427137689313,
    "epsilon_prime_3": 1.9539811296302263e-06,
    "f4": 4.80452273097895e-37,
    "g4": 3.887076084652384e-37,
    "h4": 3.1448202732908513e-37,
    "t4": 2.5443017671677233e-37,
    "alpha_4": 0.8090452064237335,
    "epsilon_4": 0.0,
    "beta_4": 0.8090452064233491,
    "gamma_4": 0.8090452064229654,
    "epsilon_prime_4": 4.1566750041965866e-13,
    "f5": 1.990236461732443e-108,
    "g5": 1.6101912690138923e-108,
    "h5": 1.3027175276206557e-108,
    "t5": 1.0539573710453599e-108,
    "alpha_5": 0.8090452064234958,
    "epsilon_5": 0.0,
    "beta_5": 0.8090452064234962,
    "gamma_5": 0.8090452064234961,
    "epsilon_prime_5": 1.2027416100105864e-16
}