{
    "f0": 0.140608,
    "g0": 0.12979200000000002,
    "h0": 0,
    "t0": 0,
    "f1": 0.043867345052237834,
    "g1": 0.018600189571891208,
    "h1": 0.00674161973054669,
    "t1": 0.002186471263961089,
    "beta_1": 0.3624489795918367,
    "alpha_1": 0.4240099224090687,
    "epsilon_1": -0.06669102138533468,
    "gamma_1": 0.32432432432432434,
    "epsilon_prime_1": -0.04130170987313839,
    "f2": 0.0005205590121759729,
    "g2": 0.0002068500344435908,
    "h2": 8.211337216088364e-05,
    "t2": 3.25648231996399e-05,
    "beta_2": 0.39697055106498635,
    "alpha_2": 0.39736135501514663,
    "epsilon_2": -0.0004233709460069689,
    "gamma_2": 0.3965836786709486,
    "epsilon_prime_2": -0.00041911176020754026,
    "f3": 8.153407816048e-10,
    "g3": 3.2384399536122507e-10,
    "h3": 1.2862710997090095e-10,
    "t3": 5.108920614614882e-11,
    "beta_3": 0.39718849758948443,
    "alpha_3": 0.39718851634505137,
    "epsilon_3": -2.031853084394353e-08,
    "gamma_3": 0.39718847883394587,
    "epsilon_prime_3": -2.0318500113895396e-08,
    "f4": 3.131544579089371e-27,
    "g4": 1.2438135192351982e-27,
    "h4": 4.9402843598737005e-28,
    "t4": 1.962224174200954e-28,
    "beta_4": 0.39718850804189726,
    "alpha_4": 0.3971885080418972,
    "epsilon_4": 6.013708050052932e-17,
    "gamma_4": 0.39718850804189715,
    "epsilon_prime_4": -1.2027416100105864e-16,
    "f5": 1.7742584768202218e-79,
    "g5": 7.04715077288913e-80,
    "h5": 2.7990473014301368e-80,
    "t5": 1.1117494215937345e-80,
    "beta_5": 0.39718850804189726,
    "alpha_5": 0.3971885080418972,
    "epsilon_5": 6.013708050052932e-17,
    "gamma_5": 0.3971885080418972,
    "epsilon_prime_5": -6.013708050052932e-17
}