{
    "f1": 0.009062053024939398,
    "g1": 0.0087946246429398,
    "h1": 0.006464049112560753,
    "t1": 0.004140371326999698,
    "alpha_1": 0.9704892057833233,
    "epsilon_1": 0.0,
    "beta_1": 0.735,
    "gamma_1": 0.6405228758169934,
    "epsilon_prime_1": 0.09833333333333338,
    "f2": 1.7429640276778027e-05,
    "g2": 1.4506652328282526e-05,
    "h2": 1.2013116014919957e-05,
    "t2": 9.90043356906179e-06,
    "alpha_2": 0.8322978614544401,
    "epsilon_2": 0.0,
    "beta_2": 0.8281108379152984,
    "gamma_2": 0.8241353497931533,
    "epsilon_prime_2": 0.004137752943457144,
    "f3": 1.0002747357117764e-13,
    "g3": 8.299322511892972e-14,
    "h3": 6.885967063019641e-14,
    "t3": 5.713289070172516e-14,
    "alpha_3": 0.8297043017873817,
    "epsilon_3": 0.0,
    "beta_3": 0.8297023104177497,
    "gamma_3": 0.8297003191977395,
    "epsilon_prime_3": 2.0724942963423073e-06,
    "f4": 1.882403854093467e-38,
    "g4": 1.5618362364558698e-38,
    "h4": 1.2958603034097625e-38,
    "t4": 1.0751792580782193e-38,
    "alpha_4": 0.8297030592343442,
    "epsilon_4": 0.0,
    "beta_4": 0.8297030592338785,
    "gamma_4": 0.8297030592334135,
    "epsilon_prime_4": 4.840549729752935e-13,
    "f5": 1.2545627857596668e-112,
    "g5": 1.0409145813459922e-112,
    "h5": 8.636500125441039e-113,
    "t5": 7.16573057515372e-113,
    "alpha_5": 0.8297030592340536,
    "epsilon_5": 0.0,
    "beta_5": 0.8297030592340536,
    "gamma_5": 0.8297030592340539,
    "epsilon_prime_5": -2.311076500240122e-16
}