{
    "f0": 0.13265100000000002,
    "g0": 0.127449,
    "h0": 0,
    "t0": 0,
    "f1": 0.0393224595414703,
    "g1": 0.017071918424530205,
    "h1": 0.00629505436451995,
    "t1": 0.0020701856634998492,
    "beta_1": 0.3687373737373737,
    "alpha_1": 0.43415184664442963,
    "epsilon_1": -0.06808445139305822,
    "gamma_1": 0.32885906040268453,
    "epsilon_prime_1": -0.041505999593247904,
    "f2": 0.00038684093970181696,
    "g2": 0.0001568773861607818,
    "h2": 6.355032248256694e-05,
    "t2": 2.5716350155122944e-05,
    "beta_2": 0.4050954955192519,
    "alpha_2": 0.4055346010732611,
    "epsilon_2": -0.0004570282296830684,
    "gamma_2": 0.4046612062775516,
    "epsilon_prime_2": -0.0004520153331982746,
    "f3": 3.4382043407102854e-10,
    "g3": 1.3936356262502305e-10,
    "h3": 5.648937505255031e-11,
    "t3": 2.2897300032983932e-11,
    "beta_3": 0.40533819592817666,
    "alpha_3": 0.40533821964820294,
    "epsilon_3": -2.468819061430159e-08,
    "gamma_3": 0.4053381722081946,
    "epsilon_prime_3": -2.4688144566102323e-08,
    "f4": 2.412779313289657e-28,
    "g4": 9.779916456292889e-29,
    "h4": 3.964173820839865e-29,
    "t4": 1.6068311168159838e-29,
    "beta_4": 0.40533820902827,
    "alpha_4": 0.4053382090282701,
    "epsilon_4": -1.155538250120061e-16,
    "gamma_4": 0.4053382090282697,
    "epsilon_prime_4": -2.888845625300152e-16,
    "f5": 8.338258181984069e-83,
    "g5": 3.379814637900741e-83,
    "h5": 1.3699680121742178e-83,
    "t5": 5.553003804807167e-84,
    "beta_5": 0.40533820902827017,
    "alpha_5": 0.40533820902827,
    "epsilon_5": 1.7333073751800914e-16,
    "gamma_5": 0.40533820902827,
    "epsilon_prime_5": -1.7333073751800914e-16
}