{
    "f0": 0.13265100000000002,
    "g0": 0.127449,
    "h0": 0,
    "t0": 0,
    "f1": 0.0393224595414703,
    "g1": 0.017071918424530205,
    "h1": 0.00629505436451995,
    "t1": 0.0020701856634998492,
    "alpha_1": 0.9607843137254901,
    "beta_1": 0.0,
    "gamma_1": 9999,
    "epsilon_1": -1.0,
    "epsilon_prime_1": 10407.122448979593,
    "f2": 0.00038684093970181696,
    "g2": 0.0001568773861607818,
    "h2": 6.355032248256694e-05,
    "t2": 2.5716350155122944e-05,
    "alpha_2": 0.43415184664442963,
    "beta_2": 0.3687373737373737,
    "gamma_2": 0.32885906040268453,
    "epsilon_2": -0.06808445139305822,
    "epsilon_prime_2": -0.041505999593247904,
    "f3": 3.4382043407102854e-10,
    "g3": 1.3936356262502305e-10,
    "h3": 5.648937505255031e-11,
    "t3": 2.2897300032983932e-11,
    "alpha_3": 0.4055346010732611,
    "beta_3": 0.4050954955192519,
    "gamma_3": 0.4046612062775516,
    "epsilon_3": -0.0004570282296830684,
    "epsilon_prime_3": -0.0004520153331982746,
    "f4": 2.412779313289657e-28,
    "g4": 9.779916456292889e-29,
    "h4": 3.964173820839865e-29,
    "t4": 1.6068311168159838e-29,
    "alpha_4": 0.40533821964820294,
    "beta_4": 0.40533819592817666,
    "gamma_4": 0.4053381722081946,
    "epsilon_4": -2.468819061430159e-08,
    "epsilon_prime_4": -2.4688144566102323e-08,
    "f5": 8.338258181984069e-83,
    "g5": 3.379814637900741e-83,
    "h5": 1.3699680121742178e-83,
    "t5": 5.553003804807167e-84,
    "alpha_5": 0.4053382090282701,
    "beta_5": 0.40533820902827,
    "gamma_5": 0.4053382090282697,
    "epsilon_5": -1.155538250120061e-16,
    "epsilon_prime_5": -2.888845625300152e-16,
    "f6": 3.441506159906031e-246,
    "g6": 1.3949739432160697e-246,
    "h6": 5.654362397843053e-247,
    "t6": 2.2919291275384973e-247,
    "alpha_6": 0.40533820902827,
    "beta_6": 0.40533820902827017,
    "gamma_6": 0.40533820902827,
    "epsilon_6": 1.7333073751800914e-16,
    "epsilon_prime_6": -1.7333073751800914e-16,
    "f7": 0.0,
    "g7": 0.0,
    "h7": 0.0,
    "t7": 0.0,
    "alpha_7": 0.40533820902827,
    "beta_7": 0.40533820902827,
    "gamma_7": 0.40533820902826995,
    "epsilon_7": 0.0,
    "epsilon_prime_7": -5.777691250600305e-17,
    "f8": 0.0,
    "g8": 0.0,
    "h8": 0.0,
    "t8": 0.0,
    "alpha_8": NaN,
    "beta_8": NaN,
    "gamma_8": NaN,
    "epsilon_8": NaN,
    "epsilon_prime_8": NaN,
    "f9": 0.0,
    "g9": 0.0,
    "h9": 0.0,
    "t9": 0.0,
    "alpha_9": NaN,
    "beta_9": NaN,
    "gamma_9": NaN,
    "epsilon_9": NaN,
    "epsilon_prime_9": NaN,
    "f10": 0.0,
    "g10": 0.0,
    "h10": 0.0,
    "t10": 0.0,
    "alpha_10": NaN,
    "beta_10": NaN,
    "gamma_10": NaN,
    "epsilon_10": NaN,
    "epsilon_prime_10": NaN,
    "f11": 0.0,
    "g11": 0.0,
    "h11": 0.0,
    "t11": 0.0,
    "alpha_11": NaN,
    "beta_11": NaN,
    "gamma_11": NaN,
    "epsilon_11": NaN,
    "epsilon_prime_11": NaN,
    "f12": 0.0,
    "g12": 0.0,
    "h12": 0.0,
    "t12": 0.0,
    "alpha_12": NaN,
    "beta_12": NaN,
    "gamma_12": NaN,
    "epsilon_12": NaN,
    "epsilon_prime_12": NaN,
    "f13": 0.0,
    "g13": 0.0,
    "h13": 0.0,
    "t13": 0.0,
    "alpha_13": NaN,
    "beta_13": NaN,
    "gamma_13": NaN,
    "epsilon_13": NaN,
    "epsilon_prime_13": NaN,
    "f14": 0.0,
    "g14": 0.0,
    "h14": 0.0,
    "t14": 0.0,
    "alpha_14": NaN,
    "beta_14": NaN,
    "gamma_14": NaN,
    "epsilon_14": NaN,
    "epsilon_prime_14": NaN,
    "f15": 0.0,
    "g15": 0.0,
    "h15": 0.0,
    "t15": 0.0,
    "alpha_15": NaN,
    "beta_15": NaN,
    "gamma_15": NaN,
    "epsilon_15": NaN,
    "epsilon_prime_15": NaN,
    "f16": 0.0,
    "g16": 0.0,
    "h16": 0.0,
    "t16": 0.0,
    "alpha_16": NaN,
    "beta_16": NaN,
    "gamma_16": NaN,
    "epsilon_16": NaN,
    "epsilon_prime_16": NaN,
    "f17": 0.0,
    "g17": 0.0,
    "h17": 0.0,
    "t17": 0.0,
    "alpha_17": NaN,
    "beta_17": NaN,
    "gamma_17": NaN,
    "epsilon_17": NaN,
    "epsilon_prime_17": NaN,
    "f18": 0.0,
    "g18": 0.0,
    "h18": 0.0,
    "t18": 0.0,
    "alpha_18": NaN,
    "beta_18": NaN,
    "gamma_18": NaN,
    "epsilon_18": NaN,
    "epsilon_prime_18": NaN,
    "f19": 0.0,
    "g19": 0.0,
    "h19": 0.0,
    "t19": 0.0,
    "alpha_19": NaN,
    "beta_19": NaN,
    "gamma_19": NaN,
    "epsilon_19": NaN,
    "epsilon_prime_19": NaN,
    "f20": 0.0,
    "g20": 0.0,
    "h20": 0.0,
    "t20": 0.0,
    "alpha_20": NaN,
    "beta_20": NaN,
    "gamma_20": NaN,
    "epsilon_20": NaN,
    "epsilon_prime_20": NaN
}