{
    "f0": 0.13265100000000002,
    "g0": 0.127449,
    "h0": 0,
    "t0": 0,
    "f1": 0.6619351636110159,
    "g1": 0.2135331583052592,
    "h1": 0.0022206382130871534,
    "t1": 0.0021335543615935387,
    "alpha_1": 0.9607843137254901,
    "beta_1": 0.0,
    "gamma_1": 9999,
    "epsilon_1": -1.0,
    "epsilon_prime_1": 10407.122448979593,
    "f2": 12.616541692008804,
    "g2": 2.1683224583584555,
    "h2": 0.08275780695869298,
    "t2": 0.020387559918304418,
    "alpha_2": 0.32258923538732154,
    "beta_2": 0.010399500624219729,
    "gamma_2": 0.9607843137254898,
    "epsilon_2": -0.3249321729166978,
    "epsilon_prime_2": 0.9891760299625465,
    "f3": 32584.104718256785,
    "g3": 3265.735501156504,
    "h3": 263.38147585953385,
    "t3": 27.757705632002097,
    "alpha_3": 0.17186345603184192,
    "beta_3": 0.0381667434378489,
    "gamma_3": 0.24635210462356127,
    "epsilon_3": -0.13915372127129885,
    "epsilon_prime_3": 0.21668272286676188,
    "f4": 245415222511379.66,
    "g4": 22338680899165.54,
    "h4": 2031789296686.6636,
    "t4": 184975175682.9491,
    "alpha_4": 0.10022480376226883,
    "beta_4": 0.0806499717341658,
    "gamma_4": 0.10538974140613362,
    "epsilon_4": -0.020373804763943976,
    "epsilon_prime_4": 0.025749556189191,
    "f5": 9.1831036554155e+43,
    "g5": 8.355947446985923e+42,
    "h5": 7.603296266145306e+41,
    "t5": 6.918439169278417e+40,
    "alpha_5": 0.09102402316600273,
    "beta_5": 0.09095386186220875,
    "gamma_5": 0.09104053062224365,
    "epsilon_5": -7.302503047945805e-05,
    "epsilon_prime_5": 9.020626044449618e-05,
    "f6": 4.8089734289659493e+132,
    "g6": 4.375811354619637e+131,
    "h6": 3.9816657950084344e+130,
    "t6": 3.6230223879288365e+129,
    "alpha_6": 0.09099262907762364,
    "beta_6": 0.09099262907508944,
    "gamma_6": 0.09099262907962291,
    "epsilon_6": -2.637631609724051e-12,
    "epsilon_prime_6": 4.7185104463121305e-12,
    "f7": Infinity,
    "g7": Infinity,
    "h7": Infinity,
    "t7": Infinity,
    "alpha_7": 0.09099262907677465,
    "beta_7": 0.09099262907677465,
    "gamma_7": 0.09099262907677468,
    "epsilon_7": 0.0,
    "epsilon_prime_7": 2.8888456253001523e-17,
    "f8": Infinity,
    "g8": Infinity,
    "h8": Infinity,
    "t8": Infinity,
    "alpha_8": NaN,
    "beta_8": NaN,
    "gamma_8": NaN,
    "epsilon_8": NaN,
    "epsilon_prime_8": NaN,
    "f9": Infinity,
    "g9": Infinity,
    "h9": Infinity,
    "t9": Infinity,
    "alpha_9": NaN,
    "beta_9": NaN,
    "gamma_9": NaN,
    "epsilon_9": NaN,
    "epsilon_prime_9": NaN,
    "f10": Infinity,
    "g10": Infinity,
    "h10": Infinity,
    "t10": Infinity,
    "alpha_10": NaN,
    "beta_10": NaN,
    "gamma_10": NaN,
    "epsilon_10": NaN,
    "epsilon_prime_10": NaN,
    "f11": Infinity,
    "g11": Infinity,
    "h11": Infinity,
    "t11": Infinity,
    "alpha_11": NaN,
    "beta_11": NaN,
    "gamma_11": NaN,
    "epsilon_11": NaN,
    "epsilon_prime_11": NaN,
    "f12": Infinity,
    "g12": Infinity,
    "h12": Infinity,
    "t12": Infinity,
    "alpha_12": NaN,
    "beta_12": NaN,
    "gamma_12": NaN,
    "epsilon_12": NaN,
    "epsilon_prime_12": NaN,
    "f13": Infinity,
    "g13": Infinity,
    "h13": Infinity,
    "t13": Infinity,
    "alpha_13": NaN,
    "beta_13": NaN,
    "gamma_13": NaN,
    "epsilon_13": NaN,
    "epsilon_prime_13": NaN,
    "f14": Infinity,
    "g14": Infinity,
    "h14": Infinity,
    "t14": Infinity,
    "alpha_14": NaN,
    "beta_14": NaN,
    "gamma_14": NaN,
    "epsilon_14": NaN,
    "epsilon_prime_14": NaN,
    "f15": Infinity,
    "g15": Infinity,
    "h15": Infinity,
    "t15": Infinity,
    "alpha_15": NaN,
    "beta_15": NaN,
    "gamma_15": NaN,
    "epsilon_15": NaN,
    "epsilon_prime_15": NaN,
    "f16": Infinity,
    "g16": Infinity,
    "h16": Infinity,
    "t16": Infinity,
    "alpha_16": NaN,
    "beta_16": NaN,
    "gamma_16": NaN,
    "epsilon_16": NaN,
    "epsilon_prime_16": NaN,
    "f17": Infinity,
    "g17": Infinity,
    "h17": Infinity,
    "t17": Infinity,
    "alpha_17": NaN,
    "beta_17": NaN,
    "gamma_17": NaN,
    "epsilon_17": NaN,
    "epsilon_prime_17": NaN,
    "f18": Infinity,
    "g18": Infinity,
    "h18": Infinity,
    "t18": Infinity,
    "alpha_18": NaN,
    "beta_18": NaN,
    "gamma_18": NaN,
    "epsilon_18": NaN,
    "epsilon_prime_18": NaN,
    "f19": Infinity,
    "g19": Infinity,
    "h19": Infinity,
    "t19": Infinity,
    "alpha_19": NaN,
    "beta_19": NaN,
    "gamma_19": NaN,
    "epsilon_19": NaN,
    "epsilon_prime_19": NaN,
    "f20": Infinity,
    "g20": Infinity,
    "h20": Infinity,
    "t20": Infinity,
    "alpha_20": NaN,
    "beta_20": NaN,
    "gamma_20": NaN,
    "epsilon_20": NaN,
    "epsilon_prime_20": NaN
}