{
    "f0": 0.125,
    "g0": 0.125,
    "h0": 0,
    "t0": 0,
    "f1": 0.03515625,
    "g1": 0.015625,
    "h1": 0.005859375,
    "t1": 0.001953125,
    "beta_1": 0.375,
    "alpha_1": 0.4444444444444444,
    "epsilon_1": -0.06944444444444442,
    "gamma_1": 0.3333333333333333,
    "epsilon_prime_1": -0.041666666666666685,
    "f2": 0.00028523802757263184,
    "g2": 0.00011801719665527344,
    "h2": 4.877150058746338e-05,
    "t2": 2.0131468772888184e-05,
    "beta_2": 0.41325757575757577,
    "alpha_2": 0.4137498693971372,
    "epsilon_2": -0.0004922936395614363,
    "gamma_2": 0.41277115795905894,
    "epsilon_prime_2": -0.000486417798516825,
    "f3": 1.4161679990604468e-10,
    "g3": 5.85624115494731e-11,
    "h3": 2.4217153622541195e-11,
    "t3": 1.0014452474110676e-11,
    "beta_3": 0.4135272606061094,
    "alpha_3": 0.41352729046501685,
    "epsilon_3": -2.985890745765829e-08,
    "gamma_3": 0.41352723074726994,
    "epsilon_prime_3": -2.985883945649803e-08,
    "f4": 1.7322034100413765e-29,
    "g4": 7.163133592757663e-30,
    "h4": 2.9621511290332608e-30,
    "t4": 1.2249302902998177e-30,
    "beta_4": 0.41352727694875946,
    "alpha_4": 0.41352727694875974,
    "epsilon_4": -2.7755575615628914e-16,
    "gamma_4": 0.41352727694875946,
    "epsilon_prime_4": 0.0,
    "f5": 3.169941247866793e-86,
    "g5": 1.3108571723179077e-86,
    "h5": 5.420751969373754e-87,
    "t5": 2.2416288009097547e-87,
    "beta_5": 0.41352727694875974,
    "alpha_5": 0.4135272769487595,
    "epsilon_5": 2.220446049250313e-16,
    "gamma_5": 0.4135272769487596,
    "epsilon_prime_5": -1.1102230246251565e-16
}