{
    "f0": 0.125,
    "g0": 0.125,
    "h0": 0,
    "t0": 0,
    "f1": 0.0625,
    "g1": 0.03125,
    "h1": 0.015625,
    "t1": 0.015625,
    "alpha_1": 1.0,
    "beta_1": 0.0,
    "gamma_1": 9999,
    "epsilon_1": -1.0,
    "epsilon_prime_1": 9999.0,
    "f2": 0.003814697265625,
    "g2": 0.001983642578125,
    "h2": 0.00103759765625,
    "t2": 0.00054931640625,
    "alpha_2": 0.5,
    "beta_2": 0.5,
    "gamma_2": 1.0,
    "epsilon_2": 0.0,
    "epsilon_prime_2": 0.5,
    "f3": 9.112577572523151e-07,
    "g3": 4.7518551582470536e-07,
    "h3": 2.477929683664115e-07,
    "t3": 1.2921668712806422e-07,
    "alpha_3": 0.52,
    "beta_3": 0.5230769230769231,
    "gamma_3": 0.5294117647058824,
    "epsilon_3": 0.003076923076923088,
    "epsilon_prime_3": 0.0063348416289592535,
    "f4": 1.2456481472905682e-17,
    "g4": 6.4955956111844636e-18,
    "h4": 3.3872135110034717e-18,
    "t4": 1.766306903329895e-18,
    "alpha_4": 0.5214611475654444,
    "beta_4": 0.5214657436187968,
    "gamma_4": 0.5214703547882419,
    "epsilon_4": 4.596053352456941e-06,
    "epsilon_prime_4": 4.611169445056795e-06,
    "f5": 3.181701303419578e-50,
    "g5": 1.6591398676794007e-50,
    "h5": 8.651802410127778e-51,
    "t5": 4.511595821549928e-51,
    "alpha_5": 0.5214631134251796,
    "beta_5": 0.5214631134319979,
    "gamma_5": 0.5214631134388165,
    "epsilon_5": 6.818323683432936e-12,
    "epsilon_prime_5": 6.8185457280378614e-12,
    "f6": 5.302143337858015e-148,
    "g6": 2.764872172801472e-148,
    "h6": 1.4417788514597575e-148,
    "t6": 7.518344887569878e-149,
    "alpha_6": 0.5214631134280949,
    "beta_6": 0.521463113428095,
    "gamma_6": 0.521463113428095,
    "epsilon_6": 1.1102230246251565e-16,
    "epsilon_prime_6": 0.0,
    "f7": 0.0,
    "g7": 0.0,
    "h7": 0.0,
    "t7": 0.0,
    "alpha_7": 0.5214631134280949,
    "beta_7": 0.521463113428095,
    "gamma_7": 0.5214631134280948,
    "epsilon_7": 1.1102230246251565e-16,
    "epsilon_prime_7": -2.220446049250313e-16,
    "f8": 0.0,
    "g8": 0.0,
    "h8": 0.0,
    "t8": 0.0,
    "gamma_8": 9999,
    "epsilon_8": 0.0,
    "epsilon_prime_8": 0.0,
    "f9": 0.0,
    "g9": 0.0,
    "h9": 0.0,
    "t9": 0.0,
    "gamma_9": 9999,
    "epsilon_9": 0.0,
    "epsilon_prime_9": 0.0
}