{
    "f0": 0.125,
    "g0": 0.125,
    "h0": 0,
    "t0": 0,
    "f1": 0.03515625,
    "g1": 0.015625,
    "h1": 0.005859375,
    "t1": 0.001953125,
    "alpha_1": 1.0,
    "beta_1": 0.0,
    "gamma_1": 9999,
    "epsilon_1": -1.0,
    "epsilon_prime_1": 9999.0,
    "f2": 0.00028523802757263184,
    "g2": 0.00011801719665527344,
    "h2": 4.877150058746338e-05,
    "t2": 2.0131468772888184e-05,
    "alpha_2": 0.4444444444444444,
    "beta_2": 0.375,
    "gamma_2": 0.3333333333333333,
    "epsilon_2": -0.06944444444444442,
    "epsilon_prime_2": -0.041666666666666685,
    "f3": 1.4161679990604468e-10,
    "g3": 5.85624115494731e-11,
    "h3": 2.4217153622541195e-11,
    "t3": 1.0014452474110676e-11,
    "alpha_3": 0.4137498693971372,
    "beta_3": 0.41325757575757577,
    "gamma_3": 0.41277115795905894,
    "epsilon_3": -0.0004922936395614363,
    "epsilon_prime_3": -0.000486417798516825,
    "f4": 1.7322034100413765e-29,
    "g4": 7.163133592757663e-30,
    "h4": 2.9621511290332608e-30,
    "t4": 1.2249302902998177e-30,
    "alpha_4": 0.41352729046501685,
    "beta_4": 0.4135272606061094,
    "gamma_4": 0.41352723074726994,
    "epsilon_4": -2.985890745765829e-08,
    "epsilon_prime_4": -2.985883945649803e-08,
    "f5": 3.169941247866793e-86,
    "g5": 1.3108571723179077e-86,
    "h5": 5.420751969373754e-87,
    "t5": 2.2416288009097547e-87,
    "alpha_5": 0.41352727694875974,
    "beta_5": 0.41352727694875946,
    "gamma_5": 0.41352727694875946,
    "epsilon_5": -2.7755575615628914e-16,
    "epsilon_prime_5": 0.0,
    "f6": 1.942710933613242e-256,
    "g6": 8.033639622756661e-257,
    "h6": 3.322129117186223e-257,
    "t6": 1.3737910075022054e-257,
    "alpha_6": 0.4135272769487595,
    "beta_6": 0.41352727694875974,
    "gamma_6": 0.4135272769487596,
    "epsilon_6": 2.220446049250313e-16,
    "epsilon_prime_6": -1.1102230246251565e-16,
    "f7": 0.0,
    "g7": 0.0,
    "h7": 0.0,
    "t7": 0.0,
    "alpha_7": 0.41352727694875946,
    "beta_7": 0.4135272769487597,
    "gamma_7": 0.4135272769487596,
    "epsilon_7": 2.220446049250313e-16,
    "epsilon_prime_7": -5.551115123125783e-17,
    "f8": 0.0,
    "g8": 0.0,
    "h8": 0.0,
    "t8": 0.0,
    "alpha_8": NaN,
    "beta_8": NaN,
    "gamma_8": NaN,
    "epsilon_8": NaN,
    "epsilon_prime_8": NaN,
    "f9": 0.0,
    "g9": 0.0,
    "h9": 0.0,
    "t9": 0.0,
    "alpha_9": NaN,
    "beta_9": NaN,
    "gamma_9": NaN,
    "epsilon_9": NaN,
    "epsilon_prime_9": NaN,
    "f10": 0.0,
    "g10": 0.0,
    "h10": 0.0,
    "t10": 0.0,
    "alpha_10": NaN,
    "beta_10": NaN,
    "gamma_10": NaN,
    "epsilon_10": NaN,
    "epsilon_prime_10": NaN,
    "f11": 0.0,
    "g11": 0.0,
    "h11": 0.0,
    "t11": 0.0,
    "alpha_11": NaN,
    "beta_11": NaN,
    "gamma_11": NaN,
    "epsilon_11": NaN,
    "epsilon_prime_11": NaN,
    "f12": 0.0,
    "g12": 0.0,
    "h12": 0.0,
    "t12": 0.0,
    "alpha_12": NaN,
    "beta_12": NaN,
    "gamma_12": NaN,
    "epsilon_12": NaN,
    "epsilon_prime_12": NaN,
    "f13": 0.0,
    "g13": 0.0,
    "h13": 0.0,
    "t13": 0.0,
    "alpha_13": NaN,
    "beta_13": NaN,
    "gamma_13": NaN,
    "epsilon_13": NaN,
    "epsilon_prime_13": NaN,
    "f14": 0.0,
    "g14": 0.0,
    "h14": 0.0,
    "t14": 0.0,
    "alpha_14": NaN,
    "beta_14": NaN,
    "gamma_14": NaN,
    "epsilon_14": NaN,
    "epsilon_prime_14": NaN,
    "f15": 0.0,
    "g15": 0.0,
    "h15": 0.0,
    "t15": 0.0,
    "alpha_15": NaN,
    "beta_15": NaN,
    "gamma_15": NaN,
    "epsilon_15": NaN,
    "epsilon_prime_15": NaN,
    "f16": 0.0,
    "g16": 0.0,
    "h16": 0.0,
    "t16": 0.0,
    "alpha_16": NaN,
    "beta_16": NaN,
    "gamma_16": NaN,
    "epsilon_16": NaN,
    "epsilon_prime_16": NaN,
    "f17": 0.0,
    "g17": 0.0,
    "h17": 0.0,
    "t17": 0.0,
    "alpha_17": NaN,
    "beta_17": NaN,
    "gamma_17": NaN,
    "epsilon_17": NaN,
    "epsilon_prime_17": NaN,
    "f18": 0.0,
    "g18": 0.0,
    "h18": 0.0,
    "t18": 0.0,
    "alpha_18": NaN,
    "beta_18": NaN,
    "gamma_18": NaN,
    "epsilon_18": NaN,
    "epsilon_prime_18": NaN,
    "f19": 0.0,
    "g19": 0.0,
    "h19": 0.0,
    "t19": 0.0,
    "alpha_19": NaN,
    "beta_19": NaN,
    "gamma_19": NaN,
    "epsilon_19": NaN,
    "epsilon_prime_19": NaN,
    "f20": 0.0,
    "g20": 0.0,
    "h20": 0.0,
    "t20": 0.0,
    "alpha_20": NaN,
    "beta_20": NaN,
    "gamma_20": NaN,
    "epsilon_20": NaN,
    "epsilon_prime_20": NaN
}