{
    "f1": 0.0078125,
    "g1": 0.0078125,
    "h1": 0.005859375,
    "t1": 0.00390625,
    "alpha_1": 1.0,
    "epsilon_1": 0.0,
    "beta_1": 0.75,
    "gamma_1": 0.6666666666666666,
    "epsilon_prime_1": 0.08333333333333337,
    "f2": 1.1801719665527344e-05,
    "g2": 1.0073184967041016e-05,
    "h2": 8.553266525268555e-06,
    "t2": 7.227063179016113e-06,
    "alpha_2": 0.8535353535353535,
    "epsilon_2": 0.0,
    "beta_2": 0.849112426035503,
    "gamma_2": 0.8449477351916377,
    "epsilon_prime_2": 0.004164690843865282,
    "f3": 3.2558394728095935e-14,
    "g3": 2.7699820518908846e-14,
    "h3": 2.356621333894724e-14,
    "t3": 2.0049407080846744e-14,
    "alpha_3": 0.8507735332235397,
    "epsilon_3": 0.0,
    "beta_3": 0.850771337051088,
    "gamma_3": 0.8507691410784113,
    "epsilon_prime_3": 2.1959726766995757e-06,
    "f4": 6.804970291023849e-40,
    "g4": 5.789479205199006e-40,
    "h4": 4.925527670799951e-40,
    "t4": 4.190501766378835e-40,
    "alpha_4": 0.8507721500027217,
    "epsilon_4": 0.0,
    "beta_4": 0.8507721500021593,
    "gamma_4": 0.8507721500015974,
    "epsilon_prime_4": 5.618838727627917e-13,
    "f5": 6.21319495673035e-117,
    "g5": 5.286013231721346e-117,
    "h5": 4.497192842092533e-117,
    "t5": 3.8260864232423214e-117,
    "alpha_5": 0.8507721500023674,
    "epsilon_5": 0.0,
    "beta_5": 0.8507721500023676,
    "gamma_5": 0.8507721500023674,
    "epsilon_prime_5": 2.220446049250313e-16
}