{
    "f0": 0.11764899999999999,
    "g0": 0.12245099999999999,
    "h0": 0,
    "t0": 0,
    "f1": 0.03134633544153029,
    "g1": 0.014259294074470198,
    "h1": 0.00543617938947995,
    "t1": 0.0018360605884998507,
    "alpha_1": 1.0408163265306123,
    "beta_1": 0.0,
    "gamma_1": 9999,
    "epsilon_1": -1.0,
    "epsilon_prime_1": 9606.882352941175,
    "f2": 0.00020863162828470803,
    "g2": 8.804458992341783e-05,
    "h2": 3.710718666986712e-05,
    "t2": 1.5618985979135846e-05,
    "alpha_2": 0.4548950897647281,
    "beta_2": 0.38123762376237624,
    "gamma_2": 0.33774834437086093,
    "epsilon_2": -0.07076893792382824,
    "epsilon_prime_2": -0.04178381745459314,
    "f3": 5.6930888658176104e-11,
    "g3": 2.4011064263412942e-11,
    "h3": 1.012686029497184e-11,
    "t3": 4.271084747013576e-12,
    "alpha_3": 0.4220097913594781,
    "beta_3": 0.4214590209590773,
    "gamma_3": 0.42091539081347923,
    "epsilon_3": -0.0005291715611693978,
    "epsilon_prime_3": -0.0005223113163589115,
    "f4": 1.1560717225108697e-30,
    "g4": 4.875826102434955e-31,
    "h4": 2.056419140635327e-31,
    "t4": 8.673114243880581e-32,
    "alpha_4": 0.4217581146076947,
    "beta_4": 0.4217580771878874,
    "gamma_4": 0.42175803976818393,
    "epsilon_4": -3.595236388445882e-08,
    "epsilon_prime_4": -3.5952264096089536e-08,
    "f5": 9.680442438832333e-90,
    "g5": 4.082804985824224e-90,
    "h5": 1.7219560632273974e-90,
    "t5": 7.262489131811921e-91,
    "alpha_5": 0.42175809748595516,
    "beta_5": 0.4217580974859552,
    "gamma_5": 0.42175809748595505,
    "epsilon_5": 5.3334243339835947e-17,
    "epsilon_prime_5": -1.6000273001950783e-16,
    "f6": 5.683639086908166e-267,
    "g6": 2.3971208080912003e-267,
    "h6": 1.0110051114645398e-267,
    "t6": 4.2639959235986036e-268,
    "alpha_6": 0.4217580974859551,
    "beta_6": 0.4217580974859553,
    "gamma_6": 0.4217580974859551,
    "epsilon_6": 1.6000273001950783e-16,
    "epsilon_prime_6": -1.6000273001950783e-16,
    "f7": 0.0,
    "g7": 0.0,
    "h7": 0.0,
    "t7": 0.0,
    "alpha_7": 0.42175809748595533,
    "beta_7": 0.42175809748595505,
    "gamma_7": 0.42175809748595516,
    "epsilon_7": -2.6667121669917975e-16,
    "epsilon_prime_7": 1.0666848667967189e-16,
    "f8": 0.0,
    "g8": 0.0,
    "h8": 0.0,
    "t8": 0.0,
    "alpha_8": NaN,
    "beta_8": NaN,
    "gamma_8": NaN,
    "epsilon_8": NaN,
    "epsilon_prime_8": NaN,
    "f9": 0.0,
    "g9": 0.0,
    "h9": 0.0,
    "t9": 0.0,
    "alpha_9": NaN,
    "beta_9": NaN,
    "gamma_9": NaN,
    "epsilon_9": NaN,
    "epsilon_prime_9": NaN,
    "f10": 0.0,
    "g10": 0.0,
    "h10": 0.0,
    "t10": 0.0,
    "alpha_10": NaN,
    "beta_10": NaN,
    "gamma_10": NaN,
    "epsilon_10": NaN,
    "epsilon_prime_10": NaN,
    "f11": 0.0,
    "g11": 0.0,
    "h11": 0.0,
    "t11": 0.0,
    "alpha_11": NaN,
    "beta_11": NaN,
    "gamma_11": NaN,
    "epsilon_11": NaN,
    "epsilon_prime_11": NaN,
    "f12": 0.0,
    "g12": 0.0,
    "h12": 0.0,
    "t12": 0.0,
    "alpha_12": NaN,
    "beta_12": NaN,
    "gamma_12": NaN,
    "epsilon_12": NaN,
    "epsilon_prime_12": NaN,
    "f13": 0.0,
    "g13": 0.0,
    "h13": 0.0,
    "t13": 0.0,
    "alpha_13": NaN,
    "beta_13": NaN,
    "gamma_13": NaN,
    "epsilon_13": NaN,
    "epsilon_prime_13": NaN,
    "f14": 0.0,
    "g14": 0.0,
    "h14": 0.0,
    "t14": 0.0,
    "alpha_14": NaN,
    "beta_14": NaN,
    "gamma_14": NaN,
    "epsilon_14": NaN,
    "epsilon_prime_14": NaN,
    "f15": 0.0,
    "g15": 0.0,
    "h15": 0.0,
    "t15": 0.0,
    "alpha_15": NaN,
    "beta_15": NaN,
    "gamma_15": NaN,
    "epsilon_15": NaN,
    "epsilon_prime_15": NaN,
    "f16": 0.0,
    "g16": 0.0,
    "h16": 0.0,
    "t16": 0.0,
    "alpha_16": NaN,
    "beta_16": NaN,
    "gamma_16": NaN,
    "epsilon_16": NaN,
    "epsilon_prime_16": NaN,
    "f17": 0.0,
    "g17": 0.0,
    "h17": 0.0,
    "t17": 0.0,
    "alpha_17": NaN,
    "beta_17": NaN,
    "gamma_17": NaN,
    "epsilon_17": NaN,
    "epsilon_prime_17": NaN,
    "f18": 0.0,
    "g18": 0.0,
    "h18": 0.0,
    "t18": 0.0,
    "alpha_18": NaN,
    "beta_18": NaN,
    "gamma_18": NaN,
    "epsilon_18": NaN,
    "epsilon_prime_18": NaN,
    "f19": 0.0,
    "g19": 0.0,
    "h19": 0.0,
    "t19": 0.0,
    "alpha_19": NaN,
    "beta_19": NaN,
    "gamma_19": NaN,
    "epsilon_19": NaN,
    "epsilon_prime_19": NaN,
    "f20": 0.0,
    "g20": 0.0,
    "h20": 0.0,
    "t20": 0.0,
    "alpha_20": NaN,
    "beta_20": NaN,
    "gamma_20": NaN,
    "epsilon_20": NaN,
    "epsilon_prime_20": NaN
}