{
    "f0": 0.11764899999999999,
    "g0": 0.12245099999999999,
    "h0": 0,
    "t0": 0,
    "f1": 0.03134633544153029,
    "g1": 0.014259294074470198,
    "h1": 0.00543617938947995,
    "t1": 0.0018360605884998507,
    "beta_1": 0.38123762376237624,
    "alpha_1": 0.4548950897647281,
    "epsilon_1": -0.07076893792382824,
    "gamma_1": 0.33774834437086093,
    "epsilon_prime_1": -0.04178381745459314,
    "f2": 0.00020863162828470803,
    "g2": 8.804458992341783e-05,
    "h2": 3.710718666986712e-05,
    "t2": 1.5618985979135846e-05,
    "beta_2": 0.4214590209590773,
    "alpha_2": 0.4220097913594781,
    "epsilon_2": -0.0005291715611693978,
    "gamma_2": 0.42091539081347923,
    "epsilon_prime_2": -0.0005223113163589115,
    "f3": 5.6930888658176104e-11,
    "g3": 2.4011064263412942e-11,
    "h3": 1.012686029497184e-11,
    "t3": 4.271084747013576e-12,
    "beta_3": 0.4217580771878874,
    "alpha_3": 0.4217581146076947,
    "epsilon_3": -3.595236388445882e-08,
    "gamma_3": 0.42175803976818393,
    "epsilon_prime_3": -3.5952264096089536e-08,
    "f4": 1.1560717225108697e-30,
    "g4": 4.875826102434955e-31,
    "h4": 2.056419140635327e-31,
    "t4": 8.673114243880581e-32,
    "beta_4": 0.4217580974859552,
    "alpha_4": 0.42175809748595516,
    "epsilon_4": 5.3334243339835947e-17,
    "gamma_4": 0.42175809748595505,
    "epsilon_prime_4": -1.6000273001950783e-16,
    "f5": 9.680442438832333e-90,
    "g5": 4.082804985824224e-90,
    "h5": 1.7219560632273974e-90,
    "t5": 7.262489131811921e-91,
    "beta_5": 0.4217580974859553,
    "alpha_5": 0.4217580974859551,
    "epsilon_5": 1.6000273001950783e-16,
    "gamma_5": 0.4217580974859551,
    "epsilon_prime_5": -1.6000273001950783e-16
}