{
    "f1": 0.0067130519750594015,
    "g1": 0.0069178753430598,
    "h1": 0.005292174637440746,
    "t1": 0.003672121176999702,
    "alpha_1": 1.0305112143867448,
    "epsilon_1": 0.0,
    "beta_1": 0.7649999999999999,
    "gamma_1": 0.6938775510204083,
    "epsilon_prime_1": 0.06833333333333313,
    "f2": 7.91667739792801e-06,
    "g2": 6.92881061546405e-06,
    "h2": 6.031847943683451e-06,
    "t2": 5.224700368024266e-06,
    "alpha_2": 0.8752169966250603,
    "epsilon_2": 0.0,
    "beta_2": 0.8705459390420175,
    "gamma_2": 0.8661856891627333,
    "epsilon_prime_2": 0.004189259687939706,
    "f3": 1.0306895044700904e-14,
    "g3": 8.990471926919681e-15,
    "h3": 7.842163998908352e-15,
    "t3": 6.840504715604495e-15,
    "alpha_3": 0.8722774305868151,
    "epsilon_3": 0.0,
    "beta_3": 0.8722750109954726,
    "gamma_3": 0.8722725916668804,
    "epsilon_prime_3": 2.3244529610653413e-06,
    "f4": 2.2635961413486448e-41,
    "g4": 1.9744803447249694e-41,
    "h4": 1.722291605153314e-41,
    "t4": 1.5023134472338618e-41,
    "alpha_4": 0.8722758926195108,
    "epsilon_4": 0.0,
    "beta_4": 0.8722758926188331,
    "gamma_4": 0.872275892618155,
    "epsilon_prime_4": 6.515311166394359e-13,
    "f5": 2.3977898844391643e-121,
    "g5": 2.0915343117621728e-121,
    "h5": 1.824394958735782e-121,
    "t5": 1.591375741121004e-121,
    "alpha_5": 0.87227589261908,
    "epsilon_5": 0.0,
    "beta_5": 0.8722758926190798,
    "gamma_5": 0.8722758926190801,
    "epsilon_prime_5": -3.2000546003901566e-16
}