{
    "f0": 0.11764899999999999,
    "g0": 0.12245099999999999,
    "h0": 0,
    "t0": 0,
    "f1": 0.5416409814959556,
    "g1": 0.18908076553777223,
    "h1": 0.0018180563027275598,
    "t1": 0.0018922626824307257,
    "alpha_1": 1.0408163265306123,
    "beta_1": 0.0,
    "gamma_1": 9999,
    "epsilon_1": -1.0,
    "epsilon_prime_1": 9606.882352941175,
    "f2": 8.066725270696875,
    "g2": 1.4871093921318004,
    "h2": 0.0531151322487156,
    "t2": 0.014123226719222219,
    "alpha_2": 0.3490887358920866,
    "beta_2": 0.009615236629472874,
    "gamma_2": 1.0408163265306123,
    "epsilon_2": -0.326160813017021,
    "epsilon_prime_2": 0.9907618314736437,
    "f3": 9710.864628487558,
    "g3": 1005.3953005745291,
    "h3": 79.32230177730588,
    "t3": 8.698107540506541,
    "alpha_3": 0.1843510646797236,
    "beta_3": 0.035717030992974914,
    "gamma_3": 0.265898363070794,
    "epsilon_3": -0.14280524805197423,
    "epsilon_prime_3": 0.22115461317280657,
    "f4": 6877156834719.386,
    "g4": 630772775954.5916,
    "h4": 57768623810.12655,
    "t4": 5300226833.673952,
    "alpha_4": 0.10353303635034987,
    "beta_4": 0.07889663074014516,
    "gamma_4": 0.10965525893242638,
    "epsilon_4": -0.023670272056863343,
    "epsilon_prime_4": 0.02955240747885842,
    "f5": 2.0620443117788424e+39,
    "g5": 1.890039215310615e+38,
    "h5": 1.7323818960599844e+37,
    "t5": 1.587875537411301e+36,
    "alpha_5": 0.09171999288574163,
    "beta_5": 0.0915838888618827,
    "gamma_5": 0.09174923140102308,
    "epsilon_5": -0.00013076661115857664,
    "epsilon_prime_5": 0.0001588585179976105,
    "f6": 5.5535500414692705e+118,
    "g6": 5.090301552499481e+117,
    "h6": 4.665694862186469e+116,
    "t6": 4.276506671072202e+115,
    "alpha_6": 0.09165851599377874,
    "beta_6": 0.0916585159729228,
    "gamma_6": 0.091658516001735,
    "epsilon_6": -2.003806189604058e-11,
    "epsilon_prime_6": 2.768231232477008e-11,
    "f7": Infinity,
    "g7": Infinity,
    "h7": Infinity,
    "t7": Infinity,
    "alpha_7": 0.09165851598507914,
    "beta_7": 0.09165851598507915,
    "gamma_7": 0.09165851598507917,
    "epsilon_7": 1.3333560834958987e-17,
    "epsilon_prime_7": 1.3333560834958987e-17,
    "f8": Infinity,
    "g8": Infinity,
    "h8": Infinity,
    "t8": Infinity,
    "alpha_8": NaN,
    "beta_8": NaN,
    "gamma_8": NaN,
    "epsilon_8": NaN,
    "epsilon_prime_8": NaN,
    "f9": Infinity,
    "g9": Infinity,
    "h9": Infinity,
    "t9": Infinity,
    "alpha_9": NaN,
    "beta_9": NaN,
    "gamma_9": NaN,
    "epsilon_9": NaN,
    "epsilon_prime_9": NaN,
    "f10": Infinity,
    "g10": Infinity,
    "h10": Infinity,
    "t10": Infinity,
    "alpha_10": NaN,
    "beta_10": NaN,
    "gamma_10": NaN,
    "epsilon_10": NaN,
    "epsilon_prime_10": NaN,
    "f11": Infinity,
    "g11": Infinity,
    "h11": Infinity,
    "t11": Infinity,
    "alpha_11": NaN,
    "beta_11": NaN,
    "gamma_11": NaN,
    "epsilon_11": NaN,
    "epsilon_prime_11": NaN,
    "f12": Infinity,
    "g12": Infinity,
    "h12": Infinity,
    "t12": Infinity,
    "alpha_12": NaN,
    "beta_12": NaN,
    "gamma_12": NaN,
    "epsilon_12": NaN,
    "epsilon_prime_12": NaN,
    "f13": Infinity,
    "g13": Infinity,
    "h13": Infinity,
    "t13": Infinity,
    "alpha_13": NaN,
    "beta_13": NaN,
    "gamma_13": NaN,
    "epsilon_13": NaN,
    "epsilon_prime_13": NaN,
    "f14": Infinity,
    "g14": Infinity,
    "h14": Infinity,
    "t14": Infinity,
    "alpha_14": NaN,
    "beta_14": NaN,
    "gamma_14": NaN,
    "epsilon_14": NaN,
    "epsilon_prime_14": NaN,
    "f15": Infinity,
    "g15": Infinity,
    "h15": Infinity,
    "t15": Infinity,
    "alpha_15": NaN,
    "beta_15": NaN,
    "gamma_15": NaN,
    "epsilon_15": NaN,
    "epsilon_prime_15": NaN,
    "f16": Infinity,
    "g16": Infinity,
    "h16": Infinity,
    "t16": Infinity,
    "alpha_16": NaN,
    "beta_16": NaN,
    "gamma_16": NaN,
    "epsilon_16": NaN,
    "epsilon_prime_16": NaN,
    "f17": Infinity,
    "g17": Infinity,
    "h17": Infinity,
    "t17": Infinity,
    "alpha_17": NaN,
    "beta_17": NaN,
    "gamma_17": NaN,
    "epsilon_17": NaN,
    "epsilon_prime_17": NaN,
    "f18": Infinity,
    "g18": Infinity,
    "h18": Infinity,
    "t18": Infinity,
    "alpha_18": NaN,
    "beta_18": NaN,
    "gamma_18": NaN,
    "epsilon_18": NaN,
    "epsilon_prime_18": NaN,
    "f19": Infinity,
    "g19": Infinity,
    "h19": Infinity,
    "t19": Infinity,
    "alpha_19": NaN,
    "beta_19": NaN,
    "gamma_19": NaN,
    "epsilon_19": NaN,
    "epsilon_prime_19": NaN,
    "f20": Infinity,
    "g20": Infinity,
    "h20": Infinity,
    "t20": Infinity,
    "alpha_20": NaN,
    "beta_20": NaN,
    "gamma_20": NaN,
    "epsilon_20": NaN,
    "epsilon_prime_20": NaN
}