{
    "f0": 0.11059199999999998,
    "g0": 0.119808,
    "h0": 0,
    "t0": 0,
    "f1": 0.4872932429273147,
    "g1": 0.17697378861006763,
    "h1": 0.0016360243569286247,
    "t1": 0.0017723597200060104,
    "alpha_1": 1.0833333333333335,
    "beta_1": 0.0,
    "gamma_1": 9999,
    "epsilon_1": -1.0,
    "epsilon_prime_1": 9229.846153846152,
    "f2": 6.347883071826136,
    "g2": 1.21264952533303,
    "h2": 0.04186839811546472,
    "t2": 0.011568619356282197,
    "alpha_2": 0.3631771857679243,
    "beta_2": 0.009244444444444442,
    "gamma_2": 1.0833333333333335,
    "epsilon_2": -0.3267071458370583,
    "epsilon_prime_2": 0.9914666666666668,
    "f3": 5059.984700311127,
    "g3": 533.1310949022713,
    "h3": 41.52999106563481,
    "t3": 4.651264411001283,
    "alpha_3": 0.1910321144249085,
    "beta_3": 0.034526379832595405,
    "gamma_3": 0.27630909891460964,
    "epsilon_3": -0.14446683193136592,
    "epsilon_prime_3": 0.22318404838339775,
    "f4": 1003062942898.6392,
    "g4": 92342110710.4841,
    "h4": 8483850893.941263,
    "t4": 781348635.443254,
    "alpha_4": 0.10536219504171432,
    "beta_4": 0.0778982720436663,
    "gamma_4": 0.11199772240861632,
    "epsilon_4": -0.02535131353665971,
    "epsilon_prime_4": 0.031476415721492325,
    "f5": 6.460987363002326e+36,
    "g5": 5.942541319719438e+35,
    "h5": 5.465696701100754e+34,
    "t5": 5.0271153104452974e+33,
    "alpha_5": 0.09206013577137541,
    "beta_5": 0.09187412794299542,
    "gamma_5": 0.0920983460472241,
    "epsilon_5": -0.00017169953388922294,
    "epsilon_prime_5": 0.0002069705577495503,
    "f6": 1.7245232502093737e+111,
    "g6": 1.58614312222019e+110,
    "h6": 1.4588669673551603e+109,
    "t6": 1.3418037745931665e+108,
    "alpha_6": 0.09197574590144418,
    "beta_6": 0.09197574584738105,
    "gamma_6": 0.09197574591786023,
    "epsilon_6": -4.990442674486399e-11,
    "epsilon_prime_6": 6.505770281469617e-11,
    "f7": Infinity,
    "g7": Infinity,
    "h7": Infinity,
    "t7": Infinity,
    "alpha_7": 0.09197574587803424,
    "beta_7": 0.09197574587803424,
    "gamma_7": 0.09197574587803421,
    "epsilon_7": 0.0,
    "epsilon_prime_7": -2.562053133750361e-17,
    "f8": Infinity,
    "g8": Infinity,
    "h8": Infinity,
    "t8": Infinity,
    "alpha_8": NaN,
    "beta_8": NaN,
    "gamma_8": NaN,
    "epsilon_8": NaN,
    "epsilon_prime_8": NaN,
    "f9": Infinity,
    "g9": Infinity,
    "h9": Infinity,
    "t9": Infinity,
    "alpha_9": NaN,
    "beta_9": NaN,
    "gamma_9": NaN,
    "epsilon_9": NaN,
    "epsilon_prime_9": NaN,
    "f10": Infinity,
    "g10": Infinity,
    "h10": Infinity,
    "t10": Infinity,
    "alpha_10": NaN,
    "beta_10": NaN,
    "gamma_10": NaN,
    "epsilon_10": NaN,
    "epsilon_prime_10": NaN,
    "f11": Infinity,
    "g11": Infinity,
    "h11": Infinity,
    "t11": Infinity,
    "alpha_11": NaN,
    "beta_11": NaN,
    "gamma_11": NaN,
    "epsilon_11": NaN,
    "epsilon_prime_11": NaN,
    "f12": Infinity,
    "g12": Infinity,
    "h12": Infinity,
    "t12": Infinity,
    "alpha_12": NaN,
    "beta_12": NaN,
    "gamma_12": NaN,
    "epsilon_12": NaN,
    "epsilon_prime_12": NaN,
    "f13": Infinity,
    "g13": Infinity,
    "h13": Infinity,
    "t13": Infinity,
    "alpha_13": NaN,
    "beta_13": NaN,
    "gamma_13": NaN,
    "epsilon_13": NaN,
    "epsilon_prime_13": NaN,
    "f14": Infinity,
    "g14": Infinity,
    "h14": Infinity,
    "t14": Infinity,
    "alpha_14": NaN,
    "beta_14": NaN,
    "gamma_14": NaN,
    "epsilon_14": NaN,
    "epsilon_prime_14": NaN,
    "f15": Infinity,
    "g15": Infinity,
    "h15": Infinity,
    "t15": Infinity,
    "alpha_15": NaN,
    "beta_15": NaN,
    "gamma_15": NaN,
    "epsilon_15": NaN,
    "epsilon_prime_15": NaN,
    "f16": Infinity,
    "g16": Infinity,
    "h16": Infinity,
    "t16": Infinity,
    "alpha_16": NaN,
    "beta_16": NaN,
    "gamma_16": NaN,
    "epsilon_16": NaN,
    "epsilon_prime_16": NaN,
    "f17": Infinity,
    "g17": Infinity,
    "h17": Infinity,
    "t17": Infinity,
    "alpha_17": NaN,
    "beta_17": NaN,
    "gamma_17": NaN,
    "epsilon_17": NaN,
    "epsilon_prime_17": NaN,
    "f18": Infinity,
    "g18": Infinity,
    "h18": Infinity,
    "t18": Infinity,
    "alpha_18": NaN,
    "beta_18": NaN,
    "gamma_18": NaN,
    "epsilon_18": NaN,
    "epsilon_prime_18": NaN,
    "f19": Infinity,
    "g19": Infinity,
    "h19": Infinity,
    "t19": Infinity,
    "alpha_19": NaN,
    "beta_19": NaN,
    "gamma_19": NaN,
    "epsilon_19": NaN,
    "epsilon_prime_19": NaN,
    "f20": Infinity,
    "g20": Infinity,
    "h20": Infinity,
    "t20": Infinity,
    "alpha_20": NaN,
    "beta_20": NaN,
    "gamma_20": NaN,
    "epsilon_20": NaN,
    "epsilon_prime_20": NaN
}