{
    "f1": 0.005748573207527422,
    "g1": 0.006105510759628799,
    "h1": 0.004762298392510463,
    "t1": 0.0034394377279242236,
    "alpha_1": 1.062091503267974,
    "epsilon_1": 0.0,
    "beta_1": 0.78,
    "gamma_1": 0.7222222222222222,
    "epsilon_prime_1": 0.053333333333333365,
    "f2": 5.259368909351669e-06,
    "g2": 4.719590427550001e-06,
    "h2": 4.211933416244702e-06,
    "t2": 3.7396654093683964e-06,
    "alpha_2": 0.8973682030857563,
    "epsilon_2": 0.0,
    "beta_2": 0.8924362147312791,
    "gamma_2": 0.8878738194068193,
    "epsilon_prime_2": 0.004211441837962882,
    "f3": 3.1701846645253863e-15,
    "g3": 2.834908851614233e-15,
    "h3": 2.5350839504821615e-15,
    "t3": 2.2669623031192874e-15,
    "alpha_3": 0.894240920201616,
    "epsilon_3": 0.0,
    "beta_3": 0.8942382570919882,
    "gamma_3": 0.8942355943234627,
    "epsilon_prime_3": 2.4579401774428896e-06,
    "f4": 6.908070243627076e-43,
    "g4": 6.1774672922547586e-43,
    "h4": 5.5241334846077174e-43,
    "t4": 4.939896775171447e-43,
    "alpha_4": 0.8942392121669112,
    "epsilon_4": 0.0,
    "beta_4": 0.8942392121660954,
    "gamma_4": 0.8942392121652799,
    "epsilon_prime_4": 7.527312106958561e-13,
    "f5": 7.147795199077329e-126,
    "g5": 6.391838747549602e-126,
    "h5": 5.715832845903347e-126,
    "t5": 5.111321860995372e-126,
    "alpha_5": 0.894239212166388,
    "epsilon_5": 0.0,
    "beta_5": 0.8942392121663878,
    "gamma_5": 0.8942392121663879,
    "epsilon_prime_5": -1.0248212535001444e-16
}