{
    "f0": 0.11059199999999998,
    "g0": 0.119808,
    "h0": 0,
    "t0": 0,
    "f1": 0.027870873859915768,
    "g1": 0.0129742103642112,
    "h1": 0.005026870525427712,
    "t1": 0.001719718863962112,
    "beta_1": 0.38745098039215686,
    "alpha_1": 0.4655114306577544,
    "epsilon_1": -0.07205580024516696,
    "gamma_1": 0.34210526315789475,
    "epsilon_prime_1": -0.04185758513931887,
    "f2": 0.00015133102405679393,
    "g2": 6.512031926361208e-05,
    "h2": 2.798233664307564e-05,
    "t2": 1.20071019576662e-05,
    "beta_2": 0.4297020800804275,
    "alpha_2": 0.4303170461542154,
    "epsilon_2": -0.0005676609911888444,
    "gamma_2": 0.4290957581856344,
    "epsilon_prime_2": -0.0005596817490397788,
    "f3": 2.231861458128543e-11,
    "g3": 9.597743164965696e-12,
    "h3": 4.1273468620688515e-12,
    "t3": 1.7748954079335923e-12,
    "beta_3": 0.43003305997338626,
    "alpha_3": 0.43003310667023126,
    "epsilon_3": -4.310478000176724e-08,
    "gamma_3": 0.430033013276698,
    "epsilon_prime_3": -4.310463529700625e-08,
    "f4": 7.15462543950992e-32,
    "g4": 3.076725650332368e-32,
    "h4": 1.3230938233520646e-32,
    "t4": 5.6897411870417296e-33,
    "beta_4": 0.43003308507833166,
    "alpha_4": 0.43003308507833204,
    "epsilon_4": -3.5868743872505053e-16,
    "gamma_4": 0.43003308507833127,
    "epsilon_prime_4": -3.5868743872505053e-16,
    "f5": 2.356925687061261e-93,
    "g5": 1.013556024507321e-93,
    "h5": 4.3586262411861254e-94,
    "t5": 1.8743534892006433e-94,
    "beta_5": 0.43003308507833177,
    "alpha_5": 0.43003308507833193,
    "epsilon_5": -1.5372318802502167e-16,
    "gamma_5": 0.430033085078332,
    "epsilon_prime_5": 2.0496425070002889e-16
}