{
    "f0": 0.11059199999999998,
    "g0": 0.119808,
    "h0": 0,
    "t0": 0,
    "f1": 0.027870873859915768,
    "g1": 0.0129742103642112,
    "h1": 0.005026870525427712,
    "t1": 0.001719718863962112,
    "alpha_1": 1.0833333333333335,
    "beta_1": 0.0,
    "gamma_1": 9999,
    "epsilon_1": -1.0,
    "epsilon_prime_1": 9229.846153846152,
    "f2": 0.00015133102405679393,
    "g2": 6.512031926361208e-05,
    "h2": 2.798233664307564e-05,
    "t2": 1.20071019576662e-05,
    "alpha_2": 0.4655114306577544,
    "beta_2": 0.38745098039215686,
    "gamma_2": 0.34210526315789475,
    "epsilon_2": -0.07205580024516696,
    "epsilon_prime_2": -0.04185758513931887,
    "f3": 2.231861458128543e-11,
    "g3": 9.597743164965696e-12,
    "h3": 4.1273468620688515e-12,
    "t3": 1.7748954079335923e-12,
    "alpha_3": 0.4303170461542154,
    "beta_3": 0.4297020800804275,
    "gamma_3": 0.4290957581856344,
    "epsilon_3": -0.0005676609911888444,
    "epsilon_prime_3": -0.0005596817490397788,
    "f4": 7.15462543950992e-32,
    "g4": 3.076725650332368e-32,
    "h4": 1.3230938233520646e-32,
    "t4": 5.6897411870417296e-33,
    "alpha_4": 0.43003310667023126,
    "beta_4": 0.43003305997338626,
    "gamma_4": 0.430033013276698,
    "epsilon_4": -4.310478000176724e-08,
    "epsilon_prime_4": -4.310463529700625e-08,
    "f5": 2.356925687061261e-93,
    "g5": 1.013556024507321e-93,
    "h5": 4.3586262411861254e-94,
    "t5": 1.8743534892006433e-94,
    "alpha_5": 0.43003308507833204,
    "beta_5": 0.43003308507833166,
    "gamma_5": 0.43003308507833127,
    "epsilon_5": -3.5868743872505053e-16,
    "epsilon_prime_5": -3.5868743872505053e-16,
    "f6": 8.426027092327995e-278,
    "g6": 3.623470425467414e-278,
    "h6": 1.5582121657538474e-278,
    "t6": 6.700827848457161e-279,
    "alpha_6": 0.43003308507833193,
    "beta_6": 0.43003308507833177,
    "gamma_6": 0.430033085078332,
    "epsilon_6": -1.5372318802502167e-16,
    "epsilon_prime_6": 2.0496425070002889e-16,
    "f7": 0.0,
    "g7": 0.0,
    "h7": 0.0,
    "t7": 0.0,
    "alpha_7": 0.4300330850783319,
    "beta_7": 0.43003308507833177,
    "gamma_7": 0.43003308507833193,
    "epsilon_7": -1.0248212535001444e-16,
    "epsilon_prime_7": 1.5372318802502167e-16,
    "f8": 0.0,
    "g8": 0.0,
    "h8": 0.0,
    "t8": 0.0,
    "alpha_8": NaN,
    "beta_8": NaN,
    "gamma_8": NaN,
    "epsilon_8": NaN,
    "epsilon_prime_8": NaN,
    "f9": 0.0,
    "g9": 0.0,
    "h9": 0.0,
    "t9": 0.0,
    "alpha_9": NaN,
    "beta_9": NaN,
    "gamma_9": NaN,
    "epsilon_9": NaN,
    "epsilon_prime_9": NaN,
    "f10": 0.0,
    "g10": 0.0,
    "h10": 0.0,
    "t10": 0.0,
    "alpha_10": NaN,
    "beta_10": NaN,
    "gamma_10": NaN,
    "epsilon_10": NaN,
    "epsilon_prime_10": NaN,
    "f11": 0.0,
    "g11": 0.0,
    "h11": 0.0,
    "t11": 0.0,
    "alpha_11": NaN,
    "beta_11": NaN,
    "gamma_11": NaN,
    "epsilon_11": NaN,
    "epsilon_prime_11": NaN,
    "f12": 0.0,
    "g12": 0.0,
    "h12": 0.0,
    "t12": 0.0,
    "alpha_12": NaN,
    "beta_12": NaN,
    "gamma_12": NaN,
    "epsilon_12": NaN,
    "epsilon_prime_12": NaN,
    "f13": 0.0,
    "g13": 0.0,
    "h13": 0.0,
    "t13": 0.0,
    "alpha_13": NaN,
    "beta_13": NaN,
    "gamma_13": NaN,
    "epsilon_13": NaN,
    "epsilon_prime_13": NaN,
    "f14": 0.0,
    "g14": 0.0,
    "h14": 0.0,
    "t14": 0.0,
    "alpha_14": NaN,
    "beta_14": NaN,
    "gamma_14": NaN,
    "epsilon_14": NaN,
    "epsilon_prime_14": NaN,
    "f15": 0.0,
    "g15": 0.0,
    "h15": 0.0,
    "t15": 0.0,
    "alpha_15": NaN,
    "beta_15": NaN,
    "gamma_15": NaN,
    "epsilon_15": NaN,
    "epsilon_prime_15": NaN,
    "f16": 0.0,
    "g16": 0.0,
    "h16": 0.0,
    "t16": 0.0,
    "alpha_16": NaN,
    "beta_16": NaN,
    "gamma_16": NaN,
    "epsilon_16": NaN,
    "epsilon_prime_16": NaN,
    "f17": 0.0,
    "g17": 0.0,
    "h17": 0.0,
    "t17": 0.0,
    "alpha_17": NaN,
    "beta_17": NaN,
    "gamma_17": NaN,
    "epsilon_17": NaN,
    "epsilon_prime_17": NaN,
    "f18": 0.0,
    "g18": 0.0,
    "h18": 0.0,
    "t18": 0.0,
    "alpha_18": NaN,
    "beta_18": NaN,
    "gamma_18": NaN,
    "epsilon_18": NaN,
    "epsilon_prime_18": NaN,
    "f19": 0.0,
    "g19": 0.0,
    "h19": 0.0,
    "t19": 0.0,
    "alpha_19": NaN,
    "beta_19": NaN,
    "gamma_19": NaN,
    "epsilon_19": NaN,
    "epsilon_prime_19": NaN,
    "f20": 0.0,
    "g20": 0.0,
    "h20": 0.0,
    "t20": 0.0,
    "alpha_20": NaN,
    "beta_20": NaN,
    "gamma_20": NaN,
    "epsilon_20": NaN,
    "epsilon_prime_20": NaN
}