{
    "f0": 0.10382299999999998,
    "g0": 0.117077,
    "h0": 0,
    "t0": 0,
    "f1": 0.02470861322103893,
    "g1": 0.0117687472962022,
    "h1": 0.004632658826451633,
    "t1": 0.001604777240535533,
    "alpha_1": 1.1276595744680853,
    "beta_1": 0.0,
    "gamma_1": 9999,
    "epsilon_1": -1.0,
    "epsilon_prime_1": 8867.037735849055,
    "f2": 0.00010882278245396217,
    "g2": 4.773776510748969e-05,
    "h2": 2.090861720596764e-05,
    "t2": 9.143633360812861e-06,
    "alpha_2": 0.4763014091855761,
    "beta_2": 0.3936407766990292,
    "gamma_2": 0.3464052287581699,
    "epsilon_2": -0.07330282503523972,
    "epsilon_prime_2": -0.041888127419252554,
    "f3": 8.524780129237602e-12,
    "g3": 3.7368775549669824e-12,
    "h3": 1.6380776747595626e-12,
    "t3": 7.180588803905877e-13,
    "alpha_3": 0.438674366074818,
    "beta_3": 0.43798902522747635,
    "gamma_3": 0.43731411172438167,
    "epsilon_3": -0.0006077550910388443,
    "epsilon_prime_3": -0.000598508200857543,
    "f4": 4.094875077927769e-33,
    "g4": 1.79500768238802e-33,
    "h4": 7.868500304684618e-34,
    "t4": 3.4491939868722114e-34,
    "alpha_4": 0.4383547139415997,
    "beta_4": 0.4383546559030982,
    "gamma_4": 0.4383545978648324,
    "epsilon_4": -5.1468105107998823e-08,
    "epsilon_prime_4": -5.146789609070898e-08,
    "f5": 4.538507332947048e-97,
    "g5": 1.9894759606041432e-97,
    "h5": 8.720961116640231e-98,
    "t5": 3.8228741791308314e-98,
    "alpha_5": 0.4383546868287841,
    "beta_5": 0.438354686828784,
    "gamma_5": 0.43835468682878326,
    "epsilon_5": -9.845373991958934e-17,
    "epsilon_prime_5": -6.399493094773307e-16,
    "f6": 6.1791707171186485e-289,
    "g6": 2.7086684445641383e-289,
    "h6": 1.1873575077399216e-289,
    "t6": 5.204837284591389e-290,
    "alpha_6": 0.43835468682878403,
    "beta_6": 0.43835468682878387,
    "gamma_6": 0.43835468682878403,
    "epsilon_6": -1.47680609879384e-16,
    "epsilon_prime_6": 1.47680609879384e-16,
    "f7": 0.0,
    "g7": 0.0,
    "h7": 0.0,
    "t7": 0.0,
    "alpha_7": 0.4383546868287841,
    "beta_7": 0.43835468682878376,
    "gamma_7": 0.4383546868287841,
    "epsilon_7": -2.95361219758768e-16,
    "epsilon_prime_7": 2.95361219758768e-16,
    "f8": 0.0,
    "g8": 0.0,
    "h8": 0.0,
    "t8": 0.0,
    "alpha_8": NaN,
    "beta_8": NaN,
    "gamma_8": NaN,
    "epsilon_8": NaN,
    "epsilon_prime_8": NaN,
    "f9": 0.0,
    "g9": 0.0,
    "h9": 0.0,
    "t9": 0.0,
    "alpha_9": NaN,
    "beta_9": NaN,
    "gamma_9": NaN,
    "epsilon_9": NaN,
    "epsilon_prime_9": NaN,
    "f10": 0.0,
    "g10": 0.0,
    "h10": 0.0,
    "t10": 0.0,
    "alpha_10": NaN,
    "beta_10": NaN,
    "gamma_10": NaN,
    "epsilon_10": NaN,
    "epsilon_prime_10": NaN,
    "f11": 0.0,
    "g11": 0.0,
    "h11": 0.0,
    "t11": 0.0,
    "alpha_11": NaN,
    "beta_11": NaN,
    "gamma_11": NaN,
    "epsilon_11": NaN,
    "epsilon_prime_11": NaN,
    "f12": 0.0,
    "g12": 0.0,
    "h12": 0.0,
    "t12": 0.0,
    "alpha_12": NaN,
    "beta_12": NaN,
    "gamma_12": NaN,
    "epsilon_12": NaN,
    "epsilon_prime_12": NaN,
    "f13": 0.0,
    "g13": 0.0,
    "h13": 0.0,
    "t13": 0.0,
    "alpha_13": NaN,
    "beta_13": NaN,
    "gamma_13": NaN,
    "epsilon_13": NaN,
    "epsilon_prime_13": NaN,
    "f14": 0.0,
    "g14": 0.0,
    "h14": 0.0,
    "t14": 0.0,
    "alpha_14": NaN,
    "beta_14": NaN,
    "gamma_14": NaN,
    "epsilon_14": NaN,
    "epsilon_prime_14": NaN,
    "f15": 0.0,
    "g15": 0.0,
    "h15": 0.0,
    "t15": 0.0,
    "alpha_15": NaN,
    "beta_15": NaN,
    "gamma_15": NaN,
    "epsilon_15": NaN,
    "epsilon_prime_15": NaN,
    "f16": 0.0,
    "g16": 0.0,
    "h16": 0.0,
    "t16": 0.0,
    "alpha_16": NaN,
    "beta_16": NaN,
    "gamma_16": NaN,
    "epsilon_16": NaN,
    "epsilon_prime_16": NaN,
    "f17": 0.0,
    "g17": 0.0,
    "h17": 0.0,
    "t17": 0.0,
    "alpha_17": NaN,
    "beta_17": NaN,
    "gamma_17": NaN,
    "epsilon_17": NaN,
    "epsilon_prime_17": NaN,
    "f18": 0.0,
    "g18": 0.0,
    "h18": 0.0,
    "t18": 0.0,
    "alpha_18": NaN,
    "beta_18": NaN,
    "gamma_18": NaN,
    "epsilon_18": NaN,
    "epsilon_prime_18": NaN,
    "f19": 0.0,
    "g19": 0.0,
    "h19": 0.0,
    "t19": 0.0,
    "alpha_19": NaN,
    "beta_19": NaN,
    "gamma_19": NaN,
    "epsilon_19": NaN,
    "epsilon_prime_19": NaN,
    "f20": 0.0,
    "g20": 0.0,
    "h20": 0.0,
    "t20": 0.0,
    "alpha_20": NaN,
    "beta_20": NaN,
    "gamma_20": NaN,
    "epsilon_20": NaN,
    "epsilon_prime_20": NaN
}