{
    "f1": 0.004905125052322764,
    "g1": 0.005370205076907797,
    "h1": 0.0042693130361417,
    "t1": 0.003209554481071065,
    "alpha_1": 1.094815120842801,
    "epsilon_1": 0.0,
    "beta_1": 0.7950000000000003,
    "gamma_1": 0.7517730496453899,
    "epsilon_prime_1": 0.038333333333333684,
    "f2": 3.459071490930785e-06,
    "g2": 3.1824013053483683e-06,
    "h2": 2.9112918138830943e-06,
    "t2": 2.649387258112679e-06,
    "alpha_2": 0.9200160545083245,
    "epsilon_2": 0.0,
    "beta_2": 0.9148097724163055,
    "gamma_2": 0.9100383704163665,
    "epsilon_prime_2": 0.00423124328296475,
    "f3": 9.463983125200632e-16,
    "g3": 8.675544276238123e-16,
    "h3": 7.952764397934294e-16,
    "t3": 7.290177716698184e-16,
    "alpha_3": 0.9166905901529918,
    "epsilon_3": 0.0,
    "beta_3": 0.9166876618584627,
    "gamma_3": 0.9166847340016492,
    "epsilon_prime_3": 2.596401325223989e-06,
    "f4": 1.9281306170747179e-44,
    "g4": 1.7674955399332567e-44,
    "h4": 1.620243180630721e-44,
    "t4": 1.48525860748519e-44,
    "alpha_4": 0.9166886954032345,
    "epsilon_4": 0.0,
    "beta_4": 0.9166886954022548,
    "gamma_4": 0.9166886954012762,
    "epsilon_prime_4": 8.678697173911801e-13,
    "f5": 1.630506839949314e-130,
    "g5": 1.4946671879581537e-130,
    "h5": 1.3701445145904338e-130,
    "t5": 1.2559959875929341e-130,
    "alpha_5": 0.9166886954026007,
    "epsilon_5": 0.0,
    "beta_5": 0.9166886954026008,
    "gamma_5": 0.9166886954026005,
    "epsilon_prime_5": 2.95361219758768e-16
}