{
    "f0": 0.10382299999999998,
    "g0": 0.117077,
    "h0": 0,
    "t0": 0,
    "f1": 0.02470861322103893,
    "g1": 0.0117687472962022,
    "h1": 0.004632658826451633,
    "t1": 0.001604777240535533,
    "beta_1": 0.3936407766990292,
    "alpha_1": 0.4763014091855761,
    "epsilon_1": -0.07330282503523972,
    "gamma_1": 0.3464052287581699,
    "epsilon_prime_1": -0.041888127419252554,
    "f2": 0.00010882278245396217,
    "g2": 4.773776510748969e-05,
    "h2": 2.090861720596764e-05,
    "t2": 9.143633360812861e-06,
    "beta_2": 0.43798902522747635,
    "alpha_2": 0.438674366074818,
    "epsilon_2": -0.0006077550910388443,
    "gamma_2": 0.43731411172438167,
    "epsilon_prime_2": -0.000598508200857543,
    "f3": 8.524780129237602e-12,
    "g3": 3.7368775549669824e-12,
    "h3": 1.6380776747595626e-12,
    "t3": 7.180588803905877e-13,
    "beta_3": 0.4383546559030982,
    "alpha_3": 0.4383547139415997,
    "epsilon_3": -5.1468105107998823e-08,
    "gamma_3": 0.4383545978648324,
    "epsilon_prime_3": -5.146789609070898e-08,
    "f4": 4.094875077927769e-33,
    "g4": 1.79500768238802e-33,
    "h4": 7.868500304684618e-34,
    "t4": 3.4491939868722114e-34,
    "beta_4": 0.438354686828784,
    "alpha_4": 0.4383546868287841,
    "epsilon_4": -9.845373991958934e-17,
    "gamma_4": 0.43835468682878326,
    "epsilon_prime_4": -6.399493094773307e-16,
    "f5": 4.538507332947048e-97,
    "g5": 1.9894759606041432e-97,
    "h5": 8.720961116640231e-98,
    "t5": 3.8228741791308314e-98,
    "beta_5": 0.43835468682878387,
    "alpha_5": 0.43835468682878403,
    "epsilon_5": -1.47680609879384e-16,
    "gamma_5": 0.43835468682878403,
    "epsilon_prime_5": 1.47680609879384e-16
}