{
    "f0": 0.10382299999999998,
    "g0": 0.117077,
    "h0": 0,
    "t0": 0,
    "f1": 0.43675312563563506,
    "g1": 0.16503670003379484,
    "h1": 0.0014666657858872028,
    "t1": 0.0016538997160004628,
    "alpha_1": 1.1276595744680853,
    "beta_1": 0.0,
    "gamma_1": 9999,
    "epsilon_1": -1.0,
    "epsilon_prime_1": 8867.037735849055,
    "f2": 4.940783486697267,
    "g2": 0.9784114620841962,
    "h2": 0.032638943668408006,
    "t2": 0.009373246452713476,
    "alpha_2": 0.3778718235699086,
    "beta_2": 0.008886906885479842,
    "gamma_2": 1.1276595744680853,
    "epsilon_2": -0.32721303932392737,
    "epsilon_prime_2": 0.992119158044952,
    "f3": 2553.625820225006,
    "g3": 274.0535893044199,
    "h3": 21.05325886946175,
    "t3": 2.41043022877664,
    "alpha_3": 0.19802759313750629,
    "beta_3": 0.0333591182577533,
    "gamma_3": 0.2871798348604664,
    "epsilon_3": -0.14602676074242246,
    "epsilon_prime_3": 0.22508629585523612,
    "f4": 133114656193.14763,
    "g4": 12299477910.516779,
    "h4": 1133352207.1351237,
    "t4": 104775008.00710794,
    "alpha_4": 0.10731939939433742,
    "beta_4": 0.07682168630922655,
    "gamma_4": 0.11449202442824784,
    "epsilon_4": -0.02704514179245681,
    "epsilon_prime_4": 0.033405771539509445,
    "f5": 1.5245989824781182e+34,
    "g5": 1.4069478826347022e+33,
    "h5": 1.2983757462330326e+32,
    "t5": 1.1981819669951715e+31,
    "alpha_5": 0.09239762368968896,
    "beta_5": 0.09214636713693683,
    "gamma_5": 0.09244699692424578,
    "epsilon_5": -0.00022281241470471647,
    "epsilon_prime_5": 0.0002665962264815224,
    "f6": 2.2866999913290025e+103,
    "g6": 2.110238656808468e+102,
    "h6": 1.947394588522614e+101,
    "t6": 1.7971169617102538e+100,
    "alpha_6": 0.09228314453862595,
    "beta_6": 0.09228314440486925,
    "gamma_6": 0.0922831445728594,
    "epsilon_6": -1.186144322175784e-10,
    "epsilon_prime_6": 1.4897239678743398e-10,
    "f7": Infinity,
    "g7": Infinity,
    "h7": Infinity,
    "t7": 6.063690643733443e+307,
    "alpha_7": 0.0922831444793955,
    "beta_7": 0.09228314447939552,
    "gamma_7": 0.09228314447939552,
    "epsilon_7": 1.2306717489948668e-17,
    "epsilon_prime_7": 0.0,
    "f8": Infinity,
    "g8": Infinity,
    "h8": Infinity,
    "t8": Infinity,
    "alpha_8": NaN,
    "beta_8": NaN,
    "gamma_8": 0.0,
    "epsilon_8": NaN,
    "epsilon_prime_8": NaN,
    "f9": Infinity,
    "g9": Infinity,
    "h9": Infinity,
    "t9": Infinity,
    "alpha_9": NaN,
    "beta_9": NaN,
    "gamma_9": NaN,
    "epsilon_9": NaN,
    "epsilon_prime_9": NaN,
    "f10": Infinity,
    "g10": Infinity,
    "h10": Infinity,
    "t10": Infinity,
    "alpha_10": NaN,
    "beta_10": NaN,
    "gamma_10": NaN,
    "epsilon_10": NaN,
    "epsilon_prime_10": NaN,
    "f11": Infinity,
    "g11": Infinity,
    "h11": Infinity,
    "t11": Infinity,
    "alpha_11": NaN,
    "beta_11": NaN,
    "gamma_11": NaN,
    "epsilon_11": NaN,
    "epsilon_prime_11": NaN,
    "f12": Infinity,
    "g12": Infinity,
    "h12": Infinity,
    "t12": Infinity,
    "alpha_12": NaN,
    "beta_12": NaN,
    "gamma_12": NaN,
    "epsilon_12": NaN,
    "epsilon_prime_12": NaN,
    "f13": Infinity,
    "g13": Infinity,
    "h13": Infinity,
    "t13": Infinity,
    "alpha_13": NaN,
    "beta_13": NaN,
    "gamma_13": NaN,
    "epsilon_13": NaN,
    "epsilon_prime_13": NaN,
    "f14": Infinity,
    "g14": Infinity,
    "h14": Infinity,
    "t14": Infinity,
    "alpha_14": NaN,
    "beta_14": NaN,
    "gamma_14": NaN,
    "epsilon_14": NaN,
    "epsilon_prime_14": NaN,
    "f15": Infinity,
    "g15": Infinity,
    "h15": Infinity,
    "t15": Infinity,
    "alpha_15": NaN,
    "beta_15": NaN,
    "gamma_15": NaN,
    "epsilon_15": NaN,
    "epsilon_prime_15": NaN,
    "f16": Infinity,
    "g16": Infinity,
    "h16": Infinity,
    "t16": Infinity,
    "alpha_16": NaN,
    "beta_16": NaN,
    "gamma_16": NaN,
    "epsilon_16": NaN,
    "epsilon_prime_16": NaN,
    "f17": Infinity,
    "g17": Infinity,
    "h17": Infinity,
    "t17": Infinity,
    "alpha_17": NaN,
    "beta_17": NaN,
    "gamma_17": NaN,
    "epsilon_17": NaN,
    "epsilon_prime_17": NaN,
    "f18": Infinity,
    "g18": Infinity,
    "h18": Infinity,
    "t18": Infinity,
    "alpha_18": NaN,
    "beta_18": NaN,
    "gamma_18": NaN,
    "epsilon_18": NaN,
    "epsilon_prime_18": NaN,
    "f19": Infinity,
    "g19": Infinity,
    "h19": Infinity,
    "t19": Infinity,
    "alpha_19": NaN,
    "beta_19": NaN,
    "gamma_19": NaN,
    "epsilon_19": NaN,
    "epsilon_prime_19": NaN,
    "f20": Infinity,
    "g20": Infinity,
    "h20": Infinity,
    "t20": Infinity,
    "alpha_20": NaN,
    "beta_20": NaN,
    "gamma_20": NaN,
    "epsilon_20": NaN,
    "epsilon_prime_20": NaN
}