{
    "f1": 0.0041699033442426856,
    "g1": 0.004706830697932798,
    "h1": 0.003812532865325566,
    "t1": 0.0029837213728634866,
    "alpha_1": 1.1287625418060203,
    "epsilon_1": 0.0,
    "beta_1": 0.8099999999999999,
    "gamma_1": 0.782608695652174,
    "epsilon_prime_1": 0.02333333333333325,
    "f2": 2.251396337854079e-06,
    "g2": 2.123493304821477e-06,
    "h2": 1.9911890293086766e-06,
    "t2": 1.8571967113622148e-06,
    "alpha_2": 0.9431894638531247,
    "epsilon_2": 0.0,
    "beta_2": 0.9376949881535307,
    "gamma_2": 0.9327073843948493,
    "epsilon_prime_2": 0.004248699498135962,
    "f3": 2.7390798853390207e-16,
    "g3": 2.5737897202821147e-16,
    "h3": 2.418465734382343e-16,
    "t3": 2.2725075177762893e-16,
    "alpha_3": 0.9396548578441889,
    "epsilon_3": 0.0,
    "beta_3": 0.9396516410506346,
    "gamma_3": 0.9396484248128782,
    "epsilon_prime_3": 2.739758088736392e-06,
    "f4": 4.9054490463226566e-46,
    "g4": 4.609418727178361e-46,
    "h4": 4.331253021242484e-46,
    "t4": 4.0698738483848796e-46,
    "alpha_4": 0.9396527583206246,
    "epsilon_4": 0.0,
    "beta_4": 0.9396527583194518,
    "gamma_4": 0.939652758318279,
    "epsilon_prime_4": 9.9908558792305e-13,
    "f5": 2.8177311619071604e-135,
    "g5": 2.6476888584898845e-135,
    "h5": 2.4879081390527792e-135,
    "t5": 2.337769745307371e-135,
    "alpha_5": 0.939652758319859,
    "epsilon_5": 0.0,
    "beta_5": 0.9396527583198592,
    "gamma_5": 0.9396527583198588,
    "epsilon_prime_5": 2.837236618486511e-16
}