{
    "f0": 0.09733599999999998,
    "g0": 0.11426399999999998,
    "h0": 0,
    "t0": 0,
    "f1": 0.38994469110026914,
    "g1": 0.15333085885615372,
    "h1": 0.0013097450254425235,
    "t1": 0.001537526768997745,
    "alpha_1": 1.173913043478261,
    "beta_1": 0.0,
    "gamma_1": 9999,
    "epsilon_1": -1.0,
    "epsilon_prime_1": 8517.666666666666,
    "f2": 3.802627401153843,
    "g2": 0.780894832203057,
    "h2": 0.025156920575894418,
    "t2": 0.007510339290938339,
    "alpha_2": 0.39321181274071176,
    "beta_2": 0.008541953232462172,
    "gamma_2": 1.173913043478261,
    "epsilon_2": -0.32768173217369406,
    "epsilon_prime_2": 0.9927235213204951,
    "f3": 1247.2304420177811,
    "g3": 136.46416130161987,
    "h3": 10.326174613334395,
    "t3": 1.2096899075348124,
    "alpha_3": 0.20535665207853593,
    "beta_3": 0.03221550398140276,
    "gamma_3": 0.29853969082904414,
    "epsilon_3": -0.1474906076382986,
    "epsilon_prime_3": 0.22686875175910187,
    "f4": 16037307124.736984,
    "g4": 1487215352.7825236,
    "h4": 137417306.08352366,
    "t4": 12752030.108771646,
    "alpha_4": 0.10941375122374888,
    "beta_4": 0.07566949823925544,
    "gamma_4": 0.11714792290774512,
    "epsilon_4": -0.02874510439419812,
    "epsilon_prime_4": 0.03533347286575046,
    "f5": 2.6913734166613967e+31,
    "g5": 2.491704701842566e+30,
    "h5": 2.3068490835997466e+29,
    "t5": 2.13570761935157e+28,
    "alpha_5": 0.09273473041421935,
    "beta_5": 0.09239906367724156,
    "gamma_5": 0.09279784673570031,
    "epsilon_5": -0.00028593833149960447,
    "epsilon_prime_5": 0.0003397040868352327,
    "f6": 1.2691530706806137e+95,
    "g6": 1.1749966203549778e+94,
    "h6": 1.0878254875160415e+93,
    "t6": 1.0071214425553049e+92,
    "alpha_6": 0.09258115898809328,
    "beta_6": 0.09258115866996107,
    "gamma_6": 0.09258115905956375,
    "epsilon_6": -2.7100151649499606e-10,
    "epsilon_prime_6": 3.318837673818267e-10,
    "f7": 1.3308654270276177e+286,
    "g7": 1.2321306350116853e+285,
    "h7": 1.1407208203799817e+284,
    "t7": 1.056092554695743e+283,
    "alpha_7": 0.09258115884515472,
    "beta_7": 0.09258115884515472,
    "gamma_7": 0.09258115884515469,
    "epsilon_7": 0.0,
    "epsilon_prime_7": -2.364363848738759e-17,
    "f8": Infinity,
    "g8": Infinity,
    "h8": Infinity,
    "t8": Infinity,
    "alpha_8": 0.0925811588451547,
    "beta_8": 0.0925811588451547,
    "gamma_8": 0.09258115884515473,
    "epsilon_8": 0.0,
    "epsilon_prime_8": 2.364363848738759e-17,
    "f9": Infinity,
    "g9": Infinity,
    "h9": Infinity,
    "t9": Infinity,
    "alpha_9": NaN,
    "beta_9": NaN,
    "gamma_9": NaN,
    "epsilon_9": NaN,
    "epsilon_prime_9": NaN,
    "f10": Infinity,
    "g10": Infinity,
    "h10": Infinity,
    "t10": Infinity,
    "alpha_10": NaN,
    "beta_10": NaN,
    "gamma_10": NaN,
    "epsilon_10": NaN,
    "epsilon_prime_10": NaN,
    "f11": Infinity,
    "g11": Infinity,
    "h11": Infinity,
    "t11": Infinity,
    "alpha_11": NaN,
    "beta_11": NaN,
    "gamma_11": NaN,
    "epsilon_11": NaN,
    "epsilon_prime_11": NaN,
    "f12": Infinity,
    "g12": Infinity,
    "h12": Infinity,
    "t12": Infinity,
    "alpha_12": NaN,
    "beta_12": NaN,
    "gamma_12": NaN,
    "epsilon_12": NaN,
    "epsilon_prime_12": NaN,
    "f13": Infinity,
    "g13": Infinity,
    "h13": Infinity,
    "t13": Infinity,
    "alpha_13": NaN,
    "beta_13": NaN,
    "gamma_13": NaN,
    "epsilon_13": NaN,
    "epsilon_prime_13": NaN,
    "f14": Infinity,
    "g14": Infinity,
    "h14": Infinity,
    "t14": Infinity,
    "alpha_14": NaN,
    "beta_14": NaN,
    "gamma_14": NaN,
    "epsilon_14": NaN,
    "epsilon_prime_14": NaN,
    "f15": Infinity,
    "g15": Infinity,
    "h15": Infinity,
    "t15": Infinity,
    "alpha_15": NaN,
    "beta_15": NaN,
    "gamma_15": NaN,
    "epsilon_15": NaN,
    "epsilon_prime_15": NaN,
    "f16": Infinity,
    "g16": Infinity,
    "h16": Infinity,
    "t16": Infinity,
    "alpha_16": NaN,
    "beta_16": NaN,
    "gamma_16": NaN,
    "epsilon_16": NaN,
    "epsilon_prime_16": NaN,
    "f17": Infinity,
    "g17": Infinity,
    "h17": Infinity,
    "t17": Infinity,
    "alpha_17": NaN,
    "beta_17": NaN,
    "gamma_17": NaN,
    "epsilon_17": NaN,
    "epsilon_prime_17": NaN,
    "f18": Infinity,
    "g18": Infinity,
    "h18": Infinity,
    "t18": Infinity,
    "alpha_18": NaN,
    "beta_18": NaN,
    "gamma_18": NaN,
    "epsilon_18": NaN,
    "epsilon_prime_18": NaN,
    "f19": Infinity,
    "g19": Infinity,
    "h19": Infinity,
    "t19": Infinity,
    "alpha_19": NaN,
    "beta_19": NaN,
    "gamma_19": NaN,
    "epsilon_19": NaN,
    "epsilon_prime_19": NaN,
    "f20": Infinity,
    "g20": Infinity,
    "h20": Infinity,
    "t20": Infinity,
    "alpha_20": NaN,
    "beta_20": NaN,
    "gamma_20": NaN,
    "epsilon_20": NaN,
    "epsilon_prime_20": NaN
}