{
    "f0": 0.09733599999999998,
    "g0": 0.11426399999999998,
    "h0": 0,
    "t0": 0,
    "f1": 0.021838936494656496,
    "g1": 0.010641530273587193,
    "h1": 0.004254565661305341,
    "t1": 0.001491860686431743,
    "beta_1": 0.3998076923076923,
    "alpha_1": 0.4872732825699154,
    "epsilon_1": -0.07450772503819005,
    "gamma_1": 0.35064935064935066,
    "epsilon_prime_1": -0.041875624375624365,
    "f2": 7.7556019787995e-05,
    "g2": 3.467409758316782e-05,
    "h2": 1.5475817957595275e-05,
    "t2": 6.895595854061805e-06,
    "beta_2": 0.44632215504601486,
    "alpha_2": 0.4470845419601467,
    "epsilon_2": -0.0006494407046308177,
    "gamma_2": 0.4455723033804207,
    "epsilon_prime_2": -0.0006387625299505798,
    "f3": 3.1694140392181957e-12,
    "g3": 1.4158578190292774e-12,
    "h3": 6.324995776659141e-13,
    "t3": 2.8255354882483885e-13,
    "beta_3": 0.4467253485237384,
    "alpha_3": 0.44672542038039603,
    "epsilon_3": -6.12112268649767e-08,
    "gamma_3": 0.44672527666743117,
    "epsilon_prime_3": -6.121092838768443e-08,
    "f4": 2.16122022313168e-34,
    "g4": 9.654719394336284e-35,
    "h4": 4.313008252731574e-35,
    "t4": 1.9267302785664684e-35,
    "beta_4": 0.4467253864738627,
    "alpha_4": 0.4467253864738632,
    "epsilon_4": -4.2558549277297664e-16,
    "gamma_4": 0.44672538647386195,
    "epsilon_prime_4": -6.147346006720773e-16,
    "f5": 6.852659041863111e-101,
    "g5": 3.0612567588499085e-101,
    "h5": 1.3675411086929502e-101,
    "t5": 6.109153302997533e-102,
    "beta_5": 0.4467253864738629,
    "alpha_5": 0.4467253864738628,
    "epsilon_5": 9.457455394955036e-17,
    "gamma_5": 0.446725386473863,
    "epsilon_prime_5": 9.457455394955036e-17
}