{
    "f0": 0.09733599999999998,
    "g0": 0.11426399999999998,
    "h0": 0,
    "t0": 0,
    "f1": 0.021838936494656496,
    "g1": 0.010641530273587193,
    "h1": 0.004254565661305341,
    "t1": 0.001491860686431743,
    "alpha_1": 1.173913043478261,
    "beta_1": 0.0,
    "gamma_1": 9999,
    "epsilon_1": -1.0,
    "epsilon_prime_1": 8517.666666666666,
    "f2": 7.7556019787995e-05,
    "g2": 3.467409758316782e-05,
    "h2": 1.5475817957595275e-05,
    "t2": 6.895595854061805e-06,
    "alpha_2": 0.4872732825699154,
    "beta_2": 0.3998076923076923,
    "gamma_2": 0.35064935064935066,
    "epsilon_2": -0.07450772503819005,
    "epsilon_prime_2": -0.041875624375624365,
    "f3": 3.1694140392181957e-12,
    "g3": 1.4158578190292774e-12,
    "h3": 6.324995776659141e-13,
    "t3": 2.8255354882483885e-13,
    "alpha_3": 0.4470845419601467,
    "beta_3": 0.44632215504601486,
    "gamma_3": 0.4455723033804207,
    "epsilon_3": -0.0006494407046308177,
    "epsilon_prime_3": -0.0006387625299505798,
    "f4": 2.16122022313168e-34,
    "g4": 9.654719394336284e-35,
    "h4": 4.313008252731574e-35,
    "t4": 1.9267302785664684e-35,
    "alpha_4": 0.44672542038039603,
    "beta_4": 0.4467253485237384,
    "gamma_4": 0.44672527666743117,
    "epsilon_4": -6.12112268649767e-08,
    "epsilon_prime_4": -6.121092838768443e-08,
    "f5": 6.852659041863111e-101,
    "g5": 3.0612567588499085e-101,
    "h5": 1.3675411086929502e-101,
    "t5": 6.109153302997533e-102,
    "alpha_5": 0.4467253864738632,
    "beta_5": 0.4467253864738627,
    "gamma_5": 0.44672538647386195,
    "epsilon_5": -4.2558549277297664e-16,
    "epsilon_prime_5": -6.147346006720773e-16,
    "f6": 2.184436512064873e-300,
    "g6": 9.758432450797972e-301,
    "h6": 4.3593395079618095e-301,
    "t6": 1.9474276264650185e-301,
    "alpha_6": 0.4467253864738628,
    "beta_6": 0.4467253864738629,
    "gamma_6": 0.446725386473863,
    "epsilon_6": 9.457455394955036e-17,
    "epsilon_prime_6": 9.457455394955036e-17,
    "f7": 0.0,
    "g7": 0.0,
    "h7": 0.0,
    "t7": 0.0,
    "alpha_7": 0.44672538647386273,
    "beta_7": 0.44672538647386295,
    "gamma_7": 0.44672538647386284,
    "epsilon_7": 1.8914910789910072e-16,
    "epsilon_prime_7": -9.457455394955036e-17,
    "f8": 0.0,
    "g8": 0.0,
    "h8": 0.0,
    "t8": 0.0,
    "alpha_8": NaN,
    "beta_8": NaN,
    "gamma_8": NaN,
    "epsilon_8": NaN,
    "epsilon_prime_8": NaN,
    "f9": 0.0,
    "g9": 0.0,
    "h9": 0.0,
    "t9": 0.0,
    "alpha_9": NaN,
    "beta_9": NaN,
    "gamma_9": NaN,
    "epsilon_9": NaN,
    "epsilon_prime_9": NaN,
    "f10": 0.0,
    "g10": 0.0,
    "h10": 0.0,
    "t10": 0.0,
    "alpha_10": NaN,
    "beta_10": NaN,
    "gamma_10": NaN,
    "epsilon_10": NaN,
    "epsilon_prime_10": NaN,
    "f11": 0.0,
    "g11": 0.0,
    "h11": 0.0,
    "t11": 0.0,
    "alpha_11": NaN,
    "beta_11": NaN,
    "gamma_11": NaN,
    "epsilon_11": NaN,
    "epsilon_prime_11": NaN,
    "f12": 0.0,
    "g12": 0.0,
    "h12": 0.0,
    "t12": 0.0,
    "alpha_12": NaN,
    "beta_12": NaN,
    "gamma_12": NaN,
    "epsilon_12": NaN,
    "epsilon_prime_12": NaN,
    "f13": 0.0,
    "g13": 0.0,
    "h13": 0.0,
    "t13": 0.0,
    "alpha_13": NaN,
    "beta_13": NaN,
    "gamma_13": NaN,
    "epsilon_13": NaN,
    "epsilon_prime_13": NaN,
    "f14": 0.0,
    "g14": 0.0,
    "h14": 0.0,
    "t14": 0.0,
    "alpha_14": NaN,
    "beta_14": NaN,
    "gamma_14": NaN,
    "epsilon_14": NaN,
    "epsilon_prime_14": NaN,
    "f15": 0.0,
    "g15": 0.0,
    "h15": 0.0,
    "t15": 0.0,
    "alpha_15": NaN,
    "beta_15": NaN,
    "gamma_15": NaN,
    "epsilon_15": NaN,
    "epsilon_prime_15": NaN,
    "f16": 0.0,
    "g16": 0.0,
    "h16": 0.0,
    "t16": 0.0,
    "alpha_16": NaN,
    "beta_16": NaN,
    "gamma_16": NaN,
    "epsilon_16": NaN,
    "epsilon_prime_16": NaN,
    "f17": 0.0,
    "g17": 0.0,
    "h17": 0.0,
    "t17": 0.0,
    "alpha_17": NaN,
    "beta_17": NaN,
    "gamma_17": NaN,
    "epsilon_17": NaN,
    "epsilon_prime_17": NaN,
    "f18": 0.0,
    "g18": 0.0,
    "h18": 0.0,
    "t18": 0.0,
    "alpha_18": NaN,
    "beta_18": NaN,
    "gamma_18": NaN,
    "epsilon_18": NaN,
    "epsilon_prime_18": NaN,
    "f19": 0.0,
    "g19": 0.0,
    "h19": 0.0,
    "t19": 0.0,
    "alpha_19": NaN,
    "beta_19": NaN,
    "gamma_19": NaN,
    "epsilon_19": NaN,
    "epsilon_prime_19": NaN,
    "f20": 0.0,
    "g20": 0.0,
    "h20": 0.0,
    "t20": 0.0,
    "alpha_20": NaN,
    "beta_20": NaN,
    "gamma_20": NaN,
    "epsilon_20": NaN,
    "epsilon_prime_20": NaN
}