{
    "f0": 0.09112499999999997,
    "g0": 0.11137499999999999,
    "h0": 0,
    "t0": 0,
    "f1": 0.34677007712715985,
    "g1": 0.14191212551652888,
    "h1": 0.0011649502840909085,
    "t1": 0.0014238281249999995,
    "alpha_1": 1.2222222222222225,
    "beta_1": 0.0,
    "gamma_1": 9999,
    "epsilon_1": -1.0,
    "epsilon_prime_1": 8180.999999999998,
    "f2": 2.8931203526674856,
    "g2": 0.6163509679960718,
    "h2": 0.01916584752247432,
    "t2": 0.005949470662103516,
    "alpha_2": 0.40923982453217844,
    "beta_2": 0.008208955223880595,
    "gamma_2": 1.2222222222222225,
    "epsilon_2": -0.32811616579769814,
    "epsilon_prime_2": 0.9932835820895523,
    "f3": 589.0437530379534,
    "g3": 65.76963001745739,
    "h3": 4.896197667791671,
    "t3": 0.5874255686975887,
    "alpha_3": 0.21304021017576752,
    "beta_3": 0.03109567197531597,
    "gamma_3": 0.3104204317146439,
    "epsilon_3": -0.1488637130730967,
    "epsilon_prime_3": 0.22853843978672278,
    "f4": 1749726214.0026493,
    "g4": 162854123.49675512,
    "h4": 15085224.0269882,
    "t4": 1405247.8675091397,
    "alpha_4": 0.11165491472960194,
    "beta_4": 0.07444465882645321,
    "gamma_4": 0.11997586873622586,
    "epsilon_4": -0.030444754829848958,
    "epsilon_prime_4": 0.0372528081079958,
    "f5": 3.528164821883064e+28,
    "g5": 3.27661407572988e+27,
    "h5": 3.042998345825741e+26,
    "t5": 2.8260389555568803e+25,
    "alpha_5": 0.09307406049784915,
    "beta_5": 0.09263028594599126,
    "gamma_5": 0.09315392764436795,
    "epsilon_5": -0.00036308826970190725,
    "epsilon_prime_5": 0.0004284341168536481,
    "f6": 2.883856982011646e+86,
    "g6": 2.6782440228687732e+85,
    "h6": 2.4872908368114567e+84,
    "t6": 2.3099522127410582e+83,
    "alpha_6": 0.09287020990082528,
    "beta_6": 0.09287020917005308,
    "gamma_6": 0.0928702100490302,
    "epsilon_6": -5.979045327024351e-10,
    "epsilon_prime_6": 7.191631040681655e-10,
    "f7": 1.5748829333668463e+260,
    "g7": 1.4625970806865631e+259,
    "h7": 1.3583169739858774e+258,
    "t7": 1.261471820354018e+257,
    "alpha_7": 0.09287020956914976,
    "beta_7": 0.09287020956914975,
    "gamma_7": 0.09287020956914975,
    "epsilon_7": -1.1354553660939099e-17,
    "epsilon_prime_7": 0.0,
    "f8": Infinity,
    "g8": Infinity,
    "h8": Infinity,
    "t8": Infinity,
    "alpha_8": 0.09287020956914975,
    "beta_8": 0.09287020956914975,
    "gamma_8": 0.09287020956914976,
    "epsilon_8": 0.0,
    "epsilon_prime_8": 1.1354553660939099e-17,
    "f9": Infinity,
    "g9": Infinity,
    "h9": Infinity,
    "t9": Infinity,
    "alpha_9": NaN,
    "beta_9": NaN,
    "gamma_9": NaN,
    "epsilon_9": NaN,
    "epsilon_prime_9": NaN,
    "f10": Infinity,
    "g10": Infinity,
    "h10": Infinity,
    "t10": Infinity,
    "alpha_10": NaN,
    "beta_10": NaN,
    "gamma_10": NaN,
    "epsilon_10": NaN,
    "epsilon_prime_10": NaN,
    "f11": Infinity,
    "g11": Infinity,
    "h11": Infinity,
    "t11": Infinity,
    "alpha_11": NaN,
    "beta_11": NaN,
    "gamma_11": NaN,
    "epsilon_11": NaN,
    "epsilon_prime_11": NaN,
    "f12": Infinity,
    "g12": Infinity,
    "h12": Infinity,
    "t12": Infinity,
    "alpha_12": NaN,
    "beta_12": NaN,
    "gamma_12": NaN,
    "epsilon_12": NaN,
    "epsilon_prime_12": NaN,
    "f13": Infinity,
    "g13": Infinity,
    "h13": Infinity,
    "t13": Infinity,
    "alpha_13": NaN,
    "beta_13": NaN,
    "gamma_13": NaN,
    "epsilon_13": NaN,
    "epsilon_prime_13": NaN,
    "f14": Infinity,
    "g14": Infinity,
    "h14": Infinity,
    "t14": Infinity,
    "alpha_14": NaN,
    "beta_14": NaN,
    "gamma_14": NaN,
    "epsilon_14": NaN,
    "epsilon_prime_14": NaN,
    "f15": Infinity,
    "g15": Infinity,
    "h15": Infinity,
    "t15": Infinity,
    "alpha_15": NaN,
    "beta_15": NaN,
    "gamma_15": NaN,
    "epsilon_15": NaN,
    "epsilon_prime_15": NaN,
    "f16": Infinity,
    "g16": Infinity,
    "h16": Infinity,
    "t16": Infinity,
    "alpha_16": NaN,
    "beta_16": NaN,
    "gamma_16": NaN,
    "epsilon_16": NaN,
    "epsilon_prime_16": NaN,
    "f17": Infinity,
    "g17": Infinity,
    "h17": Infinity,
    "t17": Infinity,
    "alpha_17": NaN,
    "beta_17": NaN,
    "gamma_17": NaN,
    "epsilon_17": NaN,
    "epsilon_prime_17": NaN,
    "f18": Infinity,
    "g18": Infinity,
    "h18": Infinity,
    "t18": Infinity,
    "alpha_18": NaN,
    "beta_18": NaN,
    "gamma_18": NaN,
    "epsilon_18": NaN,
    "epsilon_prime_18": NaN,
    "f19": Infinity,
    "g19": Infinity,
    "h19": Infinity,
    "t19": Infinity,
    "alpha_19": NaN,
    "beta_19": NaN,
    "gamma_19": NaN,
    "epsilon_19": NaN,
    "epsilon_prime_19": NaN,
    "f20": Infinity,
    "g20": Infinity,
    "h20": Infinity,
    "t20": Infinity,
    "alpha_20": NaN,
    "beta_20": NaN,
    "gamma_20": NaN,
    "epsilon_20": NaN,
    "epsilon_prime_20": NaN
}