{
    "f0": 0.09112499999999997,
    "g0": 0.11137499999999999,
    "h0": 0,
    "t0": 0,
    "f1": 0.019241900894531237,
    "g1": 0.009590849296874995,
    "h1": 0.0038934281074218735,
    "t1": 0.0013815390058593746,
    "alpha_1": 1.2222222222222225,
    "beta_1": 0.0,
    "gamma_1": 9999,
    "epsilon_1": -1.0,
    "epsilon_prime_1": 8180.999999999998,
    "f2": 5.476018818994301e-05,
    "g2": 2.4946027212916743e-05,
    "h2": 1.1343053322316434e-05,
    "t2": 5.148296422647113e-06,
    "alpha_2": 0.49843564570072296,
    "beta_2": 0.405952380952381,
    "gamma_2": 0.3548387096774194,
    "epsilon_2": -0.07566812570318886,
    "epsilon_prime_2": -0.041820276497695874,
    "f3": 1.1457978738075973e-12,
    "g3": 5.215073249825022e-13,
    "h3": 2.3736283969727124e-13,
    "t3": 1.0803512050198846e-13,
    "alpha_3": 0.45555042883322683,
    "beta_3": 0.4547037981439843,
    "gamma_3": 0.45387218735173396,
    "epsilon_3": -0.0006926978366529636,
    "epsilon_prime_3": -0.0006804088300230209,
    "f4": 1.048638215069147e-35,
    "g4": 4.772852805604293e-36,
    "h4": 2.1723530171425818e-36,
    "t4": 9.887414976525716e-37,
    "alpha_4": 0.4551477506669504,
    "beta_4": 0.4551476620299347,
    "gamma_4": 0.45514757339343737,
    "epsilon_4": -7.252119468584535e-08,
    "epsilon_prime_4": -7.252077052513879e-08,
    "f5": 8.038567124786234e-105,
    "g5": 3.6587354059039775e-105,
    "h5": 1.6652650357474396e-105,
    "t5": 7.579415649483842e-106,
    "alpha_5": 0.455147708429601,
    "beta_5": 0.4551477084296001,
    "gamma_5": 0.455147708429599,
    "epsilon_5": -7.266914343001023e-16,
    "epsilon_prime_5": -9.083642928751279e-16,
    "f6": 3.621075075193e-312,
    "g6": 1.64812402252e-312,
    "h6": 7.5013987205e-313,
    "t6": 3.41424443764e-313,
    "alpha_6": 0.45514770842960056,
    "beta_6": 0.4551477084296005,
    "gamma_6": 0.4551477084296007,
    "epsilon_6": -4.5418214643756394e-17,
    "epsilon_prime_6": 1.362546439312692e-16,
    "f7": 0.0,
    "g7": 0.0,
    "h7": 0.0,
    "t7": 0.0,
    "alpha_7": 0.4551477084281042,
    "beta_7": 0.4551477084261032,
    "gamma_7": 0.45514770842650376,
    "epsilon_7": -1.6371903832634867e-12,
    "epsilon_prime_7": 3.2773783686934616e-13,
    "f8": 0.0,
    "g8": 0.0,
    "h8": 0.0,
    "t8": 0.0,
    "alpha_8": NaN,
    "beta_8": NaN,
    "gamma_8": NaN,
    "epsilon_8": NaN,
    "epsilon_prime_8": NaN,
    "f9": 0.0,
    "g9": 0.0,
    "h9": 0.0,
    "t9": 0.0,
    "alpha_9": NaN,
    "beta_9": NaN,
    "gamma_9": NaN,
    "epsilon_9": NaN,
    "epsilon_prime_9": NaN,
    "f10": 0.0,
    "g10": 0.0,
    "h10": 0.0,
    "t10": 0.0,
    "alpha_10": NaN,
    "beta_10": NaN,
    "gamma_10": NaN,
    "epsilon_10": NaN,
    "epsilon_prime_10": NaN,
    "f11": 0.0,
    "g11": 0.0,
    "h11": 0.0,
    "t11": 0.0,
    "alpha_11": NaN,
    "beta_11": NaN,
    "gamma_11": NaN,
    "epsilon_11": NaN,
    "epsilon_prime_11": NaN,
    "f12": 0.0,
    "g12": 0.0,
    "h12": 0.0,
    "t12": 0.0,
    "alpha_12": NaN,
    "beta_12": NaN,
    "gamma_12": NaN,
    "epsilon_12": NaN,
    "epsilon_prime_12": NaN,
    "f13": 0.0,
    "g13": 0.0,
    "h13": 0.0,
    "t13": 0.0,
    "alpha_13": NaN,
    "beta_13": NaN,
    "gamma_13": NaN,
    "epsilon_13": NaN,
    "epsilon_prime_13": NaN,
    "f14": 0.0,
    "g14": 0.0,
    "h14": 0.0,
    "t14": 0.0,
    "alpha_14": NaN,
    "beta_14": NaN,
    "gamma_14": NaN,
    "epsilon_14": NaN,
    "epsilon_prime_14": NaN,
    "f15": 0.0,
    "g15": 0.0,
    "h15": 0.0,
    "t15": 0.0,
    "alpha_15": NaN,
    "beta_15": NaN,
    "gamma_15": NaN,
    "epsilon_15": NaN,
    "epsilon_prime_15": NaN,
    "f16": 0.0,
    "g16": 0.0,
    "h16": 0.0,
    "t16": 0.0,
    "alpha_16": NaN,
    "beta_16": NaN,
    "gamma_16": NaN,
    "epsilon_16": NaN,
    "epsilon_prime_16": NaN,
    "f17": 0.0,
    "g17": 0.0,
    "h17": 0.0,
    "t17": 0.0,
    "alpha_17": NaN,
    "beta_17": NaN,
    "gamma_17": NaN,
    "epsilon_17": NaN,
    "epsilon_prime_17": NaN,
    "f18": 0.0,
    "g18": 0.0,
    "h18": 0.0,
    "t18": 0.0,
    "alpha_18": NaN,
    "beta_18": NaN,
    "gamma_18": NaN,
    "epsilon_18": NaN,
    "epsilon_prime_18": NaN,
    "f19": 0.0,
    "g19": 0.0,
    "h19": 0.0,
    "t19": 0.0,
    "alpha_19": NaN,
    "beta_19": NaN,
    "gamma_19": NaN,
    "epsilon_19": NaN,
    "epsilon_prime_19": NaN,
    "f20": 0.0,
    "g20": 0.0,
    "h20": 0.0,
    "t20": 0.0,
    "alpha_20": NaN,
    "beta_20": NaN,
    "gamma_20": NaN,
    "epsilon_20": NaN,
    "epsilon_prime_20": NaN
}