{
    "f0": 0.09112499999999997,
    "g0": 0.11137499999999999,
    "h0": 0,
    "t0": 0,
    "f1": 0.019241900894531237,
    "g1": 0.009590849296874995,
    "h1": 0.0038934281074218735,
    "t1": 0.0013815390058593746,
    "beta_1": 0.405952380952381,
    "alpha_1": 0.49843564570072296,
    "epsilon_1": -0.07566812570318886,
    "gamma_1": 0.3548387096774194,
    "epsilon_prime_1": -0.041820276497695874,
    "f2": 5.476018818994301e-05,
    "g2": 2.4946027212916743e-05,
    "h2": 1.1343053322316434e-05,
    "t2": 5.148296422647113e-06,
    "beta_2": 0.4547037981439843,
    "alpha_2": 0.45555042883322683,
    "epsilon_2": -0.0006926978366529636,
    "gamma_2": 0.45387218735173396,
    "epsilon_prime_2": -0.0006804088300230209,
    "f3": 1.1457978738075973e-12,
    "g3": 5.215073249825022e-13,
    "h3": 2.3736283969727124e-13,
    "t3": 1.0803512050198846e-13,
    "beta_3": 0.4551476620299347,
    "alpha_3": 0.4551477506669504,
    "epsilon_3": -7.252119468584535e-08,
    "gamma_3": 0.45514757339343737,
    "epsilon_prime_3": -7.252077052513879e-08,
    "f4": 1.048638215069147e-35,
    "g4": 4.772852805604293e-36,
    "h4": 2.1723530171425818e-36,
    "t4": 9.887414976525716e-37,
    "beta_4": 0.4551477084296001,
    "alpha_4": 0.455147708429601,
    "epsilon_4": -7.266914343001023e-16,
    "gamma_4": 0.455147708429599,
    "epsilon_prime_4": -9.083642928751279e-16,
    "f5": 8.038567124786234e-105,
    "g5": 3.6587354059039775e-105,
    "h5": 1.6652650357474396e-105,
    "t5": 7.579415649483842e-106,
    "beta_5": 0.4551477084296005,
    "alpha_5": 0.45514770842960056,
    "epsilon_5": -4.5418214643756394e-17,
    "gamma_5": 0.4551477084296007,
    "epsilon_prime_5": 1.362546439312692e-16
}