{
    "f1": 0.0035311763320312476,
    "g1": 0.004110363984374998,
    "h1": 0.0033910502871093737,
    "t1": 0.002763078011718749,
    "alpha_1": 1.1640211640211642,
    "epsilon_1": 0.0,
    "beta_1": 0.8250000000000001,
    "gamma_1": 0.8148148148148149,
    "epsilon_prime_1": 0.008333333333333331,
    "f2": 1.449540610138602e-06,
    "g2": 1.4015888723849076e-06,
    "h2": 1.3470983088153658e-06,
    "t2": 1.2877059297833312e-06,
    "alpha_2": 0.9669193554024613,
    "epsilon_2": 0.0,
    "beta_2": 0.9611222915341628,
    "gamma_2": 0.9559108799681709,
    "epsilon_prime_2": 0.004263882190357024,
    "f3": 7.676275884498347e-17,
    "g3": 7.393513792117985e-17,
    "h3": 7.12114137821505e-17,
    "t3": 6.858777858330028e-17,
    "alpha_3": 0.963164157120593,
    "epsilon_3": 0.0,
    "beta_3": 0.9631606267924592,
    "gamma_3": 0.9631570971631538,
    "epsilon_prime_3": 2.8878785225899306e-06,
    "f4": 1.1334969489199517e-47,
    "g4": 1.0917409993288879e-47,
    "h4": 1.051523262369255e-47,
    "t4": 1.0127870731077842e-47,
    "alpha_4": 0.9631618332710549,
    "epsilon_4": 0.0,
    "beta_4": 0.9631618332696533,
    "gamma_4": 0.9631618332682514,
    "epsilon_prime_4": 1.146991592613424e-12,
    "f5": 3.649456113025963e-140,
    "g5": 3.515016840260978e-140,
    "h5": 3.385530063841151e-140,
    "t5": 3.26081334288039e-140,
    "alpha_5": 0.9631618332701324,
    "epsilon_5": 0.0,
    "beta_5": 0.9631618332701322,
    "gamma_5": 0.963161833270132,
    "epsilon_prime_5": 9.083642928751279e-17
}