{
    "f0": 0.08518399999999997,
    "g0": 0.108416,
    "h0": 0,
    "t0": 0,
    "f1": 0.3071124669180135,
    "g1": 0.13083065851083675,
    "h1": 0.0010319037854375852,
    "t1": 0.0013133320905569271,
    "alpha_1": 1.2727272727272732,
    "beta_1": 0.0,
    "gamma_1": 9999,
    "epsilon_1": -1.0000000000000002,
    "epsilon_prime_1": 7856.357142857141,
    "f2": 2.1752284350223454,
    "g2": 0.48094551414657666,
    "h2": 0.014428197644563347,
    "t2": 0.0046582411988530205,
    "alpha_2": 0.4260024342996248,
    "beta_2": 0.007887323943661968,
    "gamma_2": 1.2727272727272732,
    "epsilon_2": -0.328519015279685,
    "epsilon_prime_2": 0.9938028169014087,
    "f3": 268.7527592576755,
    "g3": 30.65211325810953,
    "h3": 2.2422147348134143,
    "t3": 0.2757635051025722,
    "alpha_3": 0.2211011525976287,
    "beta_3": 0.029999651145859525,
    "gamma_3": 0.3228567637904711,
    "epsilon_3": -0.15015117971210432,
    "epsilon_prime_3": 0.2301020170779091,
    "f4": 172407417.7427276,
    "g4": 16106059.482303236,
    "h4": 1495249.1146486737,
    "t4": 139833.73900461307,
    "alpha_4": 0.11405320392904622,
    "beta_4": 0.07315041269528778,
    "gamma_4": 0.12298710771139404,
    "epsilon_4": -0.03213790739795305,
    "epsilon_prime_4": 0.039157403226940626,
    "f5": 3.4067822575417135e+25,
    "g5": 3.1734412967175974e+24,
    "h5": 2.9560825220277283e+23,
    "t5": 2.753611376748389e+22,
    "alpha_5": 0.09341859934551808,
    "beta_5": 0.09283767493169885,
    "gamma_5": 0.09351869038723266,
    "epsilon_5": -0.00045644061085796275,
    "epsilon_prime_5": 0.000535083572205138,
    "f6": 2.618095093263684e+77,
    "g6": 2.4387737146884392e+76,
    "h6": 2.2717346084022585e+75,
    "t6": 2.1161365238315554e+74,
    "alpha_6": 0.09315069343491028,
    "beta_6": 0.09315069180845756,
    "gamma_6": 0.09315069373839896,
    "epsilon_6": -1.277927139109458e-09,
    "epsilon_prime_6": 1.5163825294634795e-09,
    "f7": 1.188251939655374e+233,
    "g7": 1.1068649127051464e+232,
    "h7": 1.031052333340267e+231,
    "t7": 9.604323905148447e+229,
    "alpha_7": 0.09315069269116176,
    "beta_7": 0.09315069269116177,
    "gamma_7": 0.09315069269116179,
    "epsilon_7": 1.0903976134711357e-17,
    "epsilon_prime_7": 1.0903976134711357e-17,
    "f8": Infinity,
    "g8": Infinity,
    "h8": Infinity,
    "t8": Infinity,
    "alpha_8": 0.09315069269116177,
    "beta_8": 0.09315069269116177,
    "gamma_8": 0.09315069269116175,
    "epsilon_8": 0.0,
    "epsilon_prime_8": -2.1807952269422714e-17,
    "f9": Infinity,
    "g9": Infinity,
    "h9": Infinity,
    "t9": Infinity,
    "alpha_9": NaN,
    "beta_9": NaN,
    "gamma_9": NaN,
    "epsilon_9": NaN,
    "epsilon_prime_9": NaN,
    "f10": Infinity,
    "g10": Infinity,
    "h10": Infinity,
    "t10": Infinity,
    "alpha_10": NaN,
    "beta_10": NaN,
    "gamma_10": NaN,
    "epsilon_10": NaN,
    "epsilon_prime_10": NaN,
    "f11": Infinity,
    "g11": Infinity,
    "h11": Infinity,
    "t11": Infinity,
    "alpha_11": NaN,
    "beta_11": NaN,
    "gamma_11": NaN,
    "epsilon_11": NaN,
    "epsilon_prime_11": NaN,
    "f12": Infinity,
    "g12": Infinity,
    "h12": Infinity,
    "t12": Infinity,
    "alpha_12": NaN,
    "beta_12": NaN,
    "gamma_12": NaN,
    "epsilon_12": NaN,
    "epsilon_prime_12": NaN,
    "f13": Infinity,
    "g13": Infinity,
    "h13": Infinity,
    "t13": Infinity,
    "alpha_13": NaN,
    "beta_13": NaN,
    "gamma_13": NaN,
    "epsilon_13": NaN,
    "epsilon_prime_13": NaN,
    "f14": Infinity,
    "g14": Infinity,
    "h14": Infinity,
    "t14": Infinity,
    "alpha_14": NaN,
    "beta_14": NaN,
    "gamma_14": NaN,
    "epsilon_14": NaN,
    "epsilon_prime_14": NaN,
    "f15": Infinity,
    "g15": Infinity,
    "h15": Infinity,
    "t15": Infinity,
    "alpha_15": NaN,
    "beta_15": NaN,
    "gamma_15": NaN,
    "epsilon_15": NaN,
    "epsilon_prime_15": NaN,
    "f16": Infinity,
    "g16": Infinity,
    "h16": Infinity,
    "t16": Infinity,
    "alpha_16": NaN,
    "beta_16": NaN,
    "gamma_16": NaN,
    "epsilon_16": NaN,
    "epsilon_prime_16": NaN,
    "f17": Infinity,
    "g17": Infinity,
    "h17": Infinity,
    "t17": Infinity,
    "alpha_17": NaN,
    "beta_17": NaN,
    "gamma_17": NaN,
    "epsilon_17": NaN,
    "epsilon_prime_17": NaN,
    "f18": Infinity,
    "g18": Infinity,
    "h18": Infinity,
    "t18": Infinity,
    "alpha_18": NaN,
    "beta_18": NaN,
    "gamma_18": NaN,
    "epsilon_18": NaN,
    "epsilon_prime_18": NaN,
    "f19": Infinity,
    "g19": Infinity,
    "h19": Infinity,
    "t19": Infinity,
    "alpha_19": NaN,
    "beta_19": NaN,
    "gamma_19": NaN,
    "epsilon_19": NaN,
    "epsilon_prime_19": NaN,
    "f20": Infinity,
    "g20": Infinity,
    "h20": Infinity,
    "t20": Infinity,
    "alpha_20": NaN,
    "beta_20": NaN,
    "gamma_20": NaN,
    "epsilon_20": NaN,
    "epsilon_prime_20": NaN
}