{
    "f1": 0.002978223408545789,
    "g1": 0.0035759114682367976,
    "h1": 0.0030037656333189097,
    "t1": 0.0025486496282705906,
    "alpha_1": 1.200686106346484,
    "epsilon_1": 0.0,
    "beta_1": 0.84,
    "gamma_1": 0.8484848484848486,
    "epsilon_prime_1": -0.0066666666666667955,
    "f2": 9.227871086652576e-07,
    "g2": 9.147024462120211e-07,
    "h2": 9.010956870073909e-07,
    "t2": 8.827863698423752e-07,
    "alpha_2": 0.9912388649805367,
    "epsilon_2": 0.0,
    "beta_2": 0.9851243874322423,
    "gamma_2": 0.9796810511591478,
    "epsilon_prime_2": 0.004276907071717072,
    "f3": 2.0804032814063342e-17,
    "g3": 2.0538805276000154e-17,
    "h3": 2.0276879585380752e-17,
    "t3": 2.00182156927539e-17,
    "alpha_3": 0.9872511478695661,
    "epsilon_3": 0.0,
    "beta_3": 0.9872472771858125,
    "gamma_3": 0.9872434073725355,
    "epsilon_prime_3": 3.0405675748222467e-06,
    "f4": 2.3696540814296893e-49,
    "g4": 2.3394376235957123e-49,
    "h4": 2.3096064685457677e-49,
    "t4": 2.2801557031217763e-49,
    "alpha_4": 0.9872485785706974,
    "epsilon_4": 0.0,
    "beta_4": 0.9872485785690263,
    "gamma_4": 0.9872485785673544,
    "epsilon_prime_4": 1.3136238129009467e-12,
    "f5": 3.5018338260878754e-145,
    "g5": 3.457180467192156e-145,
    "h5": 3.4130965020940005e-145,
    "t5": 3.3695746702131346e-145,
    "alpha_5": 0.9872485785695878,
    "epsilon_5": 0.0,
    "beta_5": 0.987248578569588,
    "gamma_5": 0.9872485785695879,
    "epsilon_prime_5": 8.723180907769086e-17
}