{
    "f0": 0.08518399999999997,
    "g0": 0.108416,
    "h0": 0,
    "t0": 0,
    "f1": 0.016898271505809397,
    "g1": 0.008614695809843198,
    "h1": 0.0035499048393768957,
    "t1": 0.001274324814135296,
    "beta_1": 0.41207547169811326,
    "alpha_1": 0.5097974551350759,
    "epsilon_1": -0.07678155841475635,
    "gamma_1": 0.358974358974359,
    "epsilon_prime_1": -0.04172230285437836,
    "f2": 3.8291927613973586e-05,
    "g2": 1.7770324460232486e-05,
    "h2": 8.230082614541e-06,
    "t2": 3.8040727546535225e-06,
    "beta_2": 0.4631363165573471,
    "alpha_2": 0.46407495175948504,
    "epsilon_2": -0.0007374990873940944,
    "gamma_2": 0.46221562198324045,
    "epsilon_prime_2": -0.0007234028796552254,
    "f3": 4.023383139947248e-13,
    "g3": 1.8653380886866867e-13,
    "h3": 8.648158145526006e-14,
    "t3": 4.0094941602303824e-14,
    "beta_3": 0.46362416539807233,
    "alpha_3": 0.4636242743491597,
    "epsilon_3": -8.560442579400425e-08,
    "gamma_3": 0.4636240564477459,
    "epsilon_prime_3": -8.560382790718483e-08,
    "f4": 4.662161774005344e-37,
    "g4": 2.161491124985258e-37,
    "h4": 1.002119641029999e-37,
    "t4": 4.64606938853353e-38,
    "beta_4": 0.46362422193005015,
    "alpha_4": 0.4636242219300518,
    "epsilon_4": -1.308477136165363e-15,
    "gamma_4": 0.4636242219300487,
    "epsilon_prime_4": -1.134013518009981e-15,
    "f5": 7.2539595344805735e-109,
    "g5": 3.363111345085631e-109,
    "h5": 1.5592198806294534e-109,
    "t5": 7.228921039746972e-110,
    "beta_5": 0.46362422193005115,
    "alpha_5": 0.463624221930051,
    "epsilon_5": 1.3084771361653629e-16,
    "gamma_5": 0.463624221930051,
    "epsilon_prime_5": -1.3084771361653629e-16
}