{
    "f0": 0.08518399999999997,
    "g0": 0.108416,
    "h0": 0,
    "t0": 0,
    "f1": 0.016898271505809397,
    "g1": 0.008614695809843198,
    "h1": 0.0035499048393768957,
    "t1": 0.001274324814135296,
    "alpha_1": 1.2727272727272732,
    "beta_1": 0.0,
    "gamma_1": 9999,
    "epsilon_1": -1.0000000000000002,
    "epsilon_prime_1": 7856.357142857141,
    "f2": 3.8291927613973586e-05,
    "g2": 1.7770324460232486e-05,
    "h2": 8.230082614541e-06,
    "t2": 3.8040727546535225e-06,
    "alpha_2": 0.5097974551350759,
    "beta_2": 0.41207547169811326,
    "gamma_2": 0.358974358974359,
    "epsilon_2": -0.07678155841475635,
    "epsilon_prime_2": -0.04172230285437836,
    "f3": 4.023383139947248e-13,
    "g3": 1.8653380886866867e-13,
    "h3": 8.648158145526006e-14,
    "t3": 4.0094941602303824e-14,
    "alpha_3": 0.46407495175948504,
    "beta_3": 0.4631363165573471,
    "gamma_3": 0.46221562198324045,
    "epsilon_3": -0.0007374990873940944,
    "epsilon_prime_3": -0.0007234028796552254,
    "f4": 4.662161774005344e-37,
    "g4": 2.161491124985258e-37,
    "h4": 1.002119641029999e-37,
    "t4": 4.64606938853353e-38,
    "alpha_4": 0.4636242743491597,
    "beta_4": 0.46362416539807233,
    "gamma_4": 0.4636240564477459,
    "epsilon_4": -8.560442579400425e-08,
    "epsilon_prime_4": -8.560382790718483e-08,
    "f5": 7.2539595344805735e-109,
    "g5": 3.363111345085631e-109,
    "h5": 1.5592198806294534e-109,
    "t5": 7.228921039746972e-110,
    "alpha_5": 0.4636242219300518,
    "beta_5": 0.46362422193005015,
    "gamma_5": 0.4636242219300487,
    "epsilon_5": -1.308477136165363e-15,
    "epsilon_prime_5": -1.134013518009981e-15,
    "f6": 0.0,
    "g6": 0.0,
    "h6": 0.0,
    "t6": 0.0,
    "alpha_6": 0.463624221930051,
    "beta_6": 0.46362422193005115,
    "gamma_6": 0.463624221930051,
    "epsilon_6": 1.3084771361653629e-16,
    "epsilon_prime_6": -1.3084771361653629e-16,
    "f7": 0.0,
    "g7": 0.0,
    "h7": 0.0,
    "t7": 0.0,
    "alpha_7": NaN,
    "beta_7": NaN,
    "gamma_7": NaN,
    "epsilon_7": NaN,
    "epsilon_prime_7": NaN,
    "f8": 0.0,
    "g8": 0.0,
    "h8": 0.0,
    "t8": 0.0,
    "alpha_8": NaN,
    "beta_8": NaN,
    "gamma_8": NaN,
    "epsilon_8": NaN,
    "epsilon_prime_8": NaN,
    "f9": 0.0,
    "g9": 0.0,
    "h9": 0.0,
    "t9": 0.0,
    "alpha_9": NaN,
    "beta_9": NaN,
    "gamma_9": NaN,
    "epsilon_9": NaN,
    "epsilon_prime_9": NaN,
    "f10": 0.0,
    "g10": 0.0,
    "h10": 0.0,
    "t10": 0.0,
    "alpha_10": NaN,
    "beta_10": NaN,
    "gamma_10": NaN,
    "epsilon_10": NaN,
    "epsilon_prime_10": NaN,
    "f11": 0.0,
    "g11": 0.0,
    "h11": 0.0,
    "t11": 0.0,
    "alpha_11": NaN,
    "beta_11": NaN,
    "gamma_11": NaN,
    "epsilon_11": NaN,
    "epsilon_prime_11": NaN,
    "f12": 0.0,
    "g12": 0.0,
    "h12": 0.0,
    "t12": 0.0,
    "alpha_12": NaN,
    "beta_12": NaN,
    "gamma_12": NaN,
    "epsilon_12": NaN,
    "epsilon_prime_12": NaN,
    "f13": 0.0,
    "g13": 0.0,
    "h13": 0.0,
    "t13": 0.0,
    "alpha_13": NaN,
    "beta_13": NaN,
    "gamma_13": NaN,
    "epsilon_13": NaN,
    "epsilon_prime_13": NaN,
    "f14": 0.0,
    "g14": 0.0,
    "h14": 0.0,
    "t14": 0.0,
    "alpha_14": NaN,
    "beta_14": NaN,
    "gamma_14": NaN,
    "epsilon_14": NaN,
    "epsilon_prime_14": NaN,
    "f15": 0.0,
    "g15": 0.0,
    "h15": 0.0,
    "t15": 0.0,
    "alpha_15": NaN,
    "beta_15": NaN,
    "gamma_15": NaN,
    "epsilon_15": NaN,
    "epsilon_prime_15": NaN,
    "f16": 0.0,
    "g16": 0.0,
    "h16": 0.0,
    "t16": 0.0,
    "alpha_16": NaN,
    "beta_16": NaN,
    "gamma_16": NaN,
    "epsilon_16": NaN,
    "epsilon_prime_16": NaN,
    "f17": 0.0,
    "g17": 0.0,
    "h17": 0.0,
    "t17": 0.0,
    "alpha_17": NaN,
    "beta_17": NaN,
    "gamma_17": NaN,
    "epsilon_17": NaN,
    "epsilon_prime_17": NaN,
    "f18": 0.0,
    "g18": 0.0,
    "h18": 0.0,
    "t18": 0.0,
    "alpha_18": NaN,
    "beta_18": NaN,
    "gamma_18": NaN,
    "epsilon_18": NaN,
    "epsilon_prime_18": NaN,
    "f19": 0.0,
    "g19": 0.0,
    "h19": 0.0,
    "t19": 0.0,
    "alpha_19": NaN,
    "beta_19": NaN,
    "gamma_19": NaN,
    "epsilon_19": NaN,
    "epsilon_prime_19": NaN,
    "f20": 0.0,
    "g20": 0.0,
    "h20": 0.0,
    "t20": 0.0,
    "alpha_20": NaN,
    "beta_20": NaN,
    "gamma_20": NaN,
    "epsilon_20": NaN,
    "epsilon_prime_20": NaN
}