{
    "f1": 0.0025012748594066157,
    "g1": 0.003098732166619802,
    "h1": 0.002649416002459931,
    "t1": 0.0023413443742669147,
    "alpha_1": 1.238861117148446,
    "epsilon_1": 0.0,
    "beta_1": 0.8550000000000001,
    "gamma_1": 0.8837209302325577,
    "epsilon_prime_1": -0.021666666666666275,
    "f2": 5.805746727362208e-07,
    "g2": 5.899704396901163e-07,
    "h2": 5.957146908393779e-07,
    "t2": 5.981288183581506e-07,
    "alpha_2": 1.0161835632781113,
    "epsilon_2": 0.0,
    "beta_2": 1.0097365067176565,
    "gamma_2": 1.0040524894817873,
    "epsilon_prime_2": 0.004287942827059221,
    "f3": 5.4449053084227755e-18,
    "g3": 5.50997710769971e-18,
    "h3": 5.5758032162681324e-18,
    "t3": 5.642392096667368e-18,
    "alpha_3": 1.0119509515025493,
    "epsilon_3": 0.0,
    "beta_3": 1.0119467118069214,
    "gamma_3": 1.0119424731857383,
    "epsilon_prime_3": 3.1975563311484084e-06,
    "f4": 4.463478815102858e-51,
    "g4": 4.5168089687767514e-51,
    "h4": 4.5707763171968516e-51,
    "t4": 4.625388473638403e-51,
    "alpha_4": 1.0119481139897972,
    "epsilon_4": 0.0,
    "beta_4": 1.0119481139878084,
    "gamma_4": 1.0119481139858193,
    "epsilon_prime_4": 1.500530693850746e-12,
    "f5": 2.4587879908569985e-150,
    "g5": 2.4881658700452294e-150,
    "h5": 2.517894759482741e-150,
    "t5": 2.5479788530800016e-150,
    "alpha_5": 1.011948113988466,
    "epsilon_5": 0.0,
    "beta_5": 1.011948113988466,
    "gamma_5": 1.0119481139884658,
    "epsilon_prime_5": 1.6750733353993593e-16
}