{
    "f0": 0.07950700000000002,
    "g0": 0.10539300000000001,
    "h0": 0,
    "t0": 0,
    "f1": 0.014789549488523096,
    "g1": 0.007710798647170204,
    "h1": 0.0032244830417535583,
    "t1": 0.0011706721871334574,
    "beta_1": 0.4181775700934579,
    "alpha_1": 0.5213680547303956,
    "epsilon_1": -0.07784545332260213,
    "gamma_1": 0.3630573248407643,
    "epsilon_prime_1": -0.04158193940115483,
    "f2": 2.6507565234274888e-05,
    "g2": 1.2529095258782795e-05,
    "h2": 5.908998333214676e-06,
    "t2": 2.7808010384461956e-06,
    "beta_2": 0.47162210927181797,
    "alpha_2": 0.47266111195238664,
    "epsilon_2": -0.0007838090397272409,
    "gamma_2": 0.47060447162681035,
    "epsilon_prime_2": -0.0007676915567601335,
    "f3": 1.3706136412794845e-13,
    "g3": 6.471456612351946e-14,
    "h3": 3.05554662420026e-14,
    "t3": 1.4426987759833756e-14,
    "beta_3": 0.4721574766287078,
    "alpha_3": 0.4721576100986973,
    "epsilon_3": -1.0068788681958453e-07,
    "gamma_3": 0.47215734315982777,
    "epsilon_prime_3": -1.0068704982731567e-07,
    "f4": 1.8925403844251302e-38,
    "g4": 8.93577222244062e-39,
    "h4": 4.219092277684491e-39,
    "t4": 1.9920762531203953e-39,
    "beta_4": 0.4721575452750444,
    "alpha_4": 0.47215754527504633,
    "epsilon_4": -1.4656891684744394e-15,
    "gamma_4": 0.47215754527504206,
    "epsilon_prime_4": -1.7588270021693272e-15,
    "f5": 4.98236347813446e-113,
    "g5": 2.3524605095040035e-113,
    "h5": 1.1107319795238927e-113,
    "t5": 5.244404849104931e-114,
    "beta_5": 0.47215754527504533,
    "alpha_5": 0.47215754527504533,
    "epsilon_5": 0.0,
    "gamma_5": 0.47215754527504533,
    "epsilon_prime_5": 0.0
}