{
    "f0": 0.07950699999999997,
    "g0": 0.10539299999999999,
    "h0": 0,
    "t0": 0,
    "f1": 0.014789549488523075,
    "g1": 0.0077107986471701955,
    "h1": 0.0032244830417535553,
    "t1": 0.0011706721871334565,
    "alpha_1": 1.3255813953488376,
    "beta_1": 0.0,
    "gamma_1": 9999,
    "epsilon_1": -1.0,
    "epsilon_prime_1": 7543.105263157892,
    "f2": 2.6507565234274786e-05,
    "g2": 1.2529095258782753e-05,
    "h2": 5.908998333214654e-06,
    "t2": 2.7808010384461863e-06,
    "alpha_2": 0.5213680547303958,
    "beta_2": 0.41817757009345796,
    "gamma_2": 0.36305732484076436,
    "epsilon_2": -0.07784545332260223,
    "epsilon_prime_2": -0.04158193940115481,
    "f3": 1.3706136412794696e-13,
    "g3": 6.471456612351875e-14,
    "h3": 3.055546624200226e-14,
    "t3": 1.4426987759833605e-14,
    "alpha_3": 0.47266111195238686,
    "beta_3": 0.4716221092718178,
    "gamma_3": 0.47060447162681057,
    "epsilon_3": -0.0007838090397275338,
    "epsilon_prime_3": -0.00076769155675984,
    "f4": 1.8925403844250684e-38,
    "g4": 8.93577222244033e-39,
    "h4": 4.219092277684353e-39,
    "t4": 1.99207625312033e-39,
    "alpha_4": 0.4721576100986972,
    "beta_4": 0.47215747662870766,
    "gamma_4": 0.4721573431598281,
    "epsilon_4": -1.0068788686146132e-07,
    "epsilon_prime_4": -1.0068704949230096e-07,
    "f5": 4.982363478133973e-113,
    "g5": 2.352460509503774e-113,
    "h5": 1.1107319795237845e-113,
    "t5": 5.24440484910442e-114,
    "alpha_5": 0.47215754527504644,
    "beta_5": 0.4721575452750442,
    "gamma_5": 0.47215754527504206,
    "epsilon_5": -1.6750733353993585e-15,
    "epsilon_prime_5": -1.6331965020143745e-15,
    "f6": 0.0,
    "g6": 0.0,
    "h6": 0.0,
    "t6": 0.0,
    "alpha_6": 0.47215754527504544,
    "beta_6": 0.4721575452750454,
    "gamma_6": 0.47215754527504533,
    "epsilon_6": -4.1876833384983963e-17,
    "epsilon_prime_6": -4.1876833384983963e-17,
    "f7": 0.0,
    "g7": 0.0,
    "h7": 0.0,
    "t7": 0.0,
    "alpha_7": NaN,
    "beta_7": NaN,
    "gamma_7": NaN,
    "epsilon_7": NaN,
    "epsilon_prime_7": NaN,
    "f8": 0.0,
    "g8": 0.0,
    "h8": 0.0,
    "t8": 0.0,
    "alpha_8": NaN,
    "beta_8": NaN,
    "gamma_8": NaN,
    "epsilon_8": NaN,
    "epsilon_prime_8": NaN,
    "f9": 0.0,
    "g9": 0.0,
    "h9": 0.0,
    "t9": 0.0,
    "alpha_9": NaN,
    "beta_9": NaN,
    "gamma_9": NaN,
    "epsilon_9": NaN,
    "epsilon_prime_9": NaN,
    "f10": 0.0,
    "g10": 0.0,
    "h10": 0.0,
    "t10": 0.0,
    "alpha_10": NaN,
    "beta_10": NaN,
    "gamma_10": NaN,
    "epsilon_10": NaN,
    "epsilon_prime_10": NaN,
    "f11": 0.0,
    "g11": 0.0,
    "h11": 0.0,
    "t11": 0.0,
    "alpha_11": NaN,
    "beta_11": NaN,
    "gamma_11": NaN,
    "epsilon_11": NaN,
    "epsilon_prime_11": NaN,
    "f12": 0.0,
    "g12": 0.0,
    "h12": 0.0,
    "t12": 0.0,
    "alpha_12": NaN,
    "beta_12": NaN,
    "gamma_12": NaN,
    "epsilon_12": NaN,
    "epsilon_prime_12": NaN,
    "f13": 0.0,
    "g13": 0.0,
    "h13": 0.0,
    "t13": 0.0,
    "alpha_13": NaN,
    "beta_13": NaN,
    "gamma_13": NaN,
    "epsilon_13": NaN,
    "epsilon_prime_13": NaN,
    "f14": 0.0,
    "g14": 0.0,
    "h14": 0.0,
    "t14": 0.0,
    "alpha_14": NaN,
    "beta_14": NaN,
    "gamma_14": NaN,
    "epsilon_14": NaN,
    "epsilon_prime_14": NaN,
    "f15": 0.0,
    "g15": 0.0,
    "h15": 0.0,
    "t15": 0.0,
    "alpha_15": NaN,
    "beta_15": NaN,
    "gamma_15": NaN,
    "epsilon_15": NaN,
    "epsilon_prime_15": NaN,
    "f16": 0.0,
    "g16": 0.0,
    "h16": 0.0,
    "t16": 0.0,
    "alpha_16": NaN,
    "beta_16": NaN,
    "gamma_16": NaN,
    "epsilon_16": NaN,
    "epsilon_prime_16": NaN,
    "f17": 0.0,
    "g17": 0.0,
    "h17": 0.0,
    "t17": 0.0,
    "alpha_17": NaN,
    "beta_17": NaN,
    "gamma_17": NaN,
    "epsilon_17": NaN,
    "epsilon_prime_17": NaN,
    "f18": 0.0,
    "g18": 0.0,
    "h18": 0.0,
    "t18": 0.0,
    "alpha_18": NaN,
    "beta_18": NaN,
    "gamma_18": NaN,
    "epsilon_18": NaN,
    "epsilon_prime_18": NaN,
    "f19": 0.0,
    "g19": 0.0,
    "h19": 0.0,
    "t19": 0.0,
    "alpha_19": NaN,
    "beta_19": NaN,
    "gamma_19": NaN,
    "epsilon_19": NaN,
    "epsilon_prime_19": NaN,
    "f20": 0.0,
    "g20": 0.0,
    "h20": 0.0,
    "t20": 0.0,
    "alpha_20": NaN,
    "beta_20": NaN,
    "gamma_20": NaN,
    "epsilon_20": NaN,
    "epsilon_prime_20": NaN
}