{
    "f0": 0.07950699999999997,
    "g0": 0.10539299999999999,
    "h0": 0,
    "t0": 0,
    "f1": 0.27083896495355514,
    "g1": 0.12013077818490532,
    "h1": 0.0009101716764488496,
    "t1": 0.001206506640874057,
    "alpha_1": 1.3255813953488376,
    "beta_1": 0.0,
    "gamma_1": 9999,
    "epsilon_1": -1.0,
    "epsilon_prime_1": 7543.105263157892,
    "f2": 1.6156451419010371,
    "g2": 0.3708948610817985,
    "h2": 0.010729016287937565,
    "t2": 0.0036037335833516452,
    "alpha_2": 0.4435505733287157,
    "beta_2": 0.007576506955177741,
    "gamma_2": 1.3255813953488378,
    "epsilon_2": -0.3288927167379321,
    "epsilon_prime_2": 0.9942843894899539,
    "f3": 118.33586705227665,
    "g3": 13.800291106129317,
    "h3": 0.9907265271041844,
    "t3": 0.12502354000005395,
    "alpha_3": 0.22956455688369026,
    "beta_3": 0.02892737919485854,
    "gamma_3": 0.33588667279806966,
    "epsilon_3": -0.151357870888066,
    "epsilon_prime_3": 0.23156578289365043,
    "f4": 15296223.353862267,
    "g4": 1434353.8866383291,
    "h4": 133421.311510524,
    "t4": 12527.73495374255,
    "alpha_4": 0.11661968133493145,
    "beta_4": 0.07179026293613178,
    "gamma_4": 0.12619379473515047,
    "epsilon_4": -0.03381868405523483,
    "epsilon_prime_4": 0.04104126083083865,
    "f5": 2.4014330691814242e+22,
    "g5": 2.2434904094576977e+21,
    "h5": 2.0959355863363528e+20,
    "t5": 1.9580855606193455e+19,
    "alpha_5": 0.09377176662866639,
    "beta_5": 0.0930184055367405,
    "gamma_5": 0.0938960561240952,
    "epsilon_5": -0.000568325034259883,
    "epsilon_prime_5": 0.0006620872851974053,
    "f6": 9.244507866041449e+67,
    "g6": 8.636494868313427e+66,
    "h6": 8.068470998266737e+65,
    "t6": 7.537806163553536e+64,
    "alpha_6": 0.09342298306162809,
    "beta_6": 0.09342297954565305,
    "gamma_6": 0.09342298367298749,
    "epsilon_6": -2.6524022223223733e-09,
    "epsilon_prime_6": 3.113603168420674e-09,
    "f7": 5.273800710715958e+204,
    "g7": 4.926941859384195e+203,
    "h7": 4.602895979066435e+202,
    "t7": 4.3001626564259914e+201,
    "alpha_7": 0.09342298144435052,
    "beta_7": 0.0934229814443505,
    "gamma_7": 0.09342298144435052,
    "epsilon_7": -1.0469208346245991e-17,
    "epsilon_prime_7": 1.0469208346245991e-17,
    "f8": Infinity,
    "g8": Infinity,
    "h8": Infinity,
    "t8": Infinity,
    "alpha_8": 0.09342298144435052,
    "beta_8": 0.09342298144435053,
    "gamma_8": 0.0934229814443505,
    "epsilon_8": 1.0469208346245991e-17,
    "epsilon_prime_8": -2.0938416692491982e-17,
    "f9": Infinity,
    "g9": Infinity,
    "h9": Infinity,
    "t9": Infinity,
    "alpha_9": NaN,
    "beta_9": NaN,
    "gamma_9": NaN,
    "epsilon_9": NaN,
    "epsilon_prime_9": NaN,
    "f10": Infinity,
    "g10": Infinity,
    "h10": Infinity,
    "t10": Infinity,
    "alpha_10": NaN,
    "beta_10": NaN,
    "gamma_10": NaN,
    "epsilon_10": NaN,
    "epsilon_prime_10": NaN,
    "f11": Infinity,
    "g11": Infinity,
    "h11": Infinity,
    "t11": Infinity,
    "alpha_11": NaN,
    "beta_11": NaN,
    "gamma_11": NaN,
    "epsilon_11": NaN,
    "epsilon_prime_11": NaN,
    "f12": Infinity,
    "g12": Infinity,
    "h12": Infinity,
    "t12": Infinity,
    "alpha_12": NaN,
    "beta_12": NaN,
    "gamma_12": NaN,
    "epsilon_12": NaN,
    "epsilon_prime_12": NaN,
    "f13": Infinity,
    "g13": Infinity,
    "h13": Infinity,
    "t13": Infinity,
    "alpha_13": NaN,
    "beta_13": NaN,
    "gamma_13": NaN,
    "epsilon_13": NaN,
    "epsilon_prime_13": NaN,
    "f14": Infinity,
    "g14": Infinity,
    "h14": Infinity,
    "t14": Infinity,
    "alpha_14": NaN,
    "beta_14": NaN,
    "gamma_14": NaN,
    "epsilon_14": NaN,
    "epsilon_prime_14": NaN,
    "f15": Infinity,
    "g15": Infinity,
    "h15": Infinity,
    "t15": Infinity,
    "alpha_15": NaN,
    "beta_15": NaN,
    "gamma_15": NaN,
    "epsilon_15": NaN,
    "epsilon_prime_15": NaN,
    "f16": Infinity,
    "g16": Infinity,
    "h16": Infinity,
    "t16": Infinity,
    "alpha_16": NaN,
    "beta_16": NaN,
    "gamma_16": NaN,
    "epsilon_16": NaN,
    "epsilon_prime_16": NaN,
    "f17": Infinity,
    "g17": Infinity,
    "h17": Infinity,
    "t17": Infinity,
    "alpha_17": NaN,
    "beta_17": NaN,
    "gamma_17": NaN,
    "epsilon_17": NaN,
    "epsilon_prime_17": NaN,
    "f18": Infinity,
    "g18": Infinity,
    "h18": Infinity,
    "t18": Infinity,
    "alpha_18": NaN,
    "beta_18": NaN,
    "gamma_18": NaN,
    "epsilon_18": NaN,
    "epsilon_prime_18": NaN,
    "f19": Infinity,
    "g19": Infinity,
    "h19": Infinity,
    "t19": Infinity,
    "alpha_19": NaN,
    "beta_19": NaN,
    "gamma_19": NaN,
    "epsilon_19": NaN,
    "epsilon_prime_19": NaN,
    "f20": Infinity,
    "g20": Infinity,
    "h20": Infinity,
    "t20": Infinity,
    "alpha_20": NaN,
    "beta_20": NaN,
    "gamma_20": NaN,
    "epsilon_20": NaN,
    "epsilon_prime_20": NaN
}