{
    "f0": 0.07408799999999996,
    "g0": 0.10231199999999999,
    "h0": 0,
    "t0": 0,
    "f1": 0.23780336117690737,
    "g1": 0.10985089546386172,
    "h1": 0.000799273540471825,
    "t1": 0.0011037586987468065,
    "alpha_1": 1.3809523809523816,
    "beta_1": 0.0,
    "gamma_1": 9999,
    "epsilon_1": -1.0000000000000002,
    "epsilon_prime_1": 7240.655172413791,
    "f2": 1.1850102272079723,
    "g2": 0.28257511103528843,
    "h2": 0.007877831219870556,
    "t2": 0.0027537101668562852,
    "alpha_2": 0.46194004542324835,
    "beta_2": 0.007275985663082434,
    "gamma_2": 1.3809523809523816,
    "epsilon_2": -0.3292394915504649,
    "epsilon_prime_2": 0.9947311827956992,
    "f3": 50.22835442330102,
    "g3": 5.995571295633538,
    "h3": 0.4218959665248826,
    "t3": 0.054681565951614136,
    "alpha_3": 0.23845795128795608,
    "beta_3": 0.027878715825353634,
    "gamma_3": 0.3495518106443429,
    "epsilon_3": -0.15248841188671206,
    "epsilon_prime_3": 0.2329356893516818,
    "f4": 1217929.9897698476,
    "g4": 114652.85181486713,
    "h4": 10682.108596545462,
    "t4": 1007.2210539687103,
    "alpha_4": 0.11936626959955077,
    "beta_4": 0.0703679342170681,
    "gamma_4": 0.12960912236734817,
    "epsilon_4": -0.035481553208004675,
    "epsilon_prime_4": 0.04289879141916831,
    "f5": 1.2236487543353147e+19,
    "g5": 1.1464050857815788e+18,
    "h5": 1.0740373920922446e+17,
    "t5": 1.0062380565803968e+16,
    "alpha_5": 0.09413747323566037,
    "beta_5": 0.09316914867319771,
    "gamma_5": 0.09429047129275958,
    "epsilon_5": -0.0007012005452315756,
    "epsilon_prime_5": 0.0008119922417516973,
    "f6": 1.2327131882599459e+58,
    "g6": 1.1548972789394413e+57,
    "h6": 1.0819935550332295e+56,
    "t6": 1.013691931293254e+55,
    "alpha_6": 0.09368743127633103,
    "beta_6": 0.09368742387949226,
    "gamma_6": 0.09368743248502982,
    "epsilon_6": -5.356331520564295e-09,
    "epsilon_prime_6": 6.2315961643728755e-09,
    "f7": 1.2603112996912867e+175,
    "g7": 1.1807532396766777e+174,
    "h7": 1.1062173395957603e+173,
    "t7": 1.0363865719796023e+172,
    "alpha_7": 0.09368742785737964,
    "beta_7": 0.09368742785737963,
    "gamma_7": 0.09368742785737963,
    "epsilon_7": -1.0049432550486328e-17,
    "epsilon_prime_7": 0.0,
    "f8": Infinity,
    "g8": Infinity,
    "h8": Infinity,
    "t8": Infinity,
    "alpha_8": 0.09368742785737962,
    "beta_8": 0.09368742785737964,
    "gamma_8": 0.09368742785737963,
    "epsilon_8": 2.0098865100972655e-17,
    "epsilon_prime_8": -1.0049432550486328e-17,
    "f9": Infinity,
    "g9": Infinity,
    "h9": Infinity,
    "t9": Infinity,
    "alpha_9": NaN,
    "beta_9": NaN,
    "gamma_9": NaN,
    "epsilon_9": NaN,
    "epsilon_prime_9": NaN,
    "f10": Infinity,
    "g10": Infinity,
    "h10": Infinity,
    "t10": Infinity,
    "alpha_10": NaN,
    "beta_10": NaN,
    "gamma_10": NaN,
    "epsilon_10": NaN,
    "epsilon_prime_10": NaN,
    "f11": Infinity,
    "g11": Infinity,
    "h11": Infinity,
    "t11": Infinity,
    "alpha_11": NaN,
    "beta_11": NaN,
    "gamma_11": NaN,
    "epsilon_11": NaN,
    "epsilon_prime_11": NaN,
    "f12": Infinity,
    "g12": Infinity,
    "h12": Infinity,
    "t12": Infinity,
    "alpha_12": NaN,
    "beta_12": NaN,
    "gamma_12": NaN,
    "epsilon_12": NaN,
    "epsilon_prime_12": NaN,
    "f13": Infinity,
    "g13": Infinity,
    "h13": Infinity,
    "t13": Infinity,
    "alpha_13": NaN,
    "beta_13": NaN,
    "gamma_13": NaN,
    "epsilon_13": NaN,
    "epsilon_prime_13": NaN,
    "f14": Infinity,
    "g14": Infinity,
    "h14": Infinity,
    "t14": Infinity,
    "alpha_14": NaN,
    "beta_14": NaN,
    "gamma_14": NaN,
    "epsilon_14": NaN,
    "epsilon_prime_14": NaN,
    "f15": Infinity,
    "g15": Infinity,
    "h15": Infinity,
    "t15": Infinity,
    "alpha_15": NaN,
    "beta_15": NaN,
    "gamma_15": NaN,
    "epsilon_15": NaN,
    "epsilon_prime_15": NaN,
    "f16": Infinity,
    "g16": Infinity,
    "h16": Infinity,
    "t16": Infinity,
    "alpha_16": NaN,
    "beta_16": NaN,
    "gamma_16": NaN,
    "epsilon_16": NaN,
    "epsilon_prime_16": NaN,
    "f17": Infinity,
    "g17": Infinity,
    "h17": Infinity,
    "t17": Infinity,
    "alpha_17": NaN,
    "beta_17": NaN,
    "gamma_17": NaN,
    "epsilon_17": NaN,
    "epsilon_prime_17": NaN,
    "f18": Infinity,
    "g18": Infinity,
    "h18": Infinity,
    "t18": Infinity,
    "alpha_18": NaN,
    "beta_18": NaN,
    "gamma_18": NaN,
    "epsilon_18": NaN,
    "epsilon_prime_18": NaN,
    "f19": Infinity,
    "g19": Infinity,
    "h19": Infinity,
    "t19": Infinity,
    "alpha_19": NaN,
    "beta_19": NaN,
    "gamma_19": NaN,
    "epsilon_19": NaN,
    "epsilon_prime_19": NaN,
    "f20": Infinity,
    "g20": Infinity,
    "h20": Infinity,
    "t20": Infinity,
    "alpha_20": NaN,
    "beta_20": NaN,
    "gamma_20": NaN,
    "epsilon_20": NaN,
    "epsilon_prime_20": NaN
}