{
    "f0": 0.07408800000000001,
    "g0": 0.10231200000000001,
    "h0": 0,
    "t0": 0,
    "f1": 0.01289799505528935,
    "g1": 0.006876658968883203,
    "h1": 0.002917486240316929,
    "t1": 0.0010709759616353285,
    "beta_1": 0.4242592592592592,
    "alpha_1": 0.5331572030695692,
    "epsilon_1": -0.07885713172470721,
    "gamma_1": 0.3670886075949367,
    "epsilon_prime_1": -0.04139943741209561,
    "f2": 1.8157974966931217e-05,
    "g2": 8.739651123011123e-06,
    "h2": 4.196462484166876e-06,
    "t2": 2.010275941825959e-06,
    "beta_2": 0.48016361581273787,
    "alpha_2": 0.4813119931560389,
    "epsilon_2": -0.0008315835934248857,
    "gamma_2": 0.47904060846741,
    "epsilon_prime_2": -0.0008132122155822629,
    "f3": 4.524041168521284e-14,
    "g3": 2.1749347375329627e-14,
    "h3": 1.0456004560254837e-14,
    "t3": 5.026725281186635e-15,
    "beta_3": 0.4807502671144572,
    "alpha_3": 0.48075043009475005,
    "epsilon_3": -1.180202120801947e-07,
    "gamma_3": 0.48075010413577346,
    "epsilon_prime_3": -1.1801904682839162e-07,
    "f4": 6.9878749926165e-40,
    "g4": 3.3594233498831518e-40,
    "h4": 1.6150439519402877e-40,
    "t4": 7.764329454903647e-41,
    "beta_4": 0.4807503502041392,
    "alpha_4": 0.4807503502041425,
    "epsilon_4": -2.3716660819147745e-15,
    "gamma_4": 0.4807503502041358,
    "epsilon_prime_4": -2.452061542318665e-15,
    "f5": 2.575139640578879e-117,
    "g5": 1.2379992840328614e-117,
    "h5": 5.951685893512738e-118,
    "t5": 2.861275077611293e-118,
    "beta_5": 0.48075035020414086,
    "alpha_5": 0.4807503502041408,
    "epsilon_5": 4.019773020194533e-17,
    "gamma_5": 0.48075035020414075,
    "epsilon_prime_5": -8.039546040389066e-17
}