{
    "f1": 0.0020914528312258574,
    "g1": 0.0026742562656768016,
    "h1": 0.0023266029511388175,
    "t1": 0.0021419519232706566,
    "alpha_1": 1.2786596119929452,
    "epsilon_1": 0.0,
    "beta_1": 0.8700000000000001,
    "gamma_1": 0.9206349206349203,
    "epsilon_prime_1": -0.03666666666666632,
    "f2": 3.608091990245879e-07,
    "g2": 3.7588803083717043e-07,
    "h2": 3.890428679864903e-07,
    "t2": 4.0034940006493847e-07,
    "alpha_2": 1.0417917055699983,
    "epsilon_2": 0.0,
    "beta_2": 1.0349966906901018,
    "gamma_2": 1.0290624324691149,
    "epsilon_prime_2": 0.00429722147036984,
    "f3": 1.3741332099781727e-18,
    "g3": 1.4253903249267783e-18,
    "h3": 1.4785527901478158e-18,
    "t3": 1.5336911865825356e-18,
    "alpha_3": 1.037301416322963,
    "epsilon_3": 0.0,
    "beta_3": 1.0372967770942099,
    "gamma_3": 1.0372921391796959,
    "epsilon_prime_3": 3.3584898204784796e-06,
    "f4": 7.541416257935747e-53,
    "g4": 7.82269815936854e-53,
    "h4": 8.114471393626398e-53,
    "t4": 8.417127269441562e-53,
    "alpha_4": 1.0372982861325024,
    "epsilon_4": 0.0,
    "beta_4": 1.0372982861301414,
    "gamma_4": 1.03729828612778,
    "epsilon_prime_4": 1.7100114427907544e-12,
    "f5": 1.2465886105508186e-155,
    "g5": 1.293084229234676e-155,
    "h5": 1.3413140548080368e-155,
    "t5": 1.391342770215677e-155,
    "alpha_5": 1.0372982861309095,
    "epsilon_5": 0.0,
    "beta_5": 1.037298286130909,
    "gamma_5": 1.0372982861309092,
    "epsilon_prime_5": -1.6079092080778132e-16
}