{
    "f0": 0.06892100000000001,
    "g0": 0.09917900000000002,
    "h0": 0,
    "t0": 0,
    "f1": 0.011206645429745327,
    "g1": 0.006109584074774203,
    "h1": 0.0026290829452044404,
    "t1": 0.0009755716589123395,
    "beta_1": 0.4303211009174312,
    "alpha_1": 0.5451751028508309,
    "epsilon_1": -0.07981379795371846,
    "gamma_1": 0.3710691823899371,
    "epsilon_prime_1": -0.04117506202758066,
    "f2": 1.230270529790873e-05,
    "g2": 6.028704129748099e-06,
    "h2": 2.946609445243972e-06,
    "t2": 1.43654846393892e-06,
    "beta_2": 0.4887633199155009,
    "alpha_2": 0.49003076833620374,
    "epsilon_2": -0.0008807692415053427,
    "gamma_2": 0.48752591432081605,
    "epsilon_prime_2": -0.0008598920234250873,
    "f3": 1.4448790035476344e-14,
    "g3": 7.0713167995422024e-15,
    "h3": 3.4607396803169615e-15,
    "t3": 1.69370353771392e-15,
    "beta_3": 0.48940526615085467,
    "alpha_3": 0.4894054645530792,
    "epsilon_3": -1.3787273230625076e-07,
    "gamma_3": 0.48940506775094894,
    "epsilon_prime_3": -1.3787112092855282e-07,
    "f4": 2.337261519993928e-41,
    "g4": 1.1438683305988065e-41,
    "h4": 5.598152994664826e-42,
    "t4": 2.7397661175975172e-42,
    "beta_4": 0.4894053664143525,
    "alpha_4": 0.4894053664143575,
    "epsilon_4": -3.4717991193786678e-15,
    "gamma_4": 0.48940536641434773,
    "epsilon_prime_4": -3.3174969362951713e-15,
    "f5": 9.893152390869663e-122,
    "g5": 4.84176187084662e-122,
    "h5": 2.3695842424927437e-122,
    "t5": 1.159687244446843e-122,
    "beta_5": 0.48940536641435517,
    "alpha_5": 0.489405366414355,
    "epsilon_5": 1.1572663731262226e-16,
    "gamma_5": 0.48940536641435495,
    "epsilon_prime_5": -1.5430218308349634e-16
}