{
    "f1": 0.001740713699948379,
    "g1": 0.0022981004317958013,
    "h1": 0.0020338188821392837,
    "t1": 0.0019511433178246785,
    "alpha_1": 1.3202058626090847,
    "epsilon_1": 0.0,
    "beta_1": 0.8849999999999998,
    "gamma_1": 0.9593495934959348,
    "epsilon_prime_1": -0.05166666666666674,
    "f2": 2.213711028335909e-07,
    "g2": 2.3644747368506868e-07,
    "h2": 2.5085802858440313e-07,
    "t2": 2.645927671665659e-07,
    "alpha_2": 1.0681045116480763,
    "epsilon_2": 0.0,
    "beta_2": 1.060946114901309,
    "gamma_2": 1.0547510424907194,
    "epsilon_prime_2": 0.004305050319223349,
    "f3": 3.3385954713001994e-19,
    "g3": 3.5500735181153846e-19,
    "h3": 3.774929304184366e-19,
    "t3": 4.0140079466874355e-19,
    "alpha_3": 1.063343417503896,
    "epsilon_3": 0.0,
    "beta_3": 1.0633383463529933,
    "gamma_3": 1.063333276794895,
    "epsilon_prime_3": 3.5229132546834236e-06,
    "f4": 1.1374801753812146e-54,
    "g4": 1.2095281337816769e-54,
    "h4": 1.2861396075894187e-54,
    "t4": 1.3676036497258467e-54,
    "alpha_4": 1.0633399684318157,
    "epsilon_4": 0.0,
    "beta_4": 1.063339968429019,
    "gamma_4": 1.0633399684262224,
    "epsilon_prime_4": 1.9434359959366366e-12,
    "f5": 4.498645686802563e-161,
    "g5": 4.783589762582004e-161,
    "h5": 5.086582187125604e-161,
    "t5": 5.408766142274301e-161,
    "alpha_5": 1.0633399684299136,
    "epsilon_5": 0.0,
    "beta_5": 1.0633399684299132,
    "gamma_5": 1.0633399684299136,
    "epsilon_prime_5": -3.086043661669927e-16
}