{
    "f0": 0.06892100000000001,
    "g0": 0.09917900000000002,
    "h0": 0,
    "t0": 0,
    "f1": 0.2078487675099975,
    "g1": 0.10002350287987491,
    "h1": 0.0006986914625077026,
    "t1": 0.0010054340558037671,
    "alpha_1": 1.4390243902439024,
    "beta_1": 0.0,
    "gamma_1": 9999,
    "epsilon_1": -1.0,
    "epsilon_prime_1": 6948.457627118644,
    "f2": 0.8579253625116281,
    "g2": 0.21260386610386922,
    "h2": 0.005709148233276317,
    "t2": 0.0020775472754292323,
    "alpha_2": 0.481232119286268,
    "beta_2": 0.006985272884781981,
    "gamma_2": 1.4390243902439024,
    "epsilon_2": -0.32956136783832085,
    "epsilon_prime_2": 0.995145827317355,
    "f3": 20.526532611897196,
    "g3": 2.510515598029617,
    "h3": 0.1729427288537607,
    "t3": 0.0230441804292017,
    "alpha_3": 0.24781161088589176,
    "beta_3": 0.026853454445118462,
    "gamma_3": 0.363897938981519,
    "epsilon_3": -0.15354719345884246,
    "epsilon_prime_3": 0.23421735366088856,
    "f4": 86716.09795297145,
    "g4": 8196.42136767774,
    "h4": 764.6116526108328,
    "t4": 72.41404971641188,
    "alpha_4": 0.12230587822584903,
    "beta_4": 0.06888733493211319,
    "gamma_4": 0.13324746626779388,
    "epsilon_4": -0.037121360593952026,
    "epsilon_prime_4": 0.0447248370298798,
    "f5": 4458844190648293.0,
    "g5": 418883314062129.7,
    "h5": 39351723219190.14,
    "t5": 3696872988228.436,
    "alpha_5": 0.09452018207879795,
    "beta_5": 0.09328603524777879,
    "gamma_5": 0.0947069659076576,
    "epsilon_5": -0.0008576274588438243,
    "epsilon_prime_5": 0.0009874263907632473,
    "f6": 6.010098050422104e+47,
    "g6": 5.646148402765307e+46,
    "h6": 5.304238220175177e+45,
    "t6": 4.9830328729205035e+44,
    "alpha_6": 0.09394437126569032,
    "beta_6": 0.09394435609663222,
    "gamma_6": 0.09394437360815829,
    "epsilon_6": -1.0541209861207013e-08,
    "epsilon_prime_6": 1.2169026585841543e-08,
    "f7": 1.4718355677660893e+144,
    "g7": 1.3827065665745718e+143,
    "h7": 1.2989748930651505e+142,
    "t7": 1.2203137047318116e+141,
    "alpha_7": 0.09394436422495243,
    "beta_7": 0.09394436422495248,
    "gamma_7": 0.09394436422495245,
    "epsilon_7": 2.8931659328155565e-17,
    "epsilon_prime_7": -1.9287772885437043e-17,
    "f8": Infinity,
    "g8": Infinity,
    "h8": Infinity,
    "t8": Infinity,
    "alpha_8": 0.09394436422495245,
    "beta_8": 0.09394436422495246,
    "gamma_8": 0.09394436422495245,
    "epsilon_8": 9.643886442718521e-18,
    "epsilon_prime_8": -9.643886442718521e-18,
    "f9": Infinity,
    "g9": Infinity,
    "h9": Infinity,
    "t9": Infinity,
    "alpha_9": NaN,
    "beta_9": NaN,
    "gamma_9": NaN,
    "epsilon_9": NaN,
    "epsilon_prime_9": NaN,
    "f10": Infinity,
    "g10": Infinity,
    "h10": Infinity,
    "t10": Infinity,
    "alpha_10": NaN,
    "beta_10": NaN,
    "gamma_10": NaN,
    "epsilon_10": NaN,
    "epsilon_prime_10": NaN,
    "f11": Infinity,
    "g11": Infinity,
    "h11": Infinity,
    "t11": Infinity,
    "alpha_11": NaN,
    "beta_11": NaN,
    "gamma_11": NaN,
    "epsilon_11": NaN,
    "epsilon_prime_11": NaN,
    "f12": Infinity,
    "g12": Infinity,
    "h12": Infinity,
    "t12": Infinity,
    "alpha_12": NaN,
    "beta_12": NaN,
    "gamma_12": NaN,
    "epsilon_12": NaN,
    "epsilon_prime_12": NaN,
    "f13": Infinity,
    "g13": Infinity,
    "h13": Infinity,
    "t13": Infinity,
    "alpha_13": NaN,
    "beta_13": NaN,
    "gamma_13": NaN,
    "epsilon_13": NaN,
    "epsilon_prime_13": NaN,
    "f14": Infinity,
    "g14": Infinity,
    "h14": Infinity,
    "t14": Infinity,
    "alpha_14": NaN,
    "beta_14": NaN,
    "gamma_14": NaN,
    "epsilon_14": NaN,
    "epsilon_prime_14": NaN,
    "f15": Infinity,
    "g15": Infinity,
    "h15": Infinity,
    "t15": Infinity,
    "alpha_15": NaN,
    "beta_15": NaN,
    "gamma_15": NaN,
    "epsilon_15": NaN,
    "epsilon_prime_15": NaN,
    "f16": Infinity,
    "g16": Infinity,
    "h16": Infinity,
    "t16": Infinity,
    "alpha_16": NaN,
    "beta_16": NaN,
    "gamma_16": NaN,
    "epsilon_16": NaN,
    "epsilon_prime_16": NaN,
    "f17": Infinity,
    "g17": Infinity,
    "h17": Infinity,
    "t17": Infinity,
    "alpha_17": NaN,
    "beta_17": NaN,
    "gamma_17": NaN,
    "epsilon_17": NaN,
    "epsilon_prime_17": NaN,
    "f18": Infinity,
    "g18": Infinity,
    "h18": Infinity,
    "t18": Infinity,
    "alpha_18": NaN,
    "beta_18": NaN,
    "gamma_18": NaN,
    "epsilon_18": NaN,
    "epsilon_prime_18": NaN,
    "f19": Infinity,
    "g19": Infinity,
    "h19": Infinity,
    "t19": Infinity,
    "alpha_19": NaN,
    "beta_19": NaN,
    "gamma_19": NaN,
    "epsilon_19": NaN,
    "epsilon_prime_19": NaN,
    "f20": Infinity,
    "g20": Infinity,
    "h20": Infinity,
    "t20": Infinity,
    "alpha_20": NaN,
    "beta_20": NaN,
    "gamma_20": NaN,
    "epsilon_20": NaN,
    "epsilon_prime_20": NaN
}