{
    "f1": 0.0014417920000000008,
    "g1": 0.0019660800000000007,
    "h1": 0.0017694720000000007,
    "t1": 0.0017694720000000004,
    "alpha_1": 1.3636363636363633,
    "epsilon_1": 0.0,
    "beta_1": 0.9,
    "gamma_1": 0.9999999999999999,
    "epsilon_prime_1": -0.06666666666666658,
    "f2": 1.340079846121298e-07,
    "g2": 1.4676105285693622e-07,
    "h2": 1.5962164454284608e-07,
    "t2": 1.7257681182093075e-07,
    "alpha_2": 1.0951664804281525,
    "epsilon_2": 0.0,
    "beta_2": 1.0876294591484463,
    "gamma_2": 1.0811617203618473,
    "epsilon_prime_2": 0.004311825857732673,
    "f3": 7.795467502124226e-20,
    "g3": 8.498004366712695e-20,
    "h3": 9.263807638693323e-20,
    "t3": 1.0098570499199897e-19,
    "alpha_3": 1.090121197272265,
    "epsilon_3": 0.0,
    "beta_3": 1.0901156599754567,
    "gamma_3": 1.0901101245906613,
    "epsilon_prime_3": 3.6902565302791386e-06,
    "f4": 1.5237242754343635e-56,
    "g4": 1.6610383475222699e-56,
    "h4": 1.8107268069511048e-56,
    "t4": 1.9739048013504376e-56,
    "alpha_4": 1.090117401357777,
    "epsilon_4": 0.0,
    "beta_4": 1.090117401354473,
    "gamma_4": 1.0901174013511687,
    "epsilon_prime_4": 2.2028305105929275e-12,
    "f5": 1.1378806645351355e-166,
    "g5": 1.2404235130757249e-166,
    "h5": 1.3522072566543837e-166,
    "t5": 1.4740646607181426e-166,
    "alpha_5": 1.090117401355512,
    "epsilon_5": 0.0,
    "beta_5": 1.0901174013555117,
    "gamma_5": 1.090117401355512,
    "epsilon_prime_5": -1.4802973661668756e-16
}