{
    "f0": 0.06400000000000002,
    "g0": 0.09600000000000002,
    "h0": 0,
    "t0": 0,
    "f1": 0.009699328000000005,
    "g1": 0.005406720000000003,
    "h1": 0.002359296000000001,
    "t1": 0.0008847360000000004,
    "alpha_1": 1.5,
    "beta_1": 0.0,
    "gamma_1": 9999,
    "epsilon_1": -1.0,
    "epsilon_prime_1": 6666.000000000001,
    "f2": 8.240523413044798e-06,
    "g2": 4.11054371258272e-06,
    "h2": 2.0446820815722493e-06,
    "t2": 1.0142896601835488e-06,
    "alpha_2": 0.5574324324324325,
    "beta_2": 0.43636363636363634,
    "gamma_2": 0.375,
    "epsilon_2": -0.08071253071253075,
    "epsilon_prime_2": -0.0409090909090909,
    "f3": 4.45850670181465e-15,
    "g3": 2.2208959087138327e-15,
    "h3": 1.1062843644167268e-15,
    "t3": 5.5106792646224e-16,
    "alpha_3": 0.4988207067133265,
    "beta_3": 0.49742375328920735,
    "gamma_3": 0.49606228240803835,
    "epsilon_3": -0.0009313022827461086,
    "epsilon_prime_3": -0.0009076472541126683,
    "f4": 7.050398758392407e-43,
    "g4": 3.5119826046704828e-43,
    "h4": 1.749407691419744e-43,
    "t4": 8.71424381979723e-44,
    "alpha_4": 0.4981255064189787,
    "beta_4": 0.498125265608418,
    "gamma_4": 0.4981250248011803,
    "epsilon_4": -1.6054037377255528e-07,
    "epsilon_prime_4": -1.6053815847053937e-07,
    "f5": 2.7879586842472104e-126,
    "g5": 1.3887529964118923e-126,
    "h5": 6.917731227296751e-127,
    "t5": 3.445897539501923e-127,
    "alpha_5": 0.4981253862400353,
    "beta_5": 0.4981253862400281,
    "gamma_5": 0.49812538624002073,
    "epsilon_5": -4.773959005888174e-15,
    "epsilon_prime_5": -4.921988742504861e-15,
    "f6": 0.0,
    "g6": 0.0,
    "h6": 0.0,
    "t6": 0.0,
    "alpha_6": 0.4981253862400317,
    "beta_6": 0.49812538624003166,
    "gamma_6": 0.4981253862400318,
    "epsilon_6": -3.700743415417189e-17,
    "epsilon_prime_6": 7.401486830834378e-17,
    "f7": 0.0,
    "g7": 0.0,
    "h7": 0.0,
    "t7": 0.0,
    "alpha_7": NaN,
    "beta_7": NaN,
    "gamma_7": NaN,
    "epsilon_7": NaN,
    "epsilon_prime_7": NaN,
    "f8": 0.0,
    "g8": 0.0,
    "h8": 0.0,
    "t8": 0.0,
    "alpha_8": NaN,
    "beta_8": NaN,
    "gamma_8": NaN,
    "epsilon_8": NaN,
    "epsilon_prime_8": NaN,
    "f9": 0.0,
    "g9": 0.0,
    "h9": 0.0,
    "t9": 0.0,
    "alpha_9": NaN,
    "beta_9": NaN,
    "gamma_9": NaN,
    "epsilon_9": NaN,
    "epsilon_prime_9": NaN,
    "f10": 0.0,
    "g10": 0.0,
    "h10": 0.0,
    "t10": 0.0,
    "alpha_10": NaN,
    "beta_10": NaN,
    "gamma_10": NaN,
    "epsilon_10": NaN,
    "epsilon_prime_10": NaN,
    "f11": 0.0,
    "g11": 0.0,
    "h11": 0.0,
    "t11": 0.0,
    "alpha_11": NaN,
    "beta_11": NaN,
    "gamma_11": NaN,
    "epsilon_11": NaN,
    "epsilon_prime_11": NaN,
    "f12": 0.0,
    "g12": 0.0,
    "h12": 0.0,
    "t12": 0.0,
    "alpha_12": NaN,
    "beta_12": NaN,
    "gamma_12": NaN,
    "epsilon_12": NaN,
    "epsilon_prime_12": NaN,
    "f13": 0.0,
    "g13": 0.0,
    "h13": 0.0,
    "t13": 0.0,
    "alpha_13": NaN,
    "beta_13": NaN,
    "gamma_13": NaN,
    "epsilon_13": NaN,
    "epsilon_prime_13": NaN,
    "f14": 0.0,
    "g14": 0.0,
    "h14": 0.0,
    "t14": 0.0,
    "alpha_14": NaN,
    "beta_14": NaN,
    "gamma_14": NaN,
    "epsilon_14": NaN,
    "epsilon_prime_14": NaN,
    "f15": 0.0,
    "g15": 0.0,
    "h15": 0.0,
    "t15": 0.0,
    "alpha_15": NaN,
    "beta_15": NaN,
    "gamma_15": NaN,
    "epsilon_15": NaN,
    "epsilon_prime_15": NaN,
    "f16": 0.0,
    "g16": 0.0,
    "h16": 0.0,
    "t16": 0.0,
    "alpha_16": NaN,
    "beta_16": NaN,
    "gamma_16": NaN,
    "epsilon_16": NaN,
    "epsilon_prime_16": NaN,
    "f17": 0.0,
    "g17": 0.0,
    "h17": 0.0,
    "t17": 0.0,
    "alpha_17": NaN,
    "beta_17": NaN,
    "gamma_17": NaN,
    "epsilon_17": NaN,
    "epsilon_prime_17": NaN,
    "f18": 0.0,
    "g18": 0.0,
    "h18": 0.0,
    "t18": 0.0,
    "alpha_18": NaN,
    "beta_18": NaN,
    "gamma_18": NaN,
    "epsilon_18": NaN,
    "epsilon_prime_18": NaN,
    "f19": 0.0,
    "g19": 0.0,
    "h19": 0.0,
    "t19": 0.0,
    "alpha_19": NaN,
    "beta_19": NaN,
    "gamma_19": NaN,
    "epsilon_19": NaN,
    "epsilon_prime_19": NaN,
    "f20": 0.0,
    "g20": 0.0,
    "h20": 0.0,
    "t20": 0.0,
    "alpha_20": NaN,
    "beta_20": NaN,
    "gamma_20": NaN,
    "epsilon_20": NaN,
    "epsilon_prime_20": NaN
}