{
    "f0": 0.06400000000000002,
    "g0": 0.09600000000000002,
    "h0": 0,
    "t0": 0,
    "f1": 0.1808101131713009,
    "g1": 0.09067522485336998,
    "h1": 0.0006078786023689609,
    "t1": 0.0009118179035534411,
    "alpha_1": 1.5,
    "beta_1": 0.0,
    "gamma_1": 9999,
    "epsilon_1": -1.0,
    "epsilon_prime_1": 6666.000000000001,
    "f2": 0.6128118200928825,
    "g2": 0.15789641830459586,
    "h2": 0.004081832812092248,
    "t2": 0.001546914384343413,
    "alpha_2": 0.5014942099364961,
    "beta_2": 0.00670391061452514,
    "gamma_2": 1.4999999999999998,
    "epsilon_2": -0.3298601995479807,
    "epsilon_prime_2": 0.9955307262569831,
    "f3": 8.065502416606076,
    "g3": 1.0118378283285843,
    "h3": 0.06814982666026202,
    "t3": 0.009345014352826479,
    "alpha_3": 0.25765889809479176,
    "beta_3": 0.025851332512293212,
    "gamma_3": 0.3789754396017269,
    "epsilon_3": -0.15453837705499904,
    "epsilon_prime_3": 0.23541607139295584,
    "f4": 5499.159947109542,
    "g4": 522.007610881071,
    "h4": 48.73704395495768,
    "t4": 4.637388994023691,
    "alpha_4": 0.12545254790889526,
    "beta_4": 0.06735251910163913,
    "gamma_4": 0.137124550579019,
    "epsilon_4": -0.038733352538170764,
    "epsilon_prime_4": 0.046514687651586596,
    "f5": 1148262802073.0793,
    "g5": 108159602569.80786,
    "h5": 10187995148.366222,
    "t5": 959649268.6813866,
    "alpha_5": 0.09492497325076853,
    "beta_5": 0.09336462331017899,
    "gamma_5": 0.09515121594796605,
    "epsilon_5": -0.0010402332937263596,
    "epsilon_prime_5": 0.0011910617585247087,
    "f6": 1.0341154840928009e+37,
    "g6": 9.740758193134591e+35,
    "h6": 9.175219947543496e+34,
    "t6": 8.642516261735611e+33,
    "alpha_6": 0.09419411860641656,
    "beta_6": 0.09419408823909772,
    "gamma_6": 0.09419412305425752,
    "epsilon_6": -2.0244879226731054e-08,
    "epsilon_prime_6": 2.321010653116851e-08,
    "f7": 7.553568717205313e+111,
    "g7": 7.115016407869589e+110,
    "h7": 6.70192598750637e+109,
    "t7": 6.312819165439163e+108,
    "alpha_7": 0.09419410445903798,
    "beta_7": 0.09419410445903796,
    "gamma_7": 0.09419410445903799,
    "epsilon_7": -9.251858538542972e-18,
    "epsilon_prime_7": 1.8503717077085944e-17,
    "f8": Infinity,
    "g8": Infinity,
    "h8": Infinity,
    "t8": Infinity,
    "alpha_8": 0.09419410445903799,
    "beta_8": 0.09419410445903795,
    "gamma_8": 0.09419410445903799,
    "epsilon_8": -2.7755575615628914e-17,
    "epsilon_prime_8": 2.7755575615628914e-17,
    "f9": Infinity,
    "g9": Infinity,
    "h9": Infinity,
    "t9": Infinity,
    "alpha_9": NaN,
    "beta_9": NaN,
    "gamma_9": NaN,
    "epsilon_9": NaN,
    "epsilon_prime_9": NaN,
    "f10": Infinity,
    "g10": Infinity,
    "h10": Infinity,
    "t10": Infinity,
    "alpha_10": NaN,
    "beta_10": NaN,
    "gamma_10": NaN,
    "epsilon_10": NaN,
    "epsilon_prime_10": NaN,
    "f11": Infinity,
    "g11": Infinity,
    "h11": Infinity,
    "t11": Infinity,
    "alpha_11": NaN,
    "beta_11": NaN,
    "gamma_11": NaN,
    "epsilon_11": NaN,
    "epsilon_prime_11": NaN,
    "f12": Infinity,
    "g12": Infinity,
    "h12": Infinity,
    "t12": Infinity,
    "alpha_12": NaN,
    "beta_12": NaN,
    "gamma_12": NaN,
    "epsilon_12": NaN,
    "epsilon_prime_12": NaN,
    "f13": Infinity,
    "g13": Infinity,
    "h13": Infinity,
    "t13": Infinity,
    "alpha_13": NaN,
    "beta_13": NaN,
    "gamma_13": NaN,
    "epsilon_13": NaN,
    "epsilon_prime_13": NaN,
    "f14": Infinity,
    "g14": Infinity,
    "h14": Infinity,
    "t14": Infinity,
    "alpha_14": NaN,
    "beta_14": NaN,
    "gamma_14": NaN,
    "epsilon_14": NaN,
    "epsilon_prime_14": NaN,
    "f15": Infinity,
    "g15": Infinity,
    "h15": Infinity,
    "t15": Infinity,
    "alpha_15": NaN,
    "beta_15": NaN,
    "gamma_15": NaN,
    "epsilon_15": NaN,
    "epsilon_prime_15": NaN,
    "f16": Infinity,
    "g16": Infinity,
    "h16": Infinity,
    "t16": Infinity,
    "alpha_16": NaN,
    "beta_16": NaN,
    "gamma_16": NaN,
    "epsilon_16": NaN,
    "epsilon_prime_16": NaN,
    "f17": Infinity,
    "g17": Infinity,
    "h17": Infinity,
    "t17": Infinity,
    "alpha_17": NaN,
    "beta_17": NaN,
    "gamma_17": NaN,
    "epsilon_17": NaN,
    "epsilon_prime_17": NaN,
    "f18": Infinity,
    "g18": Infinity,
    "h18": Infinity,
    "t18": Infinity,
    "alpha_18": NaN,
    "beta_18": NaN,
    "gamma_18": NaN,
    "epsilon_18": NaN,
    "epsilon_prime_18": NaN,
    "f19": Infinity,
    "g19": Infinity,
    "h19": Infinity,
    "t19": Infinity,
    "alpha_19": NaN,
    "beta_19": NaN,
    "gamma_19": NaN,
    "epsilon_19": NaN,
    "epsilon_prime_19": NaN,
    "f20": Infinity,
    "g20": Infinity,
    "h20": Infinity,
    "t20": Infinity,
    "alpha_20": NaN,
    "beta_20": NaN,
    "gamma_20": NaN,
    "epsilon_20": NaN,
    "epsilon_prime_20": NaN
}