{
    "f0": 0.06400000000000002,
    "g0": 0.09600000000000002,
    "h0": 0,
    "t0": 0,
    "f1": 0.009699328000000005,
    "g1": 0.005406720000000003,
    "h1": 0.002359296000000001,
    "t1": 0.0008847360000000004,
    "beta_1": 0.43636363636363634,
    "alpha_1": 0.5574324324324325,
    "epsilon_1": -0.08071253071253075,
    "gamma_1": 0.375,
    "epsilon_prime_1": -0.0409090909090909,
    "f2": 8.240523413044798e-06,
    "g2": 4.11054371258272e-06,
    "h2": 2.0446820815722493e-06,
    "t2": 1.0142896601835488e-06,
    "beta_2": 0.49742375328920735,
    "alpha_2": 0.4988207067133265,
    "epsilon_2": -0.0009313022827461086,
    "gamma_2": 0.49606228240803835,
    "epsilon_prime_2": -0.0009076472541126683,
    "f3": 4.45850670181465e-15,
    "g3": 2.2208959087138327e-15,
    "h3": 1.1062843644167268e-15,
    "t3": 5.5106792646224e-16,
    "beta_3": 0.498125265608418,
    "alpha_3": 0.4981255064189787,
    "epsilon_3": -1.6054037377255528e-07,
    "gamma_3": 0.4981250248011803,
    "epsilon_prime_3": -1.6053815847053937e-07,
    "f4": 7.050398758392407e-43,
    "g4": 3.5119826046704828e-43,
    "h4": 1.749407691419744e-43,
    "t4": 8.71424381979723e-44,
    "beta_4": 0.4981253862400281,
    "alpha_4": 0.4981253862400353,
    "epsilon_4": -4.773959005888174e-15,
    "gamma_4": 0.49812538624002073,
    "epsilon_prime_4": -4.921988742504861e-15,
    "f5": 2.7879586842472104e-126,
    "g5": 1.3887529964118923e-126,
    "h5": 6.917731227296751e-127,
    "t5": 3.445897539501923e-127,
    "beta_5": 0.49812538624003166,
    "alpha_5": 0.4981253862400317,
    "epsilon_5": -3.700743415417189e-17,
    "gamma_5": 0.4981253862400318,
    "epsilon_prime_5": 7.401486830834378e-17
}