{
    "f1": 0.0011881460558267824,
    "g1": 0.0016742182814838003,
    "h1": 0.001531909727557677,
    "t1": 0.0015973759552310822,
    "alpha_1": 1.409101409101409,
    "epsilon_1": 0.0,
    "beta_1": 0.9149999999999998,
    "gamma_1": 1.0427350427350428,
    "epsilon_prime_1": -0.08166666666666683,
    "f2": 7.998883781388052e-08,
    "g2": 8.982952413340388e-08,
    "h2": 1.0016848301839689e-07,
    "t2": 1.1102088261613112e-07,
    "alpha_2": 1.1230257444472544,
    "epsilon_2": 0.0,
    "beta_2": 1.1150953317935743,
    "gamma_2": 1.1083414590170153,
    "epsilon_prime_2": 0.004318049807963973,
    "f3": 1.746030152079706e-20,
    "g3": 1.951507785377747e-20,
    "h3": 2.181154806050241e-20,
    "t3": 2.4378127652017218e-20,
    "alpha_3": 1.117682751957803,
    "epsilon_3": 0.0,
    "beta_3": 1.1176767125364258,
    "gamma_3": 1.117670675386976,
    "epsilon_prime_3": 3.859816861276663e-06,
    "f4": 1.8027040294659367e-58,
    "g4": 2.0148436789106523e-58,
    "h4": 2.2519476209495974e-58,
    "t4": 2.516953618071613e-58,
    "alpha_4": 1.1176785794990227,
    "epsilon_4": 0.0,
    "beta_4": 1.117678579495129,
    "gamma_4": 1.1176785794912354,
    "epsilon_prime_4": 2.489320225361583e-12,
    "f5": 1.9839922890417313e-172,
    "g5": 2.217465683347839e-172,
    "h5": 2.4784138950460768e-172,
    "t5": 2.7700701216190715e-172,
    "alpha_5": 1.1176785794963322,
    "epsilon_5": 0.0,
    "beta_5": 1.1176785794963324,
    "gamma_5": 1.1176785794963324,
    "epsilon_prime_5": 0.0
}