{
    "f0": 0.059319000000000004,
    "g0": 0.092781,
    "h0": 0,
    "t0": 0,
    "f1": 0.00836066888839892,
    "g1": 0.0047650828011462,
    "h1": 0.0021080125310836413,
    "t1": 0.0007986879776155411,
    "beta_1": 0.4423873873873874,
    "alpha_1": 0.5699403797414013,
    "epsilon_1": -0.08155027380010725,
    "gamma_1": 0.37888198757763975,
    "epsilon_prime_1": -0.04060181299311737,
    "f2": 5.453790117445231e-06,
    "g2": 2.7688084238581403e-06,
    "h2": 1.4014254602929515e-06,
    "t2": 7.07231627600688e-07,
    "beta_2": 0.5061474994864987,
    "alpha_2": 0.507685181173631,
    "epsilon_2": -0.0009831079639042628,
    "gamma_2": 0.5046516191113365,
    "epsilon_prime_2": -0.0009563825349397926,
    "f3": 1.3271175108745555e-15,
    "g3": 6.727336711941399e-16,
    "h3": 3.410175274131222e-16,
    "t3": 1.7286616103657581e-16,
    "beta_3": 0.5069131247850237,
    "alpha_3": 0.5069134162436121,
    "epsilon_3": -1.8634237617423984e-07,
    "gamma_3": 0.5069128333311703,
    "epsilon_prime_3": -1.8633934888543772e-07,
    "f4": 1.9089495930766729e-44,
    "g4": 9.67671879564028e-45,
    "h4": 4.905257162866054e-45,
    "t4": 2.4865399462355817e-45,
    "beta_4": 0.5069132695140478,
    "alpha_4": 0.5069132695140587,
    "epsilon_4": -6.956184262487457e-15,
    "gamma_4": 0.5069132695140373,
    "epsilon_prime_4": -6.743239846288861e-15,
    "f5": 5.681324058864748e-131,
    "g5": 2.87993855384798e-131,
    "h5": 1.459879068330654e-131,
    "t5": 7.400320716226217e-132,
    "beta_5": 0.5069132695140532,
    "alpha_5": 0.5069132695140531,
    "epsilon_5": 7.098147206619854e-17,
    "gamma_5": 0.5069132695140532,
    "epsilon_prime_5": 0.0
}