{
    "f0": 0.059319000000000004,
    "g0": 0.092781,
    "h0": 0,
    "t0": 0,
    "f1": 0.1565164875871961,
    "g1": 0.08182692381299775,
    "h1": 0.0005262672391217131,
    "t1": 0.0008231359381134486,
    "alpha_1": 1.564102564102564,
    "beta_1": 0.0,
    "gamma_1": 9999,
    "epsilon_1": -1.0,
    "epsilon_prime_1": 6392.803278688525,
    "f2": 0.4316532601367713,
    "g2": 0.11569889623086672,
    "h2": 0.00287766765114486,
    "t2": 0.001136218018018288,
    "alpha_2": 0.5228006651210567,
    "beta_2": 0.00643146796431468,
    "gamma_2": 1.564102564102564,
    "epsilon_2": -0.330137683428081,
    "epsilon_prime_2": 0.9958880778588808,
    "f3": 3.0426863476548562,
    "g3": 0.3919637711648024,
    "h3": 0.02577853559874024,
    "t3": 0.0036414150224469604,
    "alpha_3": 0.2680366556115133,
    "beta_3": 0.024872040658043385,
    "gamma_3": 0.39483990361647625,
    "epsilon_3": -0.1554659013636939,
    "epsilon_prime_3": 0.23653683041604726,
    "f4": 309.2640348986762,
    "g4": 29.490680540982222,
    "h4": 2.7544257234957814,
    "t4": 0.2634046597559618,
    "alpha_4": 0.12882161563149866,
    "beta_4": 0.06576764868379015,
    "gamma_4": 0.14125763693981558,
    "epsilon_4": -0.04031319198296118,
    "epsilon_prime_4": 0.04826409085221298,
    "f5": 206302292.76249188,
    "g5": 19482564.073821202,
    "h5": 1839873.2218350999,
    "t5": 173752.07319726434,
    "alpha_5": 0.09535761424908079,
    "beta_5": 0.09339986982219849,
    "gamma_5": 0.095629610742112,
    "epsilon_5": -0.0012516726663673752,
    "epsilon_prime_5": 0.0014255720635512634,
    "f6": 6.040865015730386e+25,
    "g6": 5.704808392472531e+24,
    "h6": 5.3874467828826524e+23,
    "t6": 5.087740173130169e+22,
    "alpha_6": 0.09443697310844117,
    "beta_6": 0.09443691368670229,
    "gamma_6": 0.0944369813828602,
    "epsilon_6": -3.7990947806370316e-08,
    "epsilon_prime_6": 4.3281150142674e-08,
    "f7": 1.5166458563949718e+78,
    "g7": 1.4322740182805777e+77,
    "h7": 1.3525958316450613e+76,
    "t7": 1.2773501860907167e+75,
    "alpha_7": 0.09443694533178999,
    "beta_7": 0.09443694533179,
    "gamma_7": 0.09443694533178998,
    "epsilon_7": 8.872684008274817e-18,
    "epsilon_prime_7": -1.7745368016549634e-17,
    "f8": 2.4001552671456362e+235,
    "g8": 2.2666333175124022e+234,
    "h8": 2.140539266931326e+233,
    "t8": 2.0214598973174346e+232,
    "alpha_8": 0.09443694533178999,
    "beta_8": 0.09443694533179002,
    "gamma_8": 0.09443694533178999,
    "epsilon_8": 1.7745368016549634e-17,
    "epsilon_prime_8": -1.7745368016549634e-17,
    "f9": Infinity,
    "g9": Infinity,
    "h9": Infinity,
    "t9": Infinity,
    "alpha_9": 0.09443694533178998,
    "beta_9": 0.09443694533179003,
    "gamma_9": 0.09443694533178999,
    "epsilon_9": 3.549073603309927e-17,
    "epsilon_prime_9": -2.6618052024824452e-17,
    "f10": Infinity,
    "g10": Infinity,
    "h10": Infinity,
    "t10": Infinity,
    "alpha_10": NaN,
    "beta_10": NaN,
    "gamma_10": NaN,
    "epsilon_10": NaN,
    "epsilon_prime_10": NaN,
    "f11": Infinity,
    "g11": Infinity,
    "h11": Infinity,
    "t11": Infinity,
    "alpha_11": NaN,
    "beta_11": NaN,
    "gamma_11": NaN,
    "epsilon_11": NaN,
    "epsilon_prime_11": NaN,
    "f12": Infinity,
    "g12": Infinity,
    "h12": Infinity,
    "t12": Infinity,
    "alpha_12": NaN,
    "beta_12": NaN,
    "gamma_12": NaN,
    "epsilon_12": NaN,
    "epsilon_prime_12": NaN,
    "f13": Infinity,
    "g13": Infinity,
    "h13": Infinity,
    "t13": Infinity,
    "alpha_13": NaN,
    "beta_13": NaN,
    "gamma_13": NaN,
    "epsilon_13": NaN,
    "epsilon_prime_13": NaN,
    "f14": Infinity,
    "g14": Infinity,
    "h14": Infinity,
    "t14": Infinity,
    "alpha_14": NaN,
    "beta_14": NaN,
    "gamma_14": NaN,
    "epsilon_14": NaN,
    "epsilon_prime_14": NaN,
    "f15": Infinity,
    "g15": Infinity,
    "h15": Infinity,
    "t15": Infinity,
    "alpha_15": NaN,
    "beta_15": NaN,
    "gamma_15": NaN,
    "epsilon_15": NaN,
    "epsilon_prime_15": NaN,
    "f16": Infinity,
    "g16": Infinity,
    "h16": Infinity,
    "t16": Infinity,
    "alpha_16": NaN,
    "beta_16": NaN,
    "gamma_16": NaN,
    "epsilon_16": NaN,
    "epsilon_prime_16": NaN,
    "f17": Infinity,
    "g17": Infinity,
    "h17": Infinity,
    "t17": Infinity,
    "alpha_17": NaN,
    "beta_17": NaN,
    "gamma_17": NaN,
    "epsilon_17": NaN,
    "epsilon_prime_17": NaN,
    "f18": Infinity,
    "g18": Infinity,
    "h18": Infinity,
    "t18": Infinity,
    "alpha_18": NaN,
    "beta_18": NaN,
    "gamma_18": NaN,
    "epsilon_18": NaN,
    "epsilon_prime_18": NaN,
    "f19": Infinity,
    "g19": Infinity,
    "h19": Infinity,
    "t19": Infinity,
    "alpha_19": NaN,
    "beta_19": NaN,
    "gamma_19": NaN,
    "epsilon_19": NaN,
    "epsilon_prime_19": NaN,
    "f20": Infinity,
    "g20": Infinity,
    "h20": Infinity,
    "t20": Infinity,
    "alpha_20": NaN,
    "beta_20": NaN,
    "gamma_20": NaN,
    "epsilon_20": NaN,
    "epsilon_prime_20": NaN
}