{
    "f0": 0.059319000000000004,
    "g0": 0.092781,
    "h0": 0,
    "t0": 0,
    "f1": 0.00836066888839892,
    "g1": 0.0047650828011462,
    "h1": 0.0021080125310836413,
    "t1": 0.0007986879776155411,
    "alpha_1": 1.564102564102564,
    "beta_1": 0.0,
    "gamma_1": 9999,
    "epsilon_1": -1.0,
    "epsilon_prime_1": 6392.803278688525,
    "f2": 5.453790117445231e-06,
    "g2": 2.7688084238581403e-06,
    "h2": 1.4014254602929515e-06,
    "t2": 7.07231627600688e-07,
    "alpha_2": 0.5699403797414013,
    "beta_2": 0.4423873873873874,
    "gamma_2": 0.37888198757763975,
    "epsilon_2": -0.08155027380010725,
    "epsilon_prime_2": -0.04060181299311737,
    "f3": 1.3271175108745555e-15,
    "g3": 6.727336711941399e-16,
    "h3": 3.410175274131222e-16,
    "t3": 1.7286616103657581e-16,
    "alpha_3": 0.507685181173631,
    "beta_3": 0.5061474994864987,
    "gamma_3": 0.5046516191113365,
    "epsilon_3": -0.0009831079639042628,
    "epsilon_prime_3": -0.0009563825349397926,
    "f4": 1.9089495930766729e-44,
    "g4": 9.67671879564028e-45,
    "h4": 4.905257162866054e-45,
    "t4": 2.4865399462355817e-45,
    "alpha_4": 0.5069134162436121,
    "beta_4": 0.5069131247850237,
    "gamma_4": 0.5069128333311703,
    "epsilon_4": -1.8634237617423984e-07,
    "epsilon_prime_4": -1.8633934888543772e-07,
    "f5": 5.681324058864748e-131,
    "g5": 2.87993855384798e-131,
    "h5": 1.459879068330654e-131,
    "t5": 7.400320716226217e-132,
    "alpha_5": 0.5069132695140587,
    "beta_5": 0.5069132695140478,
    "gamma_5": 0.5069132695140373,
    "epsilon_5": -6.956184262487457e-15,
    "epsilon_prime_5": -6.743239846288861e-15,
    "f6": 0.0,
    "g6": 0.0,
    "h6": 0.0,
    "t6": 0.0,
    "alpha_6": 0.5069132695140531,
    "beta_6": 0.5069132695140532,
    "gamma_6": 0.5069132695140532,
    "epsilon_6": 7.098147206619854e-17,
    "epsilon_prime_6": 0.0,
    "f7": 0.0,
    "g7": 0.0,
    "h7": 0.0,
    "t7": 0.0,
    "alpha_7": NaN,
    "beta_7": NaN,
    "gamma_7": NaN,
    "epsilon_7": NaN,
    "epsilon_prime_7": NaN,
    "f8": 0.0,
    "g8": 0.0,
    "h8": 0.0,
    "t8": 0.0,
    "alpha_8": NaN,
    "beta_8": NaN,
    "gamma_8": NaN,
    "epsilon_8": NaN,
    "epsilon_prime_8": NaN,
    "f9": 0.0,
    "g9": 0.0,
    "h9": 0.0,
    "t9": 0.0,
    "alpha_9": NaN,
    "beta_9": NaN,
    "gamma_9": NaN,
    "epsilon_9": NaN,
    "epsilon_prime_9": NaN,
    "f10": 0.0,
    "g10": 0.0,
    "h10": 0.0,
    "t10": 0.0,
    "alpha_10": NaN,
    "beta_10": NaN,
    "gamma_10": NaN,
    "epsilon_10": NaN,
    "epsilon_prime_10": NaN,
    "f11": 0.0,
    "g11": 0.0,
    "h11": 0.0,
    "t11": 0.0,
    "alpha_11": NaN,
    "beta_11": NaN,
    "gamma_11": NaN,
    "epsilon_11": NaN,
    "epsilon_prime_11": NaN,
    "f12": 0.0,
    "g12": 0.0,
    "h12": 0.0,
    "t12": 0.0,
    "alpha_12": NaN,
    "beta_12": NaN,
    "gamma_12": NaN,
    "epsilon_12": NaN,
    "epsilon_prime_12": NaN,
    "f13": 0.0,
    "g13": 0.0,
    "h13": 0.0,
    "t13": 0.0,
    "alpha_13": NaN,
    "beta_13": NaN,
    "gamma_13": NaN,
    "epsilon_13": NaN,
    "epsilon_prime_13": NaN,
    "f14": 0.0,
    "g14": 0.0,
    "h14": 0.0,
    "t14": 0.0,
    "alpha_14": NaN,
    "beta_14": NaN,
    "gamma_14": NaN,
    "epsilon_14": NaN,
    "epsilon_prime_14": NaN,
    "f15": 0.0,
    "g15": 0.0,
    "h15": 0.0,
    "t15": 0.0,
    "alpha_15": NaN,
    "beta_15": NaN,
    "gamma_15": NaN,
    "epsilon_15": NaN,
    "epsilon_prime_15": NaN,
    "f16": 0.0,
    "g16": 0.0,
    "h16": 0.0,
    "t16": 0.0,
    "alpha_16": NaN,
    "beta_16": NaN,
    "gamma_16": NaN,
    "epsilon_16": NaN,
    "epsilon_prime_16": NaN,
    "f17": 0.0,
    "g17": 0.0,
    "h17": 0.0,
    "t17": 0.0,
    "alpha_17": NaN,
    "beta_17": NaN,
    "gamma_17": NaN,
    "epsilon_17": NaN,
    "epsilon_prime_17": NaN,
    "f18": 0.0,
    "g18": 0.0,
    "h18": 0.0,
    "t18": 0.0,
    "alpha_18": NaN,
    "beta_18": NaN,
    "gamma_18": NaN,
    "epsilon_18": NaN,
    "epsilon_prime_18": NaN,
    "f19": 0.0,
    "g19": 0.0,
    "h19": 0.0,
    "t19": 0.0,
    "alpha_19": NaN,
    "beta_19": NaN,
    "gamma_19": NaN,
    "epsilon_19": NaN,
    "epsilon_prime_19": NaN,
    "f20": 0.0,
    "g20": 0.0,
    "h20": 0.0,
    "t20": 0.0,
    "alpha_20": NaN,
    "beta_20": NaN,
    "gamma_20": NaN,
    "epsilon_20": NaN,
    "epsilon_prime_20": NaN
}