{
    "f0": 0.054872000000000004,
    "g0": 0.089528,
    "h0": 0,
    "t0": 0,
    "f1": 0.007176097165188095,
    "g1": 0.004181588450099199,
    "h1": 0.0018749943925355519,
    "t1": 0.0007175904465259519,
    "alpha_1": 1.6315789473684208,
    "beta_1": 0.0,
    "gamma_1": 9999,
    "epsilon_1": -0.9999999999999999,
    "epsilon_prime_1": 6128.41935483871,
    "f2": 3.5643585691807544e-06,
    "g2": 1.8414462843726988e-06,
    "h2": 9.482291897452579e-07,
    "t2": 4.867221038833449e-07,
    "alpha_2": 0.5827106787773817,
    "beta_2": 0.4483928571428572,
    "gamma_2": 0.38271604938271603,
    "epsilon_2": -0.08232382616309566,
    "epsilon_prime_2": -0.040253527336860724,
    "f3": 3.8040359077023814e-16,
    "g3": 1.962015692305379e-16,
    "h3": 1.0119523170981776e-16,
    "t3": 5.219360872655908e-17,
    "alpha_3": 0.5166276760971171,
    "beta_3": 0.5149371978929479,
    "gamma_3": 0.5132958457164801,
    "epsilon_3": -0.0010360995444908198,
    "epsilon_prime_3": -0.0010059900436415364,
    "f4": 4.6154348807291056e-46,
    "g4": 2.3805118422115555e-46,
    "h4": 1.2278012315957733e-46,
    "t4": 6.332654337512349e-47,
    "alpha_4": 0.515772127264284,
    "beta_4": 0.5157717754587009,
    "gamma_4": 0.51577142365983,
    "epsilon_4": -2.15622776744695e-07,
    "epsilon_prime_4": -2.1561866282402135e-07,
    "f5": 8.243592518200638e-136,
    "g5": 4.251813776829387e-136,
    "h5": 2.1929662768899332e-136,
    "t5": 1.1310704899128214e-136,
    "alpha_5": 0.5157719486306571,
    "beta_5": 0.515771948630642,
    "gamma_5": 0.5157719486306264,
    "epsilon_5": -9.254246114940015e-15,
    "epsilon_prime_5": -9.594475751518692e-15,
    "f6": 0.0,
    "g6": 0.0,
    "h6": 0.0,
    "t6": 0.0,
    "alpha_6": 0.5157719486306496,
    "beta_6": 0.5157719486306492,
    "gamma_6": 0.5157719486306496,
    "epsilon_6": -2.0413778194720622e-16,
    "epsilon_prime_6": 2.0413778194720622e-16,
    "f7": 0.0,
    "g7": 0.0,
    "h7": 0.0,
    "t7": 0.0,
    "alpha_7": NaN,
    "beta_7": NaN,
    "gamma_7": NaN,
    "epsilon_7": NaN,
    "epsilon_prime_7": NaN,
    "f8": 0.0,
    "g8": 0.0,
    "h8": 0.0,
    "t8": 0.0,
    "alpha_8": NaN,
    "beta_8": NaN,
    "gamma_8": NaN,
    "epsilon_8": NaN,
    "epsilon_prime_8": NaN,
    "f9": 0.0,
    "g9": 0.0,
    "h9": 0.0,
    "t9": 0.0,
    "alpha_9": NaN,
    "beta_9": NaN,
    "gamma_9": NaN,
    "epsilon_9": NaN,
    "epsilon_prime_9": NaN,
    "f10": 0.0,
    "g10": 0.0,
    "h10": 0.0,
    "t10": 0.0,
    "alpha_10": NaN,
    "beta_10": NaN,
    "gamma_10": NaN,
    "epsilon_10": NaN,
    "epsilon_prime_10": NaN,
    "f11": 0.0,
    "g11": 0.0,
    "h11": 0.0,
    "t11": 0.0,
    "alpha_11": NaN,
    "beta_11": NaN,
    "gamma_11": NaN,
    "epsilon_11": NaN,
    "epsilon_prime_11": NaN,
    "f12": 0.0,
    "g12": 0.0,
    "h12": 0.0,
    "t12": 0.0,
    "alpha_12": NaN,
    "beta_12": NaN,
    "gamma_12": NaN,
    "epsilon_12": NaN,
    "epsilon_prime_12": NaN,
    "f13": 0.0,
    "g13": 0.0,
    "h13": 0.0,
    "t13": 0.0,
    "alpha_13": NaN,
    "beta_13": NaN,
    "gamma_13": NaN,
    "epsilon_13": NaN,
    "epsilon_prime_13": NaN,
    "f14": 0.0,
    "g14": 0.0,
    "h14": 0.0,
    "t14": 0.0,
    "alpha_14": NaN,
    "beta_14": NaN,
    "gamma_14": NaN,
    "epsilon_14": NaN,
    "epsilon_prime_14": NaN,
    "f15": 0.0,
    "g15": 0.0,
    "h15": 0.0,
    "t15": 0.0,
    "alpha_15": NaN,
    "beta_15": NaN,
    "gamma_15": NaN,
    "epsilon_15": NaN,
    "epsilon_prime_15": NaN,
    "f16": 0.0,
    "g16": 0.0,
    "h16": 0.0,
    "t16": 0.0,
    "alpha_16": NaN,
    "beta_16": NaN,
    "gamma_16": NaN,
    "epsilon_16": NaN,
    "epsilon_prime_16": NaN,
    "f17": 0.0,
    "g17": 0.0,
    "h17": 0.0,
    "t17": 0.0,
    "alpha_17": NaN,
    "beta_17": NaN,
    "gamma_17": NaN,
    "epsilon_17": NaN,
    "epsilon_prime_17": NaN,
    "f18": 0.0,
    "g18": 0.0,
    "h18": 0.0,
    "t18": 0.0,
    "alpha_18": NaN,
    "beta_18": NaN,
    "gamma_18": NaN,
    "epsilon_18": NaN,
    "epsilon_prime_18": NaN,
    "f19": 0.0,
    "g19": 0.0,
    "h19": 0.0,
    "t19": 0.0,
    "alpha_19": NaN,
    "beta_19": NaN,
    "gamma_19": NaN,
    "epsilon_19": NaN,
    "epsilon_prime_19": NaN,
    "f20": 0.0,
    "g20": 0.0,
    "h20": 0.0,
    "t20": 0.0,
    "alpha_20": NaN,
    "beta_20": NaN,
    "gamma_20": NaN,
    "epsilon_20": NaN,
    "epsilon_prime_20": NaN
}