{
    "f1": 0.0009739054390231041,
    "g1": 0.0014187532241408001,
    "h1": 0.0013194404984509442,
    "t1": 0.001435180893051904,
    "alpha_1": 1.4567669172932332,
    "epsilon_1": 0.0,
    "beta_1": 0.93,
    "gamma_1": 1.0877192982456139,
    "epsilon_prime_1": -0.09666666666666654,
    "f2": 4.704543570087719e-08,
    "g2": 5.418384997053486e-08,
    "h2": 6.195363840633569e-08,
    "t2": 7.04004745026082e-08,
    "alpha_2": 1.1517344703755092,
    "epsilon_2": 0.0,
    "beta_2": 1.1433967582596296,
    "gamma_2": 1.136341243445174,
    "epsilon_prime_2": 0.004324347789505011,
    "f3": 3.7438218828547775e-21,
    "g3": 4.290720408795274e-21,
    "h3": 4.917481791932946e-21,
    "t3": 5.635764186346294e-21,
    "alpha_3": 1.1460802738626736,
    "epsilon_3": 0.0,
    "beta_3": 1.1460736947233647,
    "gamma_3": 1.1460671182538347,
    "epsilon_prime_3": 4.030739389392751e-06,
    "f4": 1.8723526399064346e-60,
    "g4": 2.1458578502118588e-60,
    "h4": 2.4593155237720506e-60,
    "t4": 2.8185617443601457e-60,
    "alpha_4": 1.1460756934757181,
    "epsilon_4": 0.0,
    "beta_4": 1.1460756934711422,
    "gamma_4": 1.1460756934665668,
    "epsilon_prime_4": 2.8043087565360874e-12,
    "f5": 2.342083287812356e-178,
    "g5": 2.6842047282499744e-178,
    "h5": 3.0763017953513393e-178,
    "t5": 3.525674713438082e-178,
    "alpha_5": 1.1460756934725322,
    "epsilon_5": 0.0,
    "beta_5": 1.1460756934725322,
    "gamma_5": 1.1460756934725322,
    "epsilon_prime_5": 0.0
}