{
    "f0": 0.054872000000000004,
    "g0": 0.089528,
    "h0": 0,
    "t0": 0,
    "f1": 0.007176097165188095,
    "g1": 0.004181588450099199,
    "h1": 0.0018749943925355519,
    "t1": 0.0007175904465259519,
    "beta_1": 0.4483928571428572,
    "alpha_1": 0.5827106787773817,
    "epsilon_1": -0.08232382616309566,
    "gamma_1": 0.38271604938271603,
    "epsilon_prime_1": -0.040253527336860724,
    "f2": 3.5643585691807544e-06,
    "g2": 1.8414462843726988e-06,
    "h2": 9.482291897452579e-07,
    "t2": 4.867221038833449e-07,
    "beta_2": 0.5149371978929479,
    "alpha_2": 0.5166276760971171,
    "epsilon_2": -0.0010360995444908198,
    "gamma_2": 0.5132958457164801,
    "epsilon_prime_2": -0.0010059900436415364,
    "f3": 3.8040359077023814e-16,
    "g3": 1.962015692305379e-16,
    "h3": 1.0119523170981776e-16,
    "t3": 5.219360872655908e-17,
    "beta_3": 0.5157717754587009,
    "alpha_3": 0.515772127264284,
    "epsilon_3": -2.15622776744695e-07,
    "gamma_3": 0.51577142365983,
    "epsilon_prime_3": -2.1561866282402135e-07,
    "f4": 4.6154348807291056e-46,
    "g4": 2.3805118422115555e-46,
    "h4": 1.2278012315957733e-46,
    "t4": 6.332654337512349e-47,
    "beta_4": 0.515771948630642,
    "alpha_4": 0.5157719486306571,
    "epsilon_4": -9.254246114940015e-15,
    "gamma_4": 0.5157719486306264,
    "epsilon_prime_4": -9.594475751518692e-15,
    "f5": 8.243592518200638e-136,
    "g5": 4.251813776829387e-136,
    "h5": 2.1929662768899332e-136,
    "t5": 1.1310704899128214e-136,
    "beta_5": 0.5157719486306492,
    "alpha_5": 0.5157719486306496,
    "epsilon_5": -2.0413778194720622e-16,
    "gamma_5": 0.5157719486306496,
    "epsilon_prime_5": 2.0413778194720622e-16
}