{
    "f0": 0.054872000000000004,
    "g0": 0.089528,
    "h0": 0,
    "t0": 0,
    "f1": 0.13479332190170895,
    "g1": 0.07349385840720848,
    "h1": 0.0004532762576109508,
    "t1": 0.0007395559992599723,
    "alpha_1": 1.6315789473684208,
    "beta_1": 0.0,
    "gamma_1": 9999,
    "epsilon_1": -0.9999999999999999,
    "epsilon_prime_1": 6128.41935483871,
    "f2": 0.2996626369477412,
    "g2": 0.083601578980327,
    "h2": 0.0019993510491399438,
    "t2": 0.0008228385502731777,
    "alpha_2": 0.5452336760481359,
    "beta_2": 0.006167539267015708,
    "gamma_2": 1.631578947368421,
    "epsilon_2": -0.33039537415617043,
    "epsilon_prime_2": 0.9962198952879581,
    "f3": 1.1002570946380554,
    "g3": 0.14570694177673163,
    "h3": 0.009345199842966638,
    "t3": 0.001361275465557114,
    "alpha_3": 0.27898566144869924,
    "beta_3": 0.023915230711257597,
    "gamma_3": 0.4115528139128625,
    "epsilon_3": -0.15633348980681905,
    "epsilon_prime_3": 0.23758432518808043,
    "f4": 15.351061619826808,
    "g4": 1.4710098961521716,
    "h4": 0.13737189004979236,
    "t4": 0.013208214718759995,
    "alpha_4": 0.13242990432582843,
    "beta_4": 0.06413695688765736,
    "gamma_4": 0.14566574160333595,
    "epsilon_4": -0.0418569677846855,
    "epsilon_prime_4": 0.04996925514831914,
    "f5": 25496.01198719786,
    "g5": 2413.7895768322883,
    "h5": 228.52095934404593,
    "t5": 21.6348187286383,
    "alpha_5": 0.09582463627481469,
    "beta_5": 0.09338610869248812,
    "gamma_5": 0.09614932657600106,
    "epsilon_5": -0.0014945814214259634,
    "epsilon_prime_5": 0.001693585154411158,
    "f6": 114831352211167.58,
    "g6": 10871447855922.846,
    "h6": 1029234405136.2256,
    "t6": 97440881357.76622,
    "alpha_6": 0.09467322097449232,
    "beta_6": 0.09467310719103487,
    "gamma_6": 0.09467323606000778,
    "epsilon_6": -6.973824811312165e-08,
    "epsilon_prime_6": 7.898420920261817e-08,
    "f7": 1.0491191332407498e+43,
    "g7": 9.932343155468459e+41,
    "h7": 9.403263884173471e+40,
    "t7": 8.90236777881752e+39,
    "alpha_7": 0.09467316762003239,
    "beta_7": 0.09467316762003242,
    "gamma_7": 0.0946731676200324,
    "epsilon_7": 1.701148182893385e-17,
    "epsilon_prime_7": -8.505740914466925e-18,
    "f8": 8.000512226373432e+129,
    "g8": 7.574338350535706e+128,
    "h8": 7.170866042711067e+127,
    "t8": 6.788886028423834e+126,
    "alpha_8": 0.09467316762003239,
    "beta_8": 0.09467316762003242,
    "gamma_8": 0.0946731676200324,
    "epsilon_8": 1.701148182893385e-17,
    "epsilon_prime_8": -8.505740914466925e-18,
    "f9": Infinity,
    "g9": Infinity,
    "h9": Infinity,
    "t9": Infinity,
    "alpha_9": 0.0946731676200324,
    "beta_9": 0.09467316762003242,
    "gamma_9": 0.09467316762003242,
    "epsilon_9": 8.505740914466925e-18,
    "epsilon_prime_9": 0.0,
    "f10": Infinity,
    "g10": Infinity,
    "h10": Infinity,
    "t10": Infinity,
    "alpha_10": NaN,
    "beta_10": NaN,
    "gamma_10": NaN,
    "epsilon_10": NaN,
    "epsilon_prime_10": NaN,
    "f11": Infinity,
    "g11": Infinity,
    "h11": Infinity,
    "t11": Infinity,
    "alpha_11": NaN,
    "beta_11": NaN,
    "gamma_11": NaN,
    "epsilon_11": NaN,
    "epsilon_prime_11": NaN,
    "f12": Infinity,
    "g12": Infinity,
    "h12": Infinity,
    "t12": Infinity,
    "alpha_12": NaN,
    "beta_12": NaN,
    "gamma_12": NaN,
    "epsilon_12": NaN,
    "epsilon_prime_12": NaN,
    "f13": Infinity,
    "g13": Infinity,
    "h13": Infinity,
    "t13": Infinity,
    "alpha_13": NaN,
    "beta_13": NaN,
    "gamma_13": NaN,
    "epsilon_13": NaN,
    "epsilon_prime_13": NaN,
    "f14": Infinity,
    "g14": Infinity,
    "h14": Infinity,
    "t14": Infinity,
    "alpha_14": NaN,
    "beta_14": NaN,
    "gamma_14": NaN,
    "epsilon_14": NaN,
    "epsilon_prime_14": NaN,
    "f15": Infinity,
    "g15": Infinity,
    "h15": Infinity,
    "t15": Infinity,
    "alpha_15": NaN,
    "beta_15": NaN,
    "gamma_15": NaN,
    "epsilon_15": NaN,
    "epsilon_prime_15": NaN,
    "f16": Infinity,
    "g16": Infinity,
    "h16": Infinity,
    "t16": Infinity,
    "alpha_16": NaN,
    "beta_16": NaN,
    "gamma_16": NaN,
    "epsilon_16": NaN,
    "epsilon_prime_16": NaN,
    "f17": Infinity,
    "g17": Infinity,
    "h17": Infinity,
    "t17": Infinity,
    "alpha_17": NaN,
    "beta_17": NaN,
    "gamma_17": NaN,
    "epsilon_17": NaN,
    "epsilon_prime_17": NaN,
    "f18": Infinity,
    "g18": Infinity,
    "h18": Infinity,
    "t18": Infinity,
    "alpha_18": NaN,
    "beta_18": NaN,
    "gamma_18": NaN,
    "epsilon_18": NaN,
    "epsilon_prime_18": NaN,
    "f19": Infinity,
    "g19": Infinity,
    "h19": Infinity,
    "t19": Infinity,
    "alpha_19": NaN,
    "beta_19": NaN,
    "gamma_19": NaN,
    "epsilon_19": NaN,
    "epsilon_prime_19": NaN,
    "f20": Infinity,
    "g20": Infinity,
    "h20": Infinity,
    "t20": Infinity,
    "alpha_20": NaN,
    "beta_20": NaN,
    "gamma_20": NaN,
    "epsilon_20": NaN,
    "epsilon_prime_20": NaN
}