{
    "f0": 0.050653,
    "g0": 0.08624699999999999,
    "h0": 0,
    "t0": 0,
    "f1": 0.0061318449392275525,
    "g1": 0.0036530812611341983,
    "h1": 0.0016598890031233222,
    "t1": 0.0006415521913912227,
    "beta_1": 0.4543805309734513,
    "alpha_1": 0.5957556489669467,
    "epsilon_1": -0.083029831202529,
    "gamma_1": 0.38650306748466257,
    "epsilon_prime_1": -0.03986454204897118,
    "f2": 2.2989687045900354e-06,
    "g2": 1.2084570276980975e-06,
    "h2": 6.329844108761096e-07,
    "t2": 3.3041590031788836e-07,
    "beta_2": 0.5237955478498362,
    "alpha_2": 0.5256517956444283,
    "epsilon_2": -0.001090177276189039,
    "gamma_2": 0.5219969001457111,
    "epsilon_prime_2": -0.0010563486516290141,
    "f3": 1.0480615146468559e-16,
    "g3": 5.499227509658131e-17,
    "h3": 2.885467920443853e-17,
    "t3": 1.5140159930898758e-17,
    "beta_3": 0.5247042271621224,
    "alpha_3": 0.5247046507104208,
    "epsilon_3": -2.487505879690742e-07,
    "gamma_3": 0.5247038036232905,
    "epsilon_prime_3": -2.487450282558905e-07,
    "f4": 9.909377224974189e-48,
    "g4": 5.1994941664502805e-48,
    "h4": 2.7281976428160207e-48,
    "t4": 1.4314973995533857e-48,
    "beta_4": 0.5247044338312191,
    "alpha_4": 0.5247044338312414,
    "epsilon_4": -1.3105918466884586e-14,
    "gamma_4": 0.5247044338311967,
    "epsilon_prime_4": -1.3171122041346698e-14,
    "f5": 8.375773350757006e-141,
    "g5": 4.394805413907659e-141,
    "h5": 2.3059738865028423e-141,
    "t5": 1.209954722547075e-141,
    "beta_5": 0.52470443383123,
    "alpha_5": 0.52470443383123,
    "epsilon_5": 0.0,
    "gamma_5": 0.5247044338312301,
    "epsilon_prime_5": 6.520357446211237e-17
}