{
    "f1": 0.000793820356586146,
    "g1": 0.0011961416518758,
    "h1": 0.001130353861022631,
    "t1": 0.001283104382782446,
    "alpha_1": 1.5068165510643388,
    "epsilon_1": 0.0,
    "beta_1": 0.945,
    "gamma_1": 1.135135135135135,
    "epsilon_prime_1": -0.11166666666666668,
    "f2": 2.7244008213363465e-08,
    "g2": 3.218469037960066e-08,
    "h2": 3.773950227573552e-08,
    "t2": 4.397469091178499e-08,
    "alpha_2": 1.1813493127569143,
    "epsilon_2": 0.0,
    "beta_2": 1.1725917456597816,
    "gamma_2": 1.16521650419482,
    "epsilon_prime_2": 0.004331491019104498,
    "f3": 7.668018747159054e-22,
    "g3": 9.01276423657624e-22,
    "h3": 1.0593274114647784e-21,
    "t3": 1.2450871943952616e-21,
    "alpha_3": 1.1753706575007272,
    "epsilon_3": 0.0,
    "beta_3": 1.175363499652793,
    "gamma_3": 1.1753563449034374,
    "epsilon_prime_3": 4.201995653313738e-06,
    "f4": 1.6961772090490338e-62,
    "g4": 1.9936284044821926e-62,
    "h4": 2.3432423180408287e-62,
    "t4": 2.754166497973044e-62,
    "alpha_4": 1.1753656362355709,
    "epsilon_4": 0.0,
    "beta_4": 1.175365636230209,
    "gamma_4": 1.175365636224847,
    "epsilon_prime_4": 3.1490718322221792e-12,
    "f5": 1.8358300197230918e-184,
    "g5": 2.157771519145287e-184,
    "h5": 2.5361704944430776e-184,
    "t5": 2.98092764679343e-184,
    "alpha_5": 1.1753656362318095,
    "epsilon_5": 0.0,
    "beta_5": 1.1753656362318092,
    "gamma_5": 1.1753656362318092,
    "epsilon_prime_5": 0.0
}