{
    "f0": 0.050653,
    "g0": 0.08624699999999999,
    "h0": 0,
    "t0": 0,
    "f1": 0.0061318449392275525,
    "g1": 0.0036530812611341983,
    "h1": 0.0016598890031233222,
    "t1": 0.0006415521913912227,
    "alpha_1": 1.7027027027027026,
    "beta_1": 0.0,
    "gamma_1": 9999,
    "epsilon_1": -1.0,
    "epsilon_prime_1": 5872.428571428572,
    "f2": 2.2989687045900354e-06,
    "g2": 1.2084570276980975e-06,
    "h2": 6.329844108761096e-07,
    "t2": 3.3041590031788836e-07,
    "alpha_2": 0.5957556489669467,
    "beta_2": 0.4543805309734513,
    "gamma_2": 0.38650306748466257,
    "epsilon_2": -0.083029831202529,
    "epsilon_prime_2": -0.03986454204897118,
    "f3": 1.0480615146468559e-16,
    "g3": 5.499227509658131e-17,
    "h3": 2.885467920443853e-17,
    "t3": 1.5140159930898758e-17,
    "alpha_3": 0.5256517956444283,
    "beta_3": 0.5237955478498362,
    "gamma_3": 0.5219969001457111,
    "epsilon_3": -0.001090177276189039,
    "epsilon_prime_3": -0.0010563486516290141,
    "f4": 9.909377224974189e-48,
    "g4": 5.1994941664502805e-48,
    "h4": 2.7281976428160207e-48,
    "t4": 1.4314973995533857e-48,
    "alpha_4": 0.5247046507104208,
    "beta_4": 0.5247042271621224,
    "gamma_4": 0.5247038036232905,
    "epsilon_4": -2.487505879690742e-07,
    "epsilon_prime_4": -2.487450282558905e-07,
    "f5": 8.375773350757006e-141,
    "g5": 4.394805413907659e-141,
    "h5": 2.3059738865028423e-141,
    "t5": 1.209954722547075e-141,
    "alpha_5": 0.5247044338312414,
    "beta_5": 0.5247044338312191,
    "gamma_5": 0.5247044338311967,
    "epsilon_5": -1.3105918466884586e-14,
    "epsilon_prime_5": -1.3171122041346698e-14,
    "f6": 0.0,
    "g6": 0.0,
    "h6": 0.0,
    "t6": 0.0,
    "alpha_6": 0.52470443383123,
    "beta_6": 0.52470443383123,
    "gamma_6": 0.5247044338312301,
    "epsilon_6": 0.0,
    "epsilon_prime_6": 6.520357446211237e-17,
    "f7": 0.0,
    "g7": 0.0,
    "h7": 0.0,
    "t7": 0.0,
    "alpha_7": NaN,
    "beta_7": NaN,
    "gamma_7": NaN,
    "epsilon_7": NaN,
    "epsilon_prime_7": NaN,
    "f8": 0.0,
    "g8": 0.0,
    "h8": 0.0,
    "t8": 0.0,
    "alpha_8": NaN,
    "beta_8": NaN,
    "gamma_8": NaN,
    "epsilon_8": NaN,
    "epsilon_prime_8": NaN,
    "f9": 0.0,
    "g9": 0.0,
    "h9": 0.0,
    "t9": 0.0,
    "alpha_9": NaN,
    "beta_9": NaN,
    "gamma_9": NaN,
    "epsilon_9": NaN,
    "epsilon_prime_9": NaN,
    "f10": 0.0,
    "g10": 0.0,
    "h10": 0.0,
    "t10": 0.0,
    "alpha_10": NaN,
    "beta_10": NaN,
    "gamma_10": NaN,
    "epsilon_10": NaN,
    "epsilon_prime_10": NaN,
    "f11": 0.0,
    "g11": 0.0,
    "h11": 0.0,
    "t11": 0.0,
    "alpha_11": NaN,
    "beta_11": NaN,
    "gamma_11": NaN,
    "epsilon_11": NaN,
    "epsilon_prime_11": NaN,
    "f12": 0.0,
    "g12": 0.0,
    "h12": 0.0,
    "t12": 0.0,
    "alpha_12": NaN,
    "beta_12": NaN,
    "gamma_12": NaN,
    "epsilon_12": NaN,
    "epsilon_prime_12": NaN,
    "f13": 0.0,
    "g13": 0.0,
    "h13": 0.0,
    "t13": 0.0,
    "alpha_13": NaN,
    "beta_13": NaN,
    "gamma_13": NaN,
    "epsilon_13": NaN,
    "epsilon_prime_13": NaN,
    "f14": 0.0,
    "g14": 0.0,
    "h14": 0.0,
    "t14": 0.0,
    "alpha_14": NaN,
    "beta_14": NaN,
    "gamma_14": NaN,
    "epsilon_14": NaN,
    "epsilon_prime_14": NaN,
    "f15": 0.0,
    "g15": 0.0,
    "h15": 0.0,
    "t15": 0.0,
    "alpha_15": NaN,
    "beta_15": NaN,
    "gamma_15": NaN,
    "epsilon_15": NaN,
    "epsilon_prime_15": NaN,
    "f16": 0.0,
    "g16": 0.0,
    "h16": 0.0,
    "t16": 0.0,
    "alpha_16": NaN,
    "beta_16": NaN,
    "gamma_16": NaN,
    "epsilon_16": NaN,
    "epsilon_prime_16": NaN,
    "f17": 0.0,
    "g17": 0.0,
    "h17": 0.0,
    "t17": 0.0,
    "alpha_17": NaN,
    "beta_17": NaN,
    "gamma_17": NaN,
    "epsilon_17": NaN,
    "epsilon_prime_17": NaN,
    "f18": 0.0,
    "g18": 0.0,
    "h18": 0.0,
    "t18": 0.0,
    "alpha_18": NaN,
    "beta_18": NaN,
    "gamma_18": NaN,
    "epsilon_18": NaN,
    "epsilon_prime_18": NaN,
    "f19": 0.0,
    "g19": 0.0,
    "h19": 0.0,
    "t19": 0.0,
    "alpha_19": NaN,
    "beta_19": NaN,
    "gamma_19": NaN,
    "epsilon_19": NaN,
    "epsilon_prime_19": NaN,
    "f20": 0.0,
    "g20": 0.0,
    "h20": 0.0,
    "t20": 0.0,
    "alpha_20": NaN,
    "beta_20": NaN,
    "gamma_20": NaN,
    "epsilon_20": NaN,
    "epsilon_prime_20": NaN
}