{
    "f0": 0.050653,
    "g0": 0.08624699999999999,
    "h0": 0,
    "t0": 0,
    "f1": 0.11546440219049539,
    "g1": 0.06568588976524563,
    "h1": 0.0003883180548891392,
    "t1": 0.0006611902015679937,
    "alpha_1": 1.7027027027027026,
    "beta_1": 0.0,
    "gamma_1": 9999,
    "epsilon_1": -1.0,
    "epsilon_prime_1": 5872.428571428572,
    "f2": 0.2049069229130349,
    "g2": 0.059535943701245354,
    "h2": 0.0013681671080925232,
    "t2": 0.0005871931589279602,
    "alpha_2": 0.5688843359434346,
    "beta_2": 0.0059117423281765166,
    "gamma_2": 1.7027027027027026,
    "epsilon_2": -0.3306346978375325,
    "epsilon_prime_2": 0.996528024346944,
    "f3": 0.380696138182099,
    "g3": 0.05188733867889265,
    "h3": 0.0032411277190666833,
    "t3": 0.0004873680059650457,
    "alpha_3": 0.2905511578372253,
    "beta_3": 0.022980522740314004,
    "gamma_3": 0.42918233851317733,
    "epsilon_3": -0.15714465870770983,
    "epsilon_prime_3": 0.23856297116818959,
    "f4": 0.669064440100804,
    "g4": 0.06445326435910897,
    "h4": 0.006014587648950844,
    "t4": 0.000581721343041676,
    "alpha_4": 0.13629594176254367,
    "beta_4": 0.06246471300300371,
    "gamma_4": 0.1503698861041454,
    "epsilon_4": -0.043361197842904424,
    "epsilon_prime_4": 0.051626847694321305,
    "f5": 2.1341648364067103,
    "g5": 0.2025389389968058,
    "h5": 0.019221537554962344,
    "t5": 0.001824184740584788,
    "alpha_5": 0.09633341797301047,
    "beta_5": 0.0933170369066159,
    "gamma_5": 0.09671840814276748,
    "epsilon_5": -0.001771525388199985,
    "epsilon_prime_5": 0.001997630725993788,
    "f6": 67.81140099928956,
    "g6": 6.435507908919398,
    "h6": 0.6107492462248056,
    "t6": 0.05796195841002424,
    "alpha_6": 0.09490313753731426,
    "beta_6": 0.09490292410026638,
    "gamma_6": 0.09490316450329156,
    "epsilon_6": -1.2535191701059375e-07,
    "epsilon_prime_6": 1.4118907828104932e-07,
    "f7": 2175335.9663328524,
    "g7": 206445.99004876136,
    "h7": 19592.35146516761,
    "t7": 1859.3736591540955,
    "alpha_7": 0.09490303716017931,
    "beta_7": 0.09490303716017934,
    "gamma_7": 0.09490303716017932,
    "epsilon_7": 1.6300893615528093e-17,
    "epsilon_prime_7": -8.150446807764046e-18,
    "f8": 7.181203110154804e+19,
    "g8": 6.815179856178168e+18,
    "h8": 6.467812671441823e+17,
    "t8": 6.138150663029221e+16,
    "alpha_8": 0.09490303716017937,
    "beta_8": 0.09490303716017931,
    "gamma_8": 0.09490303716017934,
    "epsilon_8": -3.2601787231056185e-17,
    "epsilon_prime_8": 1.6300893615528093e-17,
    "f9": 2.5835080554636785e+60,
    "g9": 2.451827609912921e+59,
    "h9": 2.3268588677391965e+58,
    "t9": 2.208259735915458e+57,
    "alpha_9": 0.09490303716017934,
    "beta_9": 0.09490303716017932,
    "gamma_9": 0.09490303716017934,
    "epsilon_9": -8.150446807764046e-18,
    "epsilon_prime_9": 8.150446807764046e-18,
    "f10": 1.2029502014022339e+182,
    "g10": 1.1416362766552143e+181,
    "h10": 1.0834474998681855e+180,
    "t10": 1.0282245834109382e+179,
    "alpha_10": 0.09490303716017932,
    "beta_10": 0.09490303716017934,
    "gamma_10": 0.09490303716017934,
    "epsilon_10": 8.150446807764046e-18,
    "epsilon_prime_10": 0.0,
    "f11": Infinity,
    "g11": Infinity,
    "h11": Infinity,
    "t11": Infinity,
    "alpha_11": 0.09490303716017934,
    "beta_11": 0.09490303716017931,
    "gamma_11": 0.09490303716017935,
    "epsilon_11": -1.6300893615528093e-17,
    "epsilon_prime_11": 2.4451340423292138e-17,
    "f12": Infinity,
    "g12": Infinity,
    "h12": Infinity,
    "t12": Infinity,
    "alpha_12": NaN,
    "beta_12": NaN,
    "gamma_12": NaN,
    "epsilon_12": NaN,
    "epsilon_prime_12": NaN,
    "f13": Infinity,
    "g13": Infinity,
    "h13": Infinity,
    "t13": Infinity,
    "alpha_13": NaN,
    "beta_13": NaN,
    "gamma_13": NaN,
    "epsilon_13": NaN,
    "epsilon_prime_13": NaN,
    "f14": Infinity,
    "g14": Infinity,
    "h14": Infinity,
    "t14": Infinity,
    "alpha_14": NaN,
    "beta_14": NaN,
    "gamma_14": NaN,
    "epsilon_14": NaN,
    "epsilon_prime_14": NaN,
    "f15": Infinity,
    "g15": Infinity,
    "h15": Infinity,
    "t15": Infinity,
    "alpha_15": NaN,
    "beta_15": NaN,
    "gamma_15": NaN,
    "epsilon_15": NaN,
    "epsilon_prime_15": NaN,
    "f16": Infinity,
    "g16": Infinity,
    "h16": Infinity,
    "t16": Infinity,
    "alpha_16": NaN,
    "beta_16": NaN,
    "gamma_16": NaN,
    "epsilon_16": NaN,
    "epsilon_prime_16": NaN,
    "f17": Infinity,
    "g17": Infinity,
    "h17": Infinity,
    "t17": Infinity,
    "alpha_17": NaN,
    "beta_17": NaN,
    "gamma_17": NaN,
    "epsilon_17": NaN,
    "epsilon_prime_17": NaN,
    "f18": Infinity,
    "g18": Infinity,
    "h18": Infinity,
    "t18": Infinity,
    "alpha_18": NaN,
    "beta_18": NaN,
    "gamma_18": NaN,
    "epsilon_18": NaN,
    "epsilon_prime_18": NaN,
    "f19": Infinity,
    "g19": Infinity,
    "h19": Infinity,
    "t19": Infinity,
    "alpha_19": NaN,
    "beta_19": NaN,
    "gamma_19": NaN,
    "epsilon_19": NaN,
    "epsilon_prime_19": NaN,
    "f20": Infinity,
    "g20": Infinity,
    "h20": Infinity,
    "t20": Infinity,
    "alpha_20": NaN,
    "beta_20": NaN,
    "gamma_20": NaN,
    "epsilon_20": NaN,
    "epsilon_prime_20": NaN
}