{
    "f1": 0.0006432130588999677,
    "g1": 0.0010030613004287999,
    "h1": 0.0009629388484116478,
    "t1": 0.001141260857376768,
    "alpha_1": 1.559454191033139,
    "epsilon_1": 0.0,
    "beta_1": 0.96,
    "gamma_1": 1.1851851851851853,
    "epsilon_prime_1": -0.12666666666666676,
    "f2": 1.5521684150272823e-08,
    "g2": 1.8811224621449453e-08,
    "h2": 2.262508638258817e-08,
    "t2": 2.703760342844779e-08,
    "alpha_2": 1.2119319295077144,
    "epsilon_2": 0.0,
    "beta_2": 1.2027439381479699,
    "gamma_2": 1.195027633099134,
    "epsilon_prime_2": 0.004340421589970139,
    "f3": 1.4966720462023978e-22,
    "g3": 1.804411887964991e-22,
    "h3": 2.175413957937979e-22,
    "t3": 2.622680225028112e-22,
    "alpha_3": 1.2056160817217383,
    "epsilon_3": 0.0,
    "beta_3": 1.2056083050923605,
    "gamma_3": 1.2056005320082093,
    "epsilon_prime_3": 4.372359835067008e-06,
    "f4": 1.3307997961737753e-64,
    "g4": 1.6044263211177644e-64,
    "h4": 1.9343133559857962e-64,
    "t4": 2.332028657145775e-64,
    "alpha_4": 1.205610585251592,
    "epsilon_4": 0.0,
    "beta_4": 1.2056105852453278,
    "gamma_4": 1.2056105852390646,
    "epsilon_prime_4": 3.5230568462552014e-12,
    "f5": 9.355517424361069e-191,
    "g5": 1.127911083727399e-190,
    "h5": 1.3598215417593529e-190,
    "t5": 1.6394152447921948e-190,
    "alpha_5": 1.2056105852471641,
    "epsilon_5": 0.0,
    "beta_5": 1.2056105852471644,
    "gamma_5": 1.2056105852471644,
    "epsilon_prime_5": 0.0
}