{
    "f0": 0.046655999999999996,
    "g0": 0.082944,
    "h0": 0,
    "t0": 0,
    "f1": 0.005214943563743232,
    "g1": 0.0031763607846912,
    "h1": 0.0014622404735139842,
    "t1": 0.0005706304286883841,
    "alpha_1": 1.777777777777778,
    "beta_1": 0.0,
    "gamma_1": 9999,
    "epsilon_1": -1.0,
    "epsilon_prime_1": 5624.4375,
    "f2": 1.4623793418745616e-06,
    "g2": 7.820238378088865e-07,
    "h2": 4.1660389371133414e-07,
    "t2": 2.2111532394998733e-07,
    "alpha_2": 0.6090882376512703,
    "beta_2": 0.4603508771929825,
    "gamma_2": 0.3902439024390244,
    "epsilon_2": -0.08366476525778688,
    "epsilon_prime_2": -0.039435173299101435,
    "f3": 2.7698693624492236e-17,
    "g3": 1.478318282262469e-17,
    "h3": 7.889985320160884e-18,
    "t3": 4.210988240592817e-18,
    "alpha_3": 0.5347612725480951,
    "beta_3": 0.5327253129247259,
    "gamma_3": 0.5307567386856895,
    "epsilon_3": -0.001145227288145187,
    "epsilon_prime_3": -0.0011073230094579764,
    "f4": 1.8778852938961407e-49,
    "g4": 1.0022533313535435e-49,
    "h4": 5.34916452817576e-50,
    "t4": 2.854923027379659e-50,
    "alpha_4": 0.5337140813584378,
    "beta_4": 0.5337135727013927,
    "gamma_4": 0.5337130640576339,
    "epsilon_4": -2.8611958783480995e-07,
    "epsilon_prime_4": -2.861121143754586e-07,
    "f5": 5.851916702590006e-146,
    "g5": 3.1232488102643775e-146,
    "h5": 1.666921049388915e-146,
    "t5": 8.896587988008022e-147,
    "alpha_5": 0.5337138187360312,
    "beta_5": 0.5337138187359988,
    "gamma_5": 0.5337138187359665,
    "epsilon_5": -1.8235413179468196e-14,
    "epsilon_prime_5": -1.817296313433303e-14,
    "f6": 0.0,
    "g6": 0.0,
    "h6": 0.0,
    "t6": 0.0,
    "alpha_6": 0.5337138187360144,
    "beta_6": 0.5337138187360145,
    "gamma_6": 0.5337138187360143,
    "epsilon_6": 6.245004513516506e-17,
    "epsilon_prime_6": -1.249000902703301e-16,
    "f7": 0.0,
    "g7": 0.0,
    "h7": 0.0,
    "t7": 0.0,
    "alpha_7": NaN,
    "beta_7": NaN,
    "gamma_7": NaN,
    "epsilon_7": NaN,
    "epsilon_prime_7": NaN,
    "f8": 0.0,
    "g8": 0.0,
    "h8": 0.0,
    "t8": 0.0,
    "alpha_8": NaN,
    "beta_8": NaN,
    "gamma_8": NaN,
    "epsilon_8": NaN,
    "epsilon_prime_8": NaN,
    "f9": 0.0,
    "g9": 0.0,
    "h9": 0.0,
    "t9": 0.0,
    "alpha_9": NaN,
    "beta_9": NaN,
    "gamma_9": NaN,
    "epsilon_9": NaN,
    "epsilon_prime_9": NaN,
    "f10": 0.0,
    "g10": 0.0,
    "h10": 0.0,
    "t10": 0.0,
    "alpha_10": NaN,
    "beta_10": NaN,
    "gamma_10": NaN,
    "epsilon_10": NaN,
    "epsilon_prime_10": NaN,
    "f11": 0.0,
    "g11": 0.0,
    "h11": 0.0,
    "t11": 0.0,
    "alpha_11": NaN,
    "beta_11": NaN,
    "gamma_11": NaN,
    "epsilon_11": NaN,
    "epsilon_prime_11": NaN,
    "f12": 0.0,
    "g12": 0.0,
    "h12": 0.0,
    "t12": 0.0,
    "alpha_12": NaN,
    "beta_12": NaN,
    "gamma_12": NaN,
    "epsilon_12": NaN,
    "epsilon_prime_12": NaN,
    "f13": 0.0,
    "g13": 0.0,
    "h13": 0.0,
    "t13": 0.0,
    "alpha_13": NaN,
    "beta_13": NaN,
    "gamma_13": NaN,
    "epsilon_13": NaN,
    "epsilon_prime_13": NaN,
    "f14": 0.0,
    "g14": 0.0,
    "h14": 0.0,
    "t14": 0.0,
    "alpha_14": NaN,
    "beta_14": NaN,
    "gamma_14": NaN,
    "epsilon_14": NaN,
    "epsilon_prime_14": NaN,
    "f15": 0.0,
    "g15": 0.0,
    "h15": 0.0,
    "t15": 0.0,
    "alpha_15": NaN,
    "beta_15": NaN,
    "gamma_15": NaN,
    "epsilon_15": NaN,
    "epsilon_prime_15": NaN,
    "f16": 0.0,
    "g16": 0.0,
    "h16": 0.0,
    "t16": 0.0,
    "alpha_16": NaN,
    "beta_16": NaN,
    "gamma_16": NaN,
    "epsilon_16": NaN,
    "epsilon_prime_16": NaN,
    "f17": 0.0,
    "g17": 0.0,
    "h17": 0.0,
    "t17": 0.0,
    "alpha_17": NaN,
    "beta_17": NaN,
    "gamma_17": NaN,
    "epsilon_17": NaN,
    "epsilon_prime_17": NaN,
    "f18": 0.0,
    "g18": 0.0,
    "h18": 0.0,
    "t18": 0.0,
    "alpha_18": NaN,
    "beta_18": NaN,
    "gamma_18": NaN,
    "epsilon_18": NaN,
    "epsilon_prime_18": NaN,
    "f19": 0.0,
    "g19": 0.0,
    "h19": 0.0,
    "t19": 0.0,
    "alpha_19": NaN,
    "beta_19": NaN,
    "gamma_19": NaN,
    "epsilon_19": NaN,
    "epsilon_prime_19": NaN,
    "f20": 0.0,
    "g20": 0.0,
    "h20": 0.0,
    "t20": 0.0,
    "alpha_20": NaN,
    "beta_20": NaN,
    "gamma_20": NaN,
    "epsilon_20": NaN,
    "epsilon_prime_20": NaN
}