{
    "f0": 0.046655999999999996,
    "g0": 0.082944,
    "h0": 0,
    "t0": 0,
    "f1": 0.09835370947452442,
    "g1": 0.05840773150773855,
    "h1": 0.0003308048510172802,
    "t1": 0.0005880975129196093,
    "alpha_1": 1.777777777777778,
    "beta_1": 0.0,
    "gamma_1": 9999,
    "epsilon_1": -1.0,
    "epsilon_prime_1": 5624.4375,
    "f2": 0.13791737914108967,
    "g2": 0.04175910240514384,
    "h2": 0.0009215194607428526,
    "t2": 0.0004126603368605581,
    "alpha_2": 0.5938538751593027,
    "beta_2": 0.005663716814159291,
    "gamma_2": 1.777777777777778,
    "epsilon_2": -0.3308569640691431,
    "epsilon_prime_2": 0.9968141592920354,
    "f3": 0.12579815518332857,
    "g3": 0.017667119883275097,
    "h3": 0.0010733692107829955,
    "t3": 0.0001667944783766013,
    "alpha_3": 0.30278346837220727,
    "beta_3": 0.02206751121713145,
    "gamma_3": 0.4478042563831539,
    "epsilon_3": -0.15790272589973015,
    "epsilon_prime_3": 0.23947691915588762,
    "f4": 0.025459397166015755,
    "g4": 0.002466818998871749,
    "h4": 0.0002298722817107555,
    "t4": 2.2377114936359014e-05,
    "alpha_4": 0.14044021438572285,
    "beta_4": 0.06075518918050248,
    "gamma_4": 0.15539338812870268,
    "epsilon_4": -0.04482282667793645,
    "epsilon_prime_4": 0.053233986908362604,
    "f5": 0.00011896390630410036,
    "g5": 1.1316678440517758e-05,
    "h5": 1.0765171249302074e-06,
    "t5": 1.0240588572620747e-07,
    "alpha_5": 0.09689227843008633,
    "beta_5": 0.09318571075376521,
    "gamma_5": 0.09734585992632104,
    "epsilon_5": -0.002084944317930629,
    "epsilon_prime_5": 0.002340083909562656,
    "f6": 1.1823914899627975e-11,
    "g6": 1.12477125670765e-12,
    "h6": 1.0699589693050914e-13,
    "t6": 1.0178177911013e-14,
    "alpha_6": 0.09512699096808074,
    "beta_6": 0.0951265983732374,
    "gamma_6": 0.09512703825575151,
    "epsilon_6": -2.2083459937267957e-07,
    "epsilon_prime_6": 2.4743391418592664e-07,
    "f7": 1.1609094236440647e-32,
    "g7": 1.1043360531941686e-33,
    "h7": 1.05051961293958e-34,
    "t7": 9.993257523185176e-36,
    "alpha_7": 0.09512680582156757,
    "beta_7": 0.09512680582156756,
    "gamma_7": 0.09512680582156757,
    "epsilon_7": -7.806255641895632e-18,
    "epsilon_prime_7": 7.806255641895632e-18,
    "f8": 1.0987767479055417e-95,
    "g8": 1.0452312233926398e-96,
    "h8": 9.942950762631116e-98,
    "t8": 9.458411464902175e-99,
    "alpha_8": 0.09512680582156756,
    "beta_8": 0.09512680582156757,
    "gamma_8": 0.09512680582156759,
    "epsilon_8": 7.806255641895632e-18,
    "epsilon_prime_8": 7.806255641895632e-18,
    "f9": 9.316286415835837e-285,
    "g9": 8.862285688573234e-286,
    "h9": 8.430409298321633e-287,
    "t9": 8.019579083177797e-288,
    "alpha_9": 0.09512680582156759,
    "beta_9": 0.09512680582156756,
    "gamma_9": 0.09512680582156759,
    "epsilon_9": -1.5612511283791264e-17,
    "epsilon_prime_9": 1.5612511283791264e-17,
    "f10": 0.0,
    "g10": 0.0,
    "h10": 0.0,
    "t10": 0.0,
    "alpha_10": 0.09512680582156757,
    "beta_10": 0.09512680582156757,
    "gamma_10": 0.09512680582156757,
    "epsilon_10": 0.0,
    "epsilon_prime_10": 0.0,
    "f11": 0.0,
    "g11": 0.0,
    "h11": 0.0,
    "t11": 0.0,
    "alpha_11": NaN,
    "beta_11": NaN,
    "gamma_11": NaN,
    "epsilon_11": NaN,
    "epsilon_prime_11": NaN,
    "f12": 0.0,
    "g12": 0.0,
    "h12": 0.0,
    "t12": 0.0,
    "alpha_12": NaN,
    "beta_12": NaN,
    "gamma_12": NaN,
    "epsilon_12": NaN,
    "epsilon_prime_12": NaN,
    "f13": 0.0,
    "g13": 0.0,
    "h13": 0.0,
    "t13": 0.0,
    "alpha_13": NaN,
    "beta_13": NaN,
    "gamma_13": NaN,
    "epsilon_13": NaN,
    "epsilon_prime_13": NaN,
    "f14": 0.0,
    "g14": 0.0,
    "h14": 0.0,
    "t14": 0.0,
    "alpha_14": NaN,
    "beta_14": NaN,
    "gamma_14": NaN,
    "epsilon_14": NaN,
    "epsilon_prime_14": NaN,
    "f15": 0.0,
    "g15": 0.0,
    "h15": 0.0,
    "t15": 0.0,
    "alpha_15": NaN,
    "beta_15": NaN,
    "gamma_15": NaN,
    "epsilon_15": NaN,
    "epsilon_prime_15": NaN,
    "f16": 0.0,
    "g16": 0.0,
    "h16": 0.0,
    "t16": 0.0,
    "alpha_16": NaN,
    "beta_16": NaN,
    "gamma_16": NaN,
    "epsilon_16": NaN,
    "epsilon_prime_16": NaN,
    "f17": 0.0,
    "g17": 0.0,
    "h17": 0.0,
    "t17": 0.0,
    "alpha_17": NaN,
    "beta_17": NaN,
    "gamma_17": NaN,
    "epsilon_17": NaN,
    "epsilon_prime_17": NaN,
    "f18": 0.0,
    "g18": 0.0,
    "h18": 0.0,
    "t18": 0.0,
    "alpha_18": NaN,
    "beta_18": NaN,
    "gamma_18": NaN,
    "epsilon_18": NaN,
    "epsilon_prime_18": NaN,
    "f19": 0.0,
    "g19": 0.0,
    "h19": 0.0,
    "t19": 0.0,
    "alpha_19": NaN,
    "beta_19": NaN,
    "gamma_19": NaN,
    "epsilon_19": NaN,
    "epsilon_prime_19": NaN,
    "f20": 0.0,
    "g20": 0.0,
    "h20": 0.0,
    "t20": 0.0,
    "alpha_20": NaN,
    "beta_20": NaN,
    "gamma_20": NaN,
    "epsilon_20": NaN,
    "epsilon_prime_20": NaN
}