{
    "f0": 0.046655999999999996,
    "g0": 0.082944,
    "h0": 0,
    "t0": 0,
    "f1": 0.005214943563743232,
    "g1": 0.0031763607846912,
    "h1": 0.0014622404735139842,
    "t1": 0.0005706304286883841,
    "beta_1": 0.4603508771929825,
    "alpha_1": 0.6090882376512703,
    "epsilon_1": -0.08366476525778688,
    "gamma_1": 0.3902439024390244,
    "epsilon_prime_1": -0.039435173299101435,
    "f2": 1.4623793418745616e-06,
    "g2": 7.820238378088865e-07,
    "h2": 4.1660389371133414e-07,
    "t2": 2.2111532394998733e-07,
    "beta_2": 0.5327253129247259,
    "alpha_2": 0.5347612725480951,
    "epsilon_2": -0.001145227288145187,
    "gamma_2": 0.5307567386856895,
    "epsilon_prime_2": -0.0011073230094579764,
    "f3": 2.7698693624492236e-17,
    "g3": 1.478318282262469e-17,
    "h3": 7.889985320160884e-18,
    "t3": 4.210988240592817e-18,
    "beta_3": 0.5337135727013927,
    "alpha_3": 0.5337140813584378,
    "epsilon_3": -2.8611958783480995e-07,
    "gamma_3": 0.5337130640576339,
    "epsilon_prime_3": -2.861121143754586e-07,
    "f4": 1.8778852938961407e-49,
    "g4": 1.0022533313535435e-49,
    "h4": 5.34916452817576e-50,
    "t4": 2.854923027379659e-50,
    "beta_4": 0.5337138187359988,
    "alpha_4": 0.5337138187360312,
    "epsilon_4": -1.8235413179468196e-14,
    "gamma_4": 0.5337138187359665,
    "epsilon_prime_4": -1.817296313433303e-14,
    "f5": 5.851916702590006e-146,
    "g5": 3.1232488102643775e-146,
    "h5": 1.666921049388915e-146,
    "t5": 8.896587988008022e-147,
    "beta_5": 0.5337138187360145,
    "alpha_5": 0.5337138187360144,
    "epsilon_5": 6.245004513516506e-17,
    "gamma_5": 0.5337138187360143,
    "epsilon_prime_5": -1.249000902703301e-16
}