{
    "f0": 0.04287499999999999,
    "g0": 0.07962499999999999,
    "h0": 0,
    "t0": 0,
    "f1": 0.004413216199218748,
    "g1": 0.0027482071093749985,
    "h1": 0.0012815009238281243,
    "t1": 0.0005048336972656248,
    "alpha_1": 1.8571428571428572,
    "beta_1": 0.0,
    "gamma_1": 9999,
    "epsilon_1": -1.0,
    "epsilon_prime_1": 5384.076923076923,
    "f2": 9.167346576811157e-07,
    "g2": 4.986669637268419e-07,
    "h2": 2.7014251783152084e-07,
    "t2": 1.4576278057504021e-07,
    "alpha_2": 0.6227220660210351,
    "beta_2": 0.466304347826087,
    "gamma_2": 0.393939393939394,
    "epsilon_2": -0.08422492518189513,
    "epsilon_prime_2": -0.038965744400527004,
    "f3": 7.00663822298399e-18,
    "g3": 3.803228474877411e-18,
    "h3": 2.0644038028136225e-18,
    "t3": 1.1205633068305358e-18,
    "alpha_3": 0.5439599774576236,
    "beta_3": 0.541729325344878,
    "gamma_3": 0.5395773377145605,
    "epsilon_3": -0.0012011203684014417,
    "epsilon_prime_3": -0.0011587625701709842,
    "f4": 3.120516902353377e-51,
    "g4": 1.6938268290708664e-51,
    "h4": 9.194147689814763e-52,
    "t4": 4.990613579340242e-52,
    "alpha_4": 0.542803603360256,
    "beta_4": 0.5428029939432351,
    "gamma_4": 0.542802384544775,
    "epsilon_4": -3.281476266697298e-07,
    "epsilon_prime_4": -3.281376323224996e-07,
    "f5": 2.7566192087034787e-151,
    "g5": 1.4963019651367644e-151,
    "h5": 8.121976237425895e-152,
    "t5": 4.4086353916725286e-152,
    "alpha_5": 0.542803286145781,
    "beta_5": 0.5428032861457349,
    "gamma_5": 0.5428032861456883,
    "epsilon_5": -2.4809214511815997e-14,
    "epsilon_prime_5": -2.5108120710753538e-14,
    "f6": 0.0,
    "g6": 0.0,
    "h6": 0.0,
    "t6": 0.0,
    "alpha_6": 0.5428032861457569,
    "beta_6": 0.5428032861457569,
    "gamma_6": 0.5428032861457571,
    "epsilon_6": 0.0,
    "epsilon_prime_6": 1.1956247957501685e-16,
    "f7": 0.0,
    "g7": 0.0,
    "h7": 0.0,
    "t7": 0.0,
    "alpha_7": NaN,
    "beta_7": NaN,
    "gamma_7": NaN,
    "epsilon_7": NaN,
    "epsilon_prime_7": NaN,
    "f8": 0.0,
    "g8": 0.0,
    "h8": 0.0,
    "t8": 0.0,
    "alpha_8": NaN,
    "beta_8": NaN,
    "gamma_8": NaN,
    "epsilon_8": NaN,
    "epsilon_prime_8": NaN,
    "f9": 0.0,
    "g9": 0.0,
    "h9": 0.0,
    "t9": 0.0,
    "alpha_9": NaN,
    "beta_9": NaN,
    "gamma_9": NaN,
    "epsilon_9": NaN,
    "epsilon_prime_9": NaN,
    "f10": 0.0,
    "g10": 0.0,
    "h10": 0.0,
    "t10": 0.0,
    "alpha_10": NaN,
    "beta_10": NaN,
    "gamma_10": NaN,
    "epsilon_10": NaN,
    "epsilon_prime_10": NaN,
    "f11": 0.0,
    "g11": 0.0,
    "h11": 0.0,
    "t11": 0.0,
    "alpha_11": NaN,
    "beta_11": NaN,
    "gamma_11": NaN,
    "epsilon_11": NaN,
    "epsilon_prime_11": NaN,
    "f12": 0.0,
    "g12": 0.0,
    "h12": 0.0,
    "t12": 0.0,
    "alpha_12": NaN,
    "beta_12": NaN,
    "gamma_12": NaN,
    "epsilon_12": NaN,
    "epsilon_prime_12": NaN,
    "f13": 0.0,
    "g13": 0.0,
    "h13": 0.0,
    "t13": 0.0,
    "alpha_13": NaN,
    "beta_13": NaN,
    "gamma_13": NaN,
    "epsilon_13": NaN,
    "epsilon_prime_13": NaN,
    "f14": 0.0,
    "g14": 0.0,
    "h14": 0.0,
    "t14": 0.0,
    "alpha_14": NaN,
    "beta_14": NaN,
    "gamma_14": NaN,
    "epsilon_14": NaN,
    "epsilon_prime_14": NaN,
    "f15": 0.0,
    "g15": 0.0,
    "h15": 0.0,
    "t15": 0.0,
    "alpha_15": NaN,
    "beta_15": NaN,
    "gamma_15": NaN,
    "epsilon_15": NaN,
    "epsilon_prime_15": NaN,
    "f16": 0.0,
    "g16": 0.0,
    "h16": 0.0,
    "t16": 0.0,
    "alpha_16": NaN,
    "beta_16": NaN,
    "gamma_16": NaN,
    "epsilon_16": NaN,
    "epsilon_prime_16": NaN,
    "f17": 0.0,
    "g17": 0.0,
    "h17": 0.0,
    "t17": 0.0,
    "alpha_17": NaN,
    "beta_17": NaN,
    "gamma_17": NaN,
    "epsilon_17": NaN,
    "epsilon_prime_17": NaN,
    "f18": 0.0,
    "g18": 0.0,
    "h18": 0.0,
    "t18": 0.0,
    "alpha_18": NaN,
    "beta_18": NaN,
    "gamma_18": NaN,
    "epsilon_18": NaN,
    "epsilon_prime_18": NaN,
    "f19": 0.0,
    "g19": 0.0,
    "h19": 0.0,
    "t19": 0.0,
    "alpha_19": NaN,
    "beta_19": NaN,
    "gamma_19": NaN,
    "epsilon_19": NaN,
    "epsilon_prime_19": NaN,
    "f20": 0.0,
    "g20": 0.0,
    "h20": 0.0,
    "t20": 0.0,
    "alpha_20": NaN,
    "beta_20": NaN,
    "gamma_20": NaN,
    "epsilon_20": NaN,
    "epsilon_prime_20": NaN
}