{
    "f0": 0.04287499999999999,
    "g0": 0.07962499999999999,
    "h0": 0,
    "t0": 0,
    "f1": 0.004413216199218748,
    "g1": 0.0027482071093749985,
    "h1": 0.0012815009238281243,
    "t1": 0.0005048336972656248,
    "beta_1": 0.466304347826087,
    "alpha_1": 0.6227220660210351,
    "epsilon_1": -0.08422492518189513,
    "gamma_1": 0.393939393939394,
    "epsilon_prime_1": -0.038965744400527004,
    "f2": 9.167346576811157e-07,
    "g2": 4.986669637268419e-07,
    "h2": 2.7014251783152084e-07,
    "t2": 1.4576278057504021e-07,
    "beta_2": 0.541729325344878,
    "alpha_2": 0.5439599774576236,
    "epsilon_2": -0.0012011203684014417,
    "gamma_2": 0.5395773377145605,
    "epsilon_prime_2": -0.0011587625701709842,
    "f3": 7.00663822298399e-18,
    "g3": 3.803228474877411e-18,
    "h3": 2.0644038028136225e-18,
    "t3": 1.1205633068305358e-18,
    "beta_3": 0.5428029939432351,
    "alpha_3": 0.542803603360256,
    "epsilon_3": -3.281476266697298e-07,
    "gamma_3": 0.542802384544775,
    "epsilon_prime_3": -3.281376323224996e-07,
    "f4": 3.120516902353377e-51,
    "g4": 1.6938268290708664e-51,
    "h4": 9.194147689814763e-52,
    "t4": 4.990613579340242e-52,
    "beta_4": 0.5428032861457349,
    "alpha_4": 0.542803286145781,
    "epsilon_4": -2.4809214511815997e-14,
    "gamma_4": 0.5428032861456883,
    "epsilon_prime_4": -2.5108120710753538e-14,
    "f5": 2.7566192087034787e-151,
    "g5": 1.4963019651367644e-151,
    "h5": 8.121976237425895e-152,
    "t5": 4.4086353916725286e-152,
    "beta_5": 0.5428032861457569,
    "alpha_5": 0.5428032861457569,
    "epsilon_5": 0.0,
    "gamma_5": 0.5428032861457571,
    "epsilon_prime_5": 1.1956247957501685e-16
}