{
    "f1": 0.0005179313398437497,
    "g1": 0.0008364108593749997,
    "h1": 0.0008155005878906247,
    "t1": 0.0010096673945312498,
    "alpha_1": 1.6149068322981368,
    "epsilon_1": 0.0,
    "beta_1": 0.975,
    "gamma_1": 1.2380952380952384,
    "epsilon_prime_1": -0.1416666666666668,
    "f2": 8.692403218494095e-09,
    "g2": 1.080943427847048e-08,
    "h2": 1.3338013690327879e-08,
    "t2": 1.6350278324791647e-08,
    "alpha_2": 1.2435495692919716,
    "epsilon_2": 0.0,
    "beta_2": 1.233923380883462,
    "gamma_2": 1.2258405714973981,
    "epsilon_prime_2": 0.004352281977111315,
    "f3": 2.7766936583507534e-23,
    "g3": 3.434449851720417e-23,
    "h3": 4.247989438120264e-23,
    "t3": 5.2542014077125196e-23,
    "alpha_3": 1.236884681675812,
    "epsilon_3": 0.0,
    "beta_3": 1.2368762455484161,
    "gamma_3": 1.236867813409043,
    "epsilon_prime_3": 4.540382739405866e-06,
    "f4": 8.973992876032616e-67,
    "g4": 1.1099740414204935e-66,
    "h4": 1.3729032211632006e-66,
    "t4": 1.6981147165000534e-66,
    "alpha_4": 1.2368786745808191,
    "epsilon_4": 0.0,
    "beta_4": 1.2368786745735265,
    "gamma_4": 1.2368786745662343,
    "epsilon_prime_4": 3.926551391723128e-12,
    "f5": 3.029392857093619e-197,
    "g5": 3.746991421850823e-197,
    "h5": 4.634573783505087e-197,
    "t5": 5.732405478564715e-197,
    "alpha_5": 1.2368786745756255,
    "epsilon_5": 0.0,
    "beta_5": 1.2368786745756262,
    "gamma_5": 1.2368786745756257,
    "epsilon_prime_5": 2.391249591500337e-16
}