{
    "f0": 0.04287499999999999,
    "g0": 0.07962499999999999,
    "h0": 0,
    "t0": 0,
    "f1": 0.08328708350708772,
    "g1": 0.05165923898683547,
    "h1": 0.00028015439498224246,
    "t1": 0.0005202867335384503,
    "alpha_1": 1.8571428571428572,
    "beta_1": 0.0,
    "gamma_1": 9999,
    "epsilon_1": -1.0,
    "epsilon_prime_1": 5384.076923076923,
    "f2": 0.09130698785870925,
    "g2": 0.028829151570500772,
    "h2": 0.000610479494462459,
    "t2": 0.00028540102083761783,
    "alpha_2": 0.6202551081337754,
    "beta_2": 0.005423122765196664,
    "gamma_2": 1.857142857142857,
    "epsilon_2": -0.331063376736927,
    "epsilon_prime_2": 0.9970798569725863,
    "f3": 0.039615607298554074,
    "g3": 0.005739725610849095,
    "h3": 0.0003387163009833064,
    "t3": 5.4452777980204957e-05,
    "alpha_3": 0.3157387210616534,
    "beta_3": 0.021175770399262387,
    "gamma_3": 0.46750304216019556,
    "epsilon_3": -0.1586108195874413,
    "epsilon_prime_3": 0.24033006940973323,
    "f4": 0.0008405663747653517,
    "g4": 8.196411624266492e-05,
    "h4": 7.621396817066556e-06,
    "t4": 7.472150828267368e-07,
    "alpha_4": 0.1448854631356008,
    "beta_4": 0.059012629513695354,
    "gamma_4": 0.16076220076248607,
    "epsilon_4": -0.04623921810410293,
    "epsilon_prime_4": 0.05478823067242577,
    "f5": 4.334839827053961e-09,
    "g5": 4.133055093957621e-10,
    "h5": 3.940634050711617e-11,
    "t5": 3.757202616730769e-12,
    "alpha_5": 0.0975105817973573,
    "beta_5": 0.09298455429571724,
    "gamma_5": 0.09804175018856147,
    "epsilon_5": -0.0024370917316523426,
    "epsilon_prime_5": 0.002723105480762277,
    "f6": 5.757799379481073e-25,
    "g6": 5.489757259245336e-26,
    "h6": 5.234193270581272e-27,
    "t6": 4.990526520577788e-28,
    "alpha_6": 0.0953450475416187,
    "beta_6": 0.09534433877914388,
    "gamma_6": 0.0953451289406657,
    "epsilon_6": -3.8164133259615665e-07,
    "epsilon_prime_6": 4.2547158867457265e-07,
    "f7": 1.3492883923320348e-72,
    "g7": 1.2864751371882363e-73,
    "h7": 1.2265860197189205e-74,
    "t7": 1.1694849129056774e-75,
    "alpha_7": 0.09534471240538613,
    "beta_7": 0.0953447124053861,
    "gamma_7": 0.09534471240538613,
    "epsilon_7": -1.4945309946877107e-17,
    "epsilon_prime_7": 1.4945309946877107e-17,
    "f8": 1.7363990965177522e-215,
    "g8": 1.6555647247845737e-216,
    "h8": 1.578493425530874e-217,
    "t8": 1.5050100169103393e-218,
    "alpha_8": 0.09534471240538611,
    "beta_8": 0.09534471240538613,
    "gamma_8": 0.09534471240538611,
    "epsilon_8": 7.472654973438553e-18,
    "epsilon_prime_8": -7.472654973438553e-18,
    "f9": 0.0,
    "g9": 0.0,
    "h9": 0.0,
    "t9": 0.0,
    "alpha_9": 0.09534471240538611,
    "beta_9": 0.09534471240538613,
    "gamma_9": 0.0953447124053861,
    "epsilon_9": 7.472654973438553e-18,
    "epsilon_prime_9": -1.4945309946877107e-17,
    "f10": 0.0,
    "g10": 0.0,
    "h10": 0.0,
    "t10": 0.0,
    "alpha_10": NaN,
    "beta_10": NaN,
    "gamma_10": NaN,
    "epsilon_10": NaN,
    "epsilon_prime_10": NaN,
    "f11": 0.0,
    "g11": 0.0,
    "h11": 0.0,
    "t11": 0.0,
    "alpha_11": NaN,
    "beta_11": NaN,
    "gamma_11": NaN,
    "epsilon_11": NaN,
    "epsilon_prime_11": NaN,
    "f12": 0.0,
    "g12": 0.0,
    "h12": 0.0,
    "t12": 0.0,
    "alpha_12": NaN,
    "beta_12": NaN,
    "gamma_12": NaN,
    "epsilon_12": NaN,
    "epsilon_prime_12": NaN,
    "f13": 0.0,
    "g13": 0.0,
    "h13": 0.0,
    "t13": 0.0,
    "alpha_13": NaN,
    "beta_13": NaN,
    "gamma_13": NaN,
    "epsilon_13": NaN,
    "epsilon_prime_13": NaN,
    "f14": 0.0,
    "g14": 0.0,
    "h14": 0.0,
    "t14": 0.0,
    "alpha_14": NaN,
    "beta_14": NaN,
    "gamma_14": NaN,
    "epsilon_14": NaN,
    "epsilon_prime_14": NaN,
    "f15": 0.0,
    "g15": 0.0,
    "h15": 0.0,
    "t15": 0.0,
    "alpha_15": NaN,
    "beta_15": NaN,
    "gamma_15": NaN,
    "epsilon_15": NaN,
    "epsilon_prime_15": NaN,
    "f16": 0.0,
    "g16": 0.0,
    "h16": 0.0,
    "t16": 0.0,
    "alpha_16": NaN,
    "beta_16": NaN,
    "gamma_16": NaN,
    "epsilon_16": NaN,
    "epsilon_prime_16": NaN,
    "f17": 0.0,
    "g17": 0.0,
    "h17": 0.0,
    "t17": 0.0,
    "alpha_17": NaN,
    "beta_17": NaN,
    "gamma_17": NaN,
    "epsilon_17": NaN,
    "epsilon_prime_17": NaN,
    "f18": 0.0,
    "g18": 0.0,
    "h18": 0.0,
    "t18": 0.0,
    "alpha_18": NaN,
    "beta_18": NaN,
    "gamma_18": NaN,
    "epsilon_18": NaN,
    "epsilon_prime_18": NaN,
    "f19": 0.0,
    "g19": 0.0,
    "h19": 0.0,
    "t19": 0.0,
    "alpha_19": NaN,
    "beta_19": NaN,
    "gamma_19": NaN,
    "epsilon_19": NaN,
    "epsilon_prime_19": NaN,
    "f20": 0.0,
    "g20": 0.0,
    "h20": 0.0,
    "t20": 0.0,
    "alpha_20": NaN,
    "beta_20": NaN,
    "gamma_20": NaN,
    "epsilon_20": NaN,
    "epsilon_prime_20": NaN
}