{
    "f0": 0.03930399999999999,
    "g0": 0.07629599999999999,
    "h0": 0,
    "t0": 0,
    "f1": 0.003715266978915326,
    "g1": 0.0023654045217791986,
    "h1": 0.0011170418939919354,
    "t1": 0.0004441250903823358,
    "beta_1": 0.4722413793103449,
    "alpha_1": 0.6366714788474716,
    "epsilon_1": -0.08470641491306523,
    "gamma_1": 0.39759036144578314,
    "epsilon_prime_1": -0.038456584960531795,
    "f2": 5.658964780327429e-07,
    "g2": 3.1308331802501237e-07,
    "h2": 1.7244957600294935e-07,
    "t2": 9.458181438155837e-08,
    "beta_2": 0.5508104906093153,
    "alpha_2": 0.5532519288923676,
    "epsilon_2": -0.001257710630663317,
    "gamma_2": 0.5484606954321579,
    "epsilon_prime_2": -0.001210500545808351,
    "f3": 1.6923920285017317e-18,
    "g3": 9.341606223803214e-19,
    "h3": 5.156340268769373e-19,
    "t3": 2.846171123253818e-19,
    "beta_3": 0.5519757678963791,
    "alpha_3": 0.5519764963720198,
    "epsilon_3": -3.7527533005700337e-07,
    "gamma_3": 0.5519750394465517,
    "epsilon_prime_3": -3.752620323270828e-07,
    "f4": 4.514512835139109e-53,
    "g4": 2.491903251973542e-53,
    "h4": 1.3754710738360828e-53,
    "t4": 7.592271784473147e-54,
    "beta_4": 0.5519761141395577,
    "alpha_4": 0.551976114139624,
    "epsilon_4": -3.4144404475517303e-14,
    "gamma_4": 0.5519761141394915,
    "epsilon_prime_4": -3.408721116818813e-14,
    "f5": 8.569200415545198e-157,
    "g5": 4.7299939466559905e-157,
    "h5": 2.610843678578953e-157,
    "t5": 1.4411233483279213e-157,
    "beta_5": 0.5519761141395891,
    "alpha_5": 0.5519761141395891,
    "epsilon_5": 0.0,
    "gamma_5": 0.5519761141395892,
    "epsilon_prime_5": 5.719330732917472e-17
}