{
    "f1": 0.00041430418593587173,
    "g1": 0.0006933082219007996,
    "h1": 0.0006863751396817918,
    "t1": 0.0008882501807646716,
    "alpha_1": 1.67342799188641,
    "epsilon_1": 0.0,
    "beta_1": 0.9900000000000002,
    "gamma_1": 1.2941176470588234,
    "epsilon_prime_1": -0.15666666666666643,
    "f2": 4.780346653017021e-09,
    "g2": 6.101040475552375e-09,
    "h2": 7.72518268740293e-09,
    "t2": 9.716174578749992e-09,
    "alpha_2": 1.276275742827526,
    "epsilon_2": 0.0,
    "beta_2": 1.2662074146792983,
    "gamma_2": 1.2577274832080896,
    "epsilon_prime_2": 0.004368449545774196,
    "f3": 4.882820127946871e-24,
    "g3": 6.197525929914729e-24,
    "h3": 7.866161391455001e-24,
    "t3": 9.983992087230271e-24,
    "alpha_3": 1.2692513276176458,
    "epsilon_3": 0.0,
    "beta_3": 1.2692421912243987,
    "gamma_3": 1.2692330592245242,
    "epsilon_prime_3": 4.704363571718341e-06,
    "f4": 5.157859992646153e-69,
    "g4": 6.546586839599555e-69,
    "h4": 8.309221132259736e-69,
    "t4": 1.0546435496234078e-68,
    "alpha_4": 1.2692447737886228,
    "epsilon_4": 0.0,
    "beta_4": 1.269244773780164,
    "gamma_4": 1.269244773771705,
    "epsilon_prime_4": 4.35767247202448e-12,
    "f5": 6.079423515471496e-204,
    "g5": 7.716276524622961e-204,
    "h5": 9.793843651938706e-204,
    "t5": 1.2430784870466654e-203,
    "alpha_5": 1.2692447737825545,
    "epsilon_5": 0.0,
    "beta_5": 1.2692447737825545,
    "gamma_5": 1.2692447737825547,
    "epsilon_prime_5": -1.1438661465834943e-16
}