{
    "f0": 0.03930399999999999,
    "g0": 0.07629599999999999,
    "h0": 0,
    "t0": 0,
    "f1": 0.003715266978915326,
    "g1": 0.0023654045217791986,
    "h1": 0.0011170418939919354,
    "t1": 0.0004441250903823358,
    "alpha_1": 1.9411764705882355,
    "beta_1": 0.0,
    "gamma_1": 9999,
    "epsilon_1": -0.9999999999999999,
    "epsilon_prime_1": 5150.999999999999,
    "f2": 5.658964780327429e-07,
    "g2": 3.1308331802501237e-07,
    "h2": 1.7244957600294935e-07,
    "t2": 9.458181438155837e-08,
    "alpha_2": 0.6366714788474716,
    "beta_2": 0.4722413793103449,
    "gamma_2": 0.39759036144578314,
    "epsilon_2": -0.08470641491306523,
    "epsilon_prime_2": -0.038456584960531795,
    "f3": 1.6923920285017317e-18,
    "g3": 9.341606223803214e-19,
    "h3": 5.156340268769373e-19,
    "t3": 2.846171123253818e-19,
    "alpha_3": 0.5532519288923676,
    "beta_3": 0.5508104906093153,
    "gamma_3": 0.5484606954321579,
    "epsilon_3": -0.001257710630663317,
    "epsilon_prime_3": -0.001210500545808351,
    "f4": 4.514512835139109e-53,
    "g4": 2.491903251973542e-53,
    "h4": 1.3754710738360828e-53,
    "t4": 7.592271784473147e-54,
    "alpha_4": 0.5519764963720198,
    "beta_4": 0.5519757678963791,
    "gamma_4": 0.5519750394465517,
    "epsilon_4": -3.7527533005700337e-07,
    "epsilon_prime_4": -3.752620323270828e-07,
    "f5": 8.569200415545198e-157,
    "g5": 4.7299939466559905e-157,
    "h5": 2.610843678578953e-157,
    "t5": 1.4411233483279213e-157,
    "alpha_5": 0.551976114139624,
    "beta_5": 0.5519761141395577,
    "gamma_5": 0.5519761141394915,
    "epsilon_5": -3.4144404475517303e-14,
    "epsilon_prime_5": -3.408721116818813e-14,
    "f6": 0.0,
    "g6": 0.0,
    "h6": 0.0,
    "t6": 0.0,
    "alpha_6": 0.5519761141395891,
    "beta_6": 0.5519761141395891,
    "gamma_6": 0.5519761141395892,
    "epsilon_6": 0.0,
    "epsilon_prime_6": 5.719330732917472e-17,
    "f7": 0.0,
    "g7": 0.0,
    "h7": 0.0,
    "t7": 0.0,
    "alpha_7": NaN,
    "beta_7": NaN,
    "gamma_7": NaN,
    "epsilon_7": NaN,
    "epsilon_prime_7": NaN,
    "f8": 0.0,
    "g8": 0.0,
    "h8": 0.0,
    "t8": 0.0,
    "alpha_8": NaN,
    "beta_8": NaN,
    "gamma_8": NaN,
    "epsilon_8": NaN,
    "epsilon_prime_8": NaN,
    "f9": 0.0,
    "g9": 0.0,
    "h9": 0.0,
    "t9": 0.0,
    "alpha_9": NaN,
    "beta_9": NaN,
    "gamma_9": NaN,
    "epsilon_9": NaN,
    "epsilon_prime_9": NaN,
    "f10": 0.0,
    "g10": 0.0,
    "h10": 0.0,
    "t10": 0.0,
    "alpha_10": NaN,
    "beta_10": NaN,
    "gamma_10": NaN,
    "epsilon_10": NaN,
    "epsilon_prime_10": NaN,
    "f11": 0.0,
    "g11": 0.0,
    "h11": 0.0,
    "t11": 0.0,
    "alpha_11": NaN,
    "beta_11": NaN,
    "gamma_11": NaN,
    "epsilon_11": NaN,
    "epsilon_prime_11": NaN,
    "f12": 0.0,
    "g12": 0.0,
    "h12": 0.0,
    "t12": 0.0,
    "alpha_12": NaN,
    "beta_12": NaN,
    "gamma_12": NaN,
    "epsilon_12": NaN,
    "epsilon_prime_12": NaN,
    "f13": 0.0,
    "g13": 0.0,
    "h13": 0.0,
    "t13": 0.0,
    "alpha_13": NaN,
    "beta_13": NaN,
    "gamma_13": NaN,
    "epsilon_13": NaN,
    "epsilon_prime_13": NaN,
    "f14": 0.0,
    "g14": 0.0,
    "h14": 0.0,
    "t14": 0.0,
    "alpha_14": NaN,
    "beta_14": NaN,
    "gamma_14": NaN,
    "epsilon_14": NaN,
    "epsilon_prime_14": NaN,
    "f15": 0.0,
    "g15": 0.0,
    "h15": 0.0,
    "t15": 0.0,
    "alpha_15": NaN,
    "beta_15": NaN,
    "gamma_15": NaN,
    "epsilon_15": NaN,
    "epsilon_prime_15": NaN,
    "f16": 0.0,
    "g16": 0.0,
    "h16": 0.0,
    "t16": 0.0,
    "alpha_16": NaN,
    "beta_16": NaN,
    "gamma_16": NaN,
    "epsilon_16": NaN,
    "epsilon_prime_16": NaN,
    "f17": 0.0,
    "g17": 0.0,
    "h17": 0.0,
    "t17": 0.0,
    "alpha_17": NaN,
    "beta_17": NaN,
    "gamma_17": NaN,
    "epsilon_17": NaN,
    "epsilon_prime_17": NaN,
    "f18": 0.0,
    "g18": 0.0,
    "h18": 0.0,
    "t18": 0.0,
    "alpha_18": NaN,
    "beta_18": NaN,
    "gamma_18": NaN,
    "epsilon_18": NaN,
    "epsilon_prime_18": NaN,
    "f19": 0.0,
    "g19": 0.0,
    "h19": 0.0,
    "t19": 0.0,
    "alpha_19": NaN,
    "beta_19": NaN,
    "gamma_19": NaN,
    "epsilon_19": NaN,
    "epsilon_prime_19": NaN,
    "f20": 0.0,
    "g20": 0.0,
    "h20": 0.0,
    "t20": 0.0,
    "alpha_20": NaN,
    "beta_20": NaN,
    "gamma_20": NaN,
    "epsilon_20": NaN,
    "epsilon_prime_20": NaN
}