{
    "f0": 0.03930399999999999,
    "g0": 0.07629599999999999,
    "h0": 0,
    "t0": 0,
    "f1": 0.07009370907448512,
    "g1": 0.045435733052980966,
    "h1": 0.0002357950623748596,
    "t1": 0.0004577198269629628,
    "alpha_1": 1.9411764705882355,
    "beta_1": 0.0,
    "gamma_1": 9999,
    "epsilon_1": -0.9999999999999999,
    "epsilon_prime_1": 5150.999999999999,
    "f2": 0.059410808956277476,
    "g2": 0.01957465545750375,
    "h2": 0.0003974606193670482,
    "t2": 0.00019410909170145658,
    "alpha_2": 0.6482141358035235,
    "beta_2": 0.005189639222941721,
    "gamma_2": 1.9411764705882353,
    "epsilon_2": -0.3312550436930269,
    "epsilon_prime_2": 0.9973265494912116,
    "f3": 0.011861814750056727,
    "g3": 0.0017752039655587828,
    "h3": 0.00010161484374078811,
    "t3": 1.6919411078574052e-05,
    "alpha_3": 0.329479699088249,
    "beta_3": 0.020304859016799993,
    "gamma_3": 0.488373142502956,
    "epsilon_3": -0.1592718873095343,
    "epsilon_prime_3": 0.2411260854322621,
    "f4": 2.3914971424073734e-05,
    "g4": 2.3484228493197452e-06,
    "h4": 2.1771143810205043e-07,
    "t4": 2.151366322772036e-08,
    "alpha_4": 0.14965702997092356,
    "beta_4": 0.05724122169184244,
    "gamma_4": 0.16650531020580228,
    "epsilon_4": -0.04760814365892057,
    "epsilon_prime_4": 0.05628756074961566,
    "f5": 1.0117155668338486e-13,
    "g5": 9.667709052476274e-15,
    "h5": 9.238107230260862e-16,
    "t5": 8.827724358093413e-17,
    "alpha_5": 0.09819885659389632,
    "beta_5": 0.09270538232291246,
    "gamma_5": 0.09881733093709118,
    "epsilon_5": -0.002829971594143199,
    "epsilon_prime_5": 0.003148579589122367,
    "f6": 7.36652167021737e-39,
    "g6": 7.039225895142015e-40,
    "h6": 6.72647192543666e-41,
    "t6": 6.427613666285781e-42,
    "alpha_6": 0.09555757931778446,
    "beta_6": 0.09555632239361429,
    "gamma_6": 0.09555771694418987,
    "epsilon_6": -6.475063906895661e-07,
    "epsilon_prime_6": 7.184048419618627e-07,
    "f7": 2.8436145964370465e-114,
    "g7": 2.7172723300293796e-115,
    "h7": 2.5965434713954063e-116,
    "t7": 2.4811786159001626e-117,
    "alpha_7": 0.09555698347568022,
    "beta_7": 0.09555698347568026,
    "gamma_7": 0.09555698347568026,
    "epsilon_7": 2.1447490248440517e-17,
    "epsilon_prime_7": 0.0,
    "f8": 0.0,
    "g8": 0.0,
    "h8": 0.0,
    "t8": 0.0,
    "alpha_8": 0.09555698347568023,
    "beta_8": 0.09555698347568026,
    "gamma_8": 0.09555698347568024,
    "epsilon_8": 1.429832683229368e-17,
    "epsilon_prime_8": -7.14916341614684e-18,
    "f9": 0.0,
    "g9": 0.0,
    "h9": 0.0,
    "t9": 0.0,
    "alpha_9": NaN,
    "beta_9": NaN,
    "gamma_9": NaN,
    "epsilon_9": NaN,
    "epsilon_prime_9": NaN,
    "f10": 0.0,
    "g10": 0.0,
    "h10": 0.0,
    "t10": 0.0,
    "alpha_10": NaN,
    "beta_10": NaN,
    "gamma_10": NaN,
    "epsilon_10": NaN,
    "epsilon_prime_10": NaN,
    "f11": 0.0,
    "g11": 0.0,
    "h11": 0.0,
    "t11": 0.0,
    "alpha_11": NaN,
    "beta_11": NaN,
    "gamma_11": NaN,
    "epsilon_11": NaN,
    "epsilon_prime_11": NaN,
    "f12": 0.0,
    "g12": 0.0,
    "h12": 0.0,
    "t12": 0.0,
    "alpha_12": NaN,
    "beta_12": NaN,
    "gamma_12": NaN,
    "epsilon_12": NaN,
    "epsilon_prime_12": NaN,
    "f13": 0.0,
    "g13": 0.0,
    "h13": 0.0,
    "t13": 0.0,
    "alpha_13": NaN,
    "beta_13": NaN,
    "gamma_13": NaN,
    "epsilon_13": NaN,
    "epsilon_prime_13": NaN,
    "f14": 0.0,
    "g14": 0.0,
    "h14": 0.0,
    "t14": 0.0,
    "alpha_14": NaN,
    "beta_14": NaN,
    "gamma_14": NaN,
    "epsilon_14": NaN,
    "epsilon_prime_14": NaN,
    "f15": 0.0,
    "g15": 0.0,
    "h15": 0.0,
    "t15": 0.0,
    "alpha_15": NaN,
    "beta_15": NaN,
    "gamma_15": NaN,
    "epsilon_15": NaN,
    "epsilon_prime_15": NaN,
    "f16": 0.0,
    "g16": 0.0,
    "h16": 0.0,
    "t16": 0.0,
    "alpha_16": NaN,
    "beta_16": NaN,
    "gamma_16": NaN,
    "epsilon_16": NaN,
    "epsilon_prime_16": NaN,
    "f17": 0.0,
    "g17": 0.0,
    "h17": 0.0,
    "t17": 0.0,
    "alpha_17": NaN,
    "beta_17": NaN,
    "gamma_17": NaN,
    "epsilon_17": NaN,
    "epsilon_prime_17": NaN,
    "f18": 0.0,
    "g18": 0.0,
    "h18": 0.0,
    "t18": 0.0,
    "alpha_18": NaN,
    "beta_18": NaN,
    "gamma_18": NaN,
    "epsilon_18": NaN,
    "epsilon_prime_18": NaN,
    "f19": 0.0,
    "g19": 0.0,
    "h19": 0.0,
    "t19": 0.0,
    "alpha_19": NaN,
    "beta_19": NaN,
    "gamma_19": NaN,
    "epsilon_19": NaN,
    "epsilon_prime_19": NaN,
    "f20": 0.0,
    "g20": 0.0,
    "h20": 0.0,
    "t20": 0.0,
    "alpha_20": NaN,
    "beta_20": NaN,
    "gamma_20": NaN,
    "epsilon_20": NaN,
    "epsilon_prime_20": NaN
}