{
    "f0": 0.03593699999999999,
    "g0": 0.07296299999999999,
    "h0": 0,
    "t0": 0,
    "f1": 0.0031104670251693037,
    "g1": 0.002024763481798199,
    "h1": 0.0009681657520444465,
    "t1": 0.0003884257807603468,
    "alpha_1": 2.0303030303030303,
    "beta_1": 0.0,
    "gamma_1": 9999,
    "epsilon_1": -0.9999999999999998,
    "epsilon_prime_1": 4924.880597014924,
    "f2": 3.4368583602930815e-07,
    "g2": 1.933718469021308e-07,
    "h2": 1.082827796894073e-07,
    "t2": 6.03577779253405e-08,
    "alpha_2": 0.65095159839799,
    "beta_2": 0.4781623931623931,
    "gamma_2": 0.40119760479041916,
    "epsilon_2": -0.08510513093693577,
    "epsilon_prime_2": -0.03790803009365881,
    "f3": 3.893153292717924e-19,
    "g3": 2.184978334264693e-19,
    "h3": 1.2262869121810625e-19,
    "t3": 6.882344046022366e-20,
    "alpha_3": 0.5626413038611251,
    "beta_3": 0.5599717922961728,
    "gamma_3": 0.5574088335972498,
    "epsilon_3": -0.0013148340543795009,
    "epsilon_prime_3": -0.0012623527920068403,
    "f4": 5.641965880510587e-55,
    "g4": 3.1664725715730178e-55,
    "h4": 1.7771373948144427e-55,
    "t4": 9.973929186692492e-56,
    "alpha_4": 0.5612361420115815,
    "beta_4": 0.5612352731148443,
    "gamma_4": 0.5612344042538538,
    "epsilon_4": -4.279640645497747e-07,
    "epsilon_prime_4": -4.279464580017144e-07,
    "f5": 1.717184206869598e-162,
    "g5": 9.637450503154035e-163,
    "h5": 5.408881110668012e-163,
    "t5": 3.0356570816904994e-163,
    "alpha_5": 0.5612356824969771,
    "beta_5": 0.5612356824968829,
    "gamma_5": 0.5612356824967889,
    "epsilon_5": -4.637086734494086e-14,
    "epsilon_prime_5": -4.6316184718354844e-14,
    "f6": 0.0,
    "g6": 0.0,
    "h6": 0.0,
    "t6": 0.0,
    "alpha_6": 0.5612356824969272,
    "beta_6": 0.5612356824969275,
    "gamma_6": 0.5612356824969272,
    "epsilon_6": 1.0936525317203033e-16,
    "epsilon_prime_6": -1.0936525317203033e-16,
    "f7": 0.0,
    "g7": 0.0,
    "h7": 0.0,
    "t7": 0.0,
    "alpha_7": NaN,
    "beta_7": NaN,
    "gamma_7": NaN,
    "epsilon_7": NaN,
    "epsilon_prime_7": NaN,
    "f8": 0.0,
    "g8": 0.0,
    "h8": 0.0,
    "t8": 0.0,
    "alpha_8": NaN,
    "beta_8": NaN,
    "gamma_8": NaN,
    "epsilon_8": NaN,
    "epsilon_prime_8": NaN,
    "f9": 0.0,
    "g9": 0.0,
    "h9": 0.0,
    "t9": 0.0,
    "alpha_9": NaN,
    "beta_9": NaN,
    "gamma_9": NaN,
    "epsilon_9": NaN,
    "epsilon_prime_9": NaN,
    "f10": 0.0,
    "g10": 0.0,
    "h10": 0.0,
    "t10": 0.0,
    "alpha_10": NaN,
    "beta_10": NaN,
    "gamma_10": NaN,
    "epsilon_10": NaN,
    "epsilon_prime_10": NaN,
    "f11": 0.0,
    "g11": 0.0,
    "h11": 0.0,
    "t11": 0.0,
    "alpha_11": NaN,
    "beta_11": NaN,
    "gamma_11": NaN,
    "epsilon_11": NaN,
    "epsilon_prime_11": NaN,
    "f12": 0.0,
    "g12": 0.0,
    "h12": 0.0,
    "t12": 0.0,
    "alpha_12": NaN,
    "beta_12": NaN,
    "gamma_12": NaN,
    "epsilon_12": NaN,
    "epsilon_prime_12": NaN,
    "f13": 0.0,
    "g13": 0.0,
    "h13": 0.0,
    "t13": 0.0,
    "alpha_13": NaN,
    "beta_13": NaN,
    "gamma_13": NaN,
    "epsilon_13": NaN,
    "epsilon_prime_13": NaN,
    "f14": 0.0,
    "g14": 0.0,
    "h14": 0.0,
    "t14": 0.0,
    "alpha_14": NaN,
    "beta_14": NaN,
    "gamma_14": NaN,
    "epsilon_14": NaN,
    "epsilon_prime_14": NaN,
    "f15": 0.0,
    "g15": 0.0,
    "h15": 0.0,
    "t15": 0.0,
    "alpha_15": NaN,
    "beta_15": NaN,
    "gamma_15": NaN,
    "epsilon_15": NaN,
    "epsilon_prime_15": NaN,
    "f16": 0.0,
    "g16": 0.0,
    "h16": 0.0,
    "t16": 0.0,
    "alpha_16": NaN,
    "beta_16": NaN,
    "gamma_16": NaN,
    "epsilon_16": NaN,
    "epsilon_prime_16": NaN,
    "f17": 0.0,
    "g17": 0.0,
    "h17": 0.0,
    "t17": 0.0,
    "alpha_17": NaN,
    "beta_17": NaN,
    "gamma_17": NaN,
    "epsilon_17": NaN,
    "epsilon_prime_17": NaN,
    "f18": 0.0,
    "g18": 0.0,
    "h18": 0.0,
    "t18": 0.0,
    "alpha_18": NaN,
    "beta_18": NaN,
    "gamma_18": NaN,
    "epsilon_18": NaN,
    "epsilon_prime_18": NaN,
    "f19": 0.0,
    "g19": 0.0,
    "h19": 0.0,
    "t19": 0.0,
    "alpha_19": NaN,
    "beta_19": NaN,
    "gamma_19": NaN,
    "epsilon_19": NaN,
    "epsilon_prime_19": NaN,
    "f20": 0.0,
    "g20": 0.0,
    "h20": 0.0,
    "t20": 0.0,
    "alpha_20": NaN,
    "beta_20": NaN,
    "gamma_20": NaN,
    "epsilon_20": NaN,
    "epsilon_prime_20": NaN
}