{
    "f1": 0.0003290996166683937,
    "g1": 0.0005710871358917995,
    "h1": 0.0005739425715712586,
    "t1": 0.0007768515615206936,
    "alpha_1": 1.7353017353017353,
    "epsilon_1": 0.0,
    "beta_1": 1.0050000000000001,
    "gamma_1": 1.3535353535353538,
    "epsilon_prime_1": -0.17166666666666672,
    "f2": 2.578963844933794e-09,
    "g2": 3.3789351997072852e-09,
    "h2": 4.39154034157879e-09,
    "t2": 5.668457666106154e-09,
    "alpha_2": 1.3101909925356194,
    "epsilon_2": 0.0,
    "beta_2": 1.2996817287171492,
    "gamma_2": 1.290767526928445,
    "epsilon_prime_2": 0.004390577000406475,
    "f3": 8.1138710222965775e-25,
    "g3": 1.0570739251590256e-24,
    "h3": 1.3771439168532537e-24,
    "t3": 1.7941138755949218e-24,
    "alpha_3": 1.302798531372055,
    "epsilon_3": 0.0,
    "beta_3": 1.3027886546781267,
    "gamma_3": 1.3027787826957375,
    "epsilon_prime_3": 4.862319684188081e-06,
    "f4": 2.503886184810925e-71,
    "g4": 3.2620413745441522e-71,
    "h4": 4.249759431442211e-71,
    "t4": 5.536550016175187e-71,
    "alpha_4": 1.3027913945659146,
    "epsilon_4": 0.0,
    "beta_4": 1.3027913945561422,
    "gamma_4": 1.30279139454637,
    "epsilon_prime_4": 4.813164792101055e-12,
    "f5": 7.358175938684778e-211,
    "g5": 9.586168292568538e-211,
    "h5": 1.248877755835122e-210,
    "t5": 1.6270271931579687e-210,
    "alpha_5": 1.3027913945588527,
    "epsilon_5": 0.0,
    "beta_5": 1.3027913945588525,
    "gamma_5": 1.3027913945588525,
    "epsilon_prime_5": 0.0
}