{
    "f0": 0.03593699999999999,
    "g0": 0.07296299999999999,
    "h0": 0,
    "t0": 0,
    "f1": 0.0031104670251693037,
    "g1": 0.002024763481798199,
    "h1": 0.0009681657520444465,
    "t1": 0.0003884257807603468,
    "beta_1": 0.4781623931623931,
    "alpha_1": 0.65095159839799,
    "epsilon_1": -0.08510513093693577,
    "gamma_1": 0.40119760479041916,
    "epsilon_prime_1": -0.03790803009365881,
    "f2": 3.4368583602930815e-07,
    "g2": 1.933718469021308e-07,
    "h2": 1.082827796894073e-07,
    "t2": 6.03577779253405e-08,
    "beta_2": 0.5599717922961728,
    "alpha_2": 0.5626413038611251,
    "epsilon_2": -0.0013148340543795009,
    "gamma_2": 0.5574088335972498,
    "epsilon_prime_2": -0.0012623527920068403,
    "f3": 3.893153292717924e-19,
    "g3": 2.184978334264693e-19,
    "h3": 1.2262869121810625e-19,
    "t3": 6.882344046022366e-20,
    "beta_3": 0.5612352731148443,
    "alpha_3": 0.5612361420115815,
    "epsilon_3": -4.279640645497747e-07,
    "gamma_3": 0.5612344042538538,
    "epsilon_prime_3": -4.279464580017144e-07,
    "f4": 5.641965880510587e-55,
    "g4": 3.1664725715730178e-55,
    "h4": 1.7771373948144427e-55,
    "t4": 9.973929186692492e-56,
    "beta_4": 0.5612356824968829,
    "alpha_4": 0.5612356824969771,
    "epsilon_4": -4.637086734494086e-14,
    "gamma_4": 0.5612356824967889,
    "epsilon_prime_4": -4.6316184718354844e-14,
    "f5": 1.717184206869598e-162,
    "g5": 9.637450503154035e-163,
    "h5": 5.408881110668012e-163,
    "t5": 3.0356570816904994e-163,
    "beta_5": 0.5612356824969275,
    "alpha_5": 0.5612356824969272,
    "epsilon_5": 1.0936525317203033e-16,
    "gamma_5": 0.5612356824969272,
    "epsilon_prime_5": -1.0936525317203033e-16
}