{
    "f0": 0.03593699999999999,
    "g0": 0.07296299999999999,
    "h0": 0,
    "t0": 0,
    "f1": 0.05860742520599995,
    "g1": 0.03972835349999997,
    "h1": 0.00019717034699999987,
    "t1": 0.0004003155529999998,
    "alpha_1": 2.0303030303030303,
    "beta_1": 0.0,
    "gamma_1": 9999,
    "epsilon_1": -0.9999999999999998,
    "epsilon_prime_1": 4924.880597014924,
    "f2": 0.03795972764468866,
    "g2": 0.013061063377395392,
    "h2": 0.0002540941632010091,
    "t2": 0.0001297202753549565,
    "alpha_2": 0.677872357646805,
    "beta_2": 0.004962962962962963,
    "gamma_2": 2.0303030303030307,
    "epsilon_2": -0.3314329854412953,
    "epsilon_prime_2": 0.9975555555555555,
    "f3": 0.003368425697067971,
    "g3": 0.0005213759304149459,
    "h3": 2.8907725695312595e-05,
    "t3": 4.99106929129392e-06,
    "alpha_3": 0.34407684637913627,
    "beta_3": 0.019454324342439565,
    "gamma_3": 0.5105204846926659,
    "epsilon_3": -0.15988870488374612,
    "epsilon_prime_3": 0.2418684073366786,
    "f4": 5.819413445289297e-07,
    "g4": 5.7594114280323307e-08,
    "h4": 5.3182082642376745e-09,
    "t4": 5.301465381147629e-10,
    "alpha_4": 0.15478326592413033,
    "beta_4": 0.05544507141383741,
    "gamma_4": 0.1726552044909996,
    "epsilon_4": -0.04892776744536815,
    "epsilon_prime_4": 0.057730364052930624,
    "f5": 1.4789630703835063e-18,
    "g5": 1.4163271427748968e-19,
    "h5": 1.3563128876303467e-20,
    "t5": 1.2988744498647467e-21,
    "alpha_5": 0.09896893359062611,
    "beta_5": 0.09233944007460168,
    "gamma_5": 0.09968517812281567,
    "epsilon_5": -0.003265272925803078,
    "epsilon_prime_5": 0.0036180500834486823,
    "f6": 2.3154760356212302e-53,
    "g6": 2.2173886300323708e-54,
    "h6": 2.123456369643522e-55,
    "t6": 2.0335032356118036e-56,
    "alpha_6": 0.09576487548182204,
    "beta_6": 0.09576268410510237,
    "gamma_6": 0.09576510418138455,
    "epsilon_6": -1.079334802224517e-06,
    "epsilon_prime_6": 1.1919778703264757e-06,
    "f7": 8.88551164135612e-158,
    "g7": 8.509106629677214e-159,
    "h7": 8.148646758642499e-160,
    "t7": 7.803456565645804e-161,
    "alpha_7": 0.09576383412827924,
    "beta_7": 0.09576383412827918,
    "gamma_7": 0.0957638341282793,
    "epsilon_7": -2.7341313293007582e-17,
    "epsilon_prime_7": 5.4682626586015164e-17,
    "f8": 0.0,
    "g8": 0.0,
    "h8": 0.0,
    "t8": 0.0,
    "alpha_8": 0.09576383412827921,
    "beta_8": 0.09576383412827924,
    "gamma_8": 0.09576383412827921,
    "epsilon_8": 1.3670656646503791e-17,
    "epsilon_prime_8": -1.3670656646503791e-17,
    "f9": 0.0,
    "g9": 0.0,
    "h9": 0.0,
    "t9": 0.0,
    "alpha_9": NaN,
    "beta_9": NaN,
    "gamma_9": NaN,
    "epsilon_9": NaN,
    "epsilon_prime_9": NaN,
    "f10": 0.0,
    "g10": 0.0,
    "h10": 0.0,
    "t10": 0.0,
    "alpha_10": NaN,
    "beta_10": NaN,
    "gamma_10": NaN,
    "epsilon_10": NaN,
    "epsilon_prime_10": NaN,
    "f11": 0.0,
    "g11": 0.0,
    "h11": 0.0,
    "t11": 0.0,
    "alpha_11": NaN,
    "beta_11": NaN,
    "gamma_11": NaN,
    "epsilon_11": NaN,
    "epsilon_prime_11": NaN,
    "f12": 0.0,
    "g12": 0.0,
    "h12": 0.0,
    "t12": 0.0,
    "alpha_12": NaN,
    "beta_12": NaN,
    "gamma_12": NaN,
    "epsilon_12": NaN,
    "epsilon_prime_12": NaN,
    "f13": 0.0,
    "g13": 0.0,
    "h13": 0.0,
    "t13": 0.0,
    "alpha_13": NaN,
    "beta_13": NaN,
    "gamma_13": NaN,
    "epsilon_13": NaN,
    "epsilon_prime_13": NaN,
    "f14": 0.0,
    "g14": 0.0,
    "h14": 0.0,
    "t14": 0.0,
    "alpha_14": NaN,
    "beta_14": NaN,
    "gamma_14": NaN,
    "epsilon_14": NaN,
    "epsilon_prime_14": NaN,
    "f15": 0.0,
    "g15": 0.0,
    "h15": 0.0,
    "t15": 0.0,
    "alpha_15": NaN,
    "beta_15": NaN,
    "gamma_15": NaN,
    "epsilon_15": NaN,
    "epsilon_prime_15": NaN,
    "f16": 0.0,
    "g16": 0.0,
    "h16": 0.0,
    "t16": 0.0,
    "alpha_16": NaN,
    "beta_16": NaN,
    "gamma_16": NaN,
    "epsilon_16": NaN,
    "epsilon_prime_16": NaN,
    "f17": 0.0,
    "g17": 0.0,
    "h17": 0.0,
    "t17": 0.0,
    "alpha_17": NaN,
    "beta_17": NaN,
    "gamma_17": NaN,
    "epsilon_17": NaN,
    "epsilon_prime_17": NaN,
    "f18": 0.0,
    "g18": 0.0,
    "h18": 0.0,
    "t18": 0.0,
    "alpha_18": NaN,
    "beta_18": NaN,
    "gamma_18": NaN,
    "epsilon_18": NaN,
    "epsilon_prime_18": NaN,
    "f19": 0.0,
    "g19": 0.0,
    "h19": 0.0,
    "t19": 0.0,
    "alpha_19": NaN,
    "beta_19": NaN,
    "gamma_19": NaN,
    "epsilon_19": NaN,
    "epsilon_prime_19": NaN,
    "f20": 0.0,
    "g20": 0.0,
    "h20": 0.0,
    "t20": 0.0,
    "alpha_20": NaN,
    "beta_20": NaN,
    "gamma_20": NaN,
    "epsilon_20": NaN,
    "epsilon_prime_20": NaN
}