{
    "f0": 0.032767999999999985,
    "g0": 0.06963199999999999,
    "h0": 0,
    "t0": 0,
    "f1": 0.0025889375665520617,
    "g1": 0.0017231408791551987,
    "h1": 0.0008341170086215674,
    "t1": 0.0003376187892039678,
    "beta_1": 0.4840677966101695,
    "alpha_1": 0.6655783829696874,
    "epsilon_1": -0.08541674652212604,
    "gamma_1": 0.40476190476190477,
    "epsilon_prime_1": -0.03732041969330105,
    "f2": 2.0516522539226987e-07,
    "g2": 1.1738168289701985e-07,
    "h2": 6.681556688400438e-08,
    "t2": 3.784592724519464e-08,
    "beta_2": 0.5692162970829304,
    "alpha_2": 0.5721324492130161,
    "epsilon_2": -0.001372306884746197,
    "gamma_2": 0.5664237992756586,
    "epsilon_prime_2": -0.0013141166151867598,
    "f3": 8.504984573129173e-20,
    "g3": 4.85282538853883e-20,
    "h3": 2.7689493571062614e-20,
    "t3": 1.5799180955293413e-20,
    "beta_3": 0.5705849964529598,
    "alpha_3": 0.5705860306755816,
    "epsilon_3": -4.866929984777524e-07,
    "gamma_3": 0.5705839622796359,
    "epsilon_prime_3": -4.866697994664129e-07,
    "f4": 6.039140405253118e-57,
    "g4": 3.445845823739979e-57,
    "h4": 1.966149591530454e-57,
    "t4": 1.1218564073997806e-57,
    "beta_4": 0.5705854794735059,
    "alpha_4": 0.5705854794736394,
    "epsilon_4": -6.279943885173825e-14,
    "gamma_4": 0.570585479473373,
    "epsilon_prime_4": -6.253820990476762e-14,
    "f5": 2.1621181038141635e-168,
    "g5": 1.2336731949432866e-168,
    "h5": 7.039160114504042e-169,
    "t5": 4.0164425490255065e-169,
    "beta_5": 0.5705854794735684,
    "alpha_5": 0.5705854794735682,
    "epsilon_5": 1.0449157878825e-16,
    "gamma_5": 0.5705854794735683,
    "epsilon_prime_5": -5.2245789394125e-17
}