{
    "f1": 0.00025948474415513566,
    "g1": 0.0004672924418047995,
    "h1": 0.00047663829064089556,
    "t1": 0.0006752375784079356,
    "alpha_1": 1.8008474576271192,
    "epsilon_1": 0.0,
    "beta_1": 1.02,
    "gamma_1": 1.416666666666667,
    "epsilon_prime_1": -0.18666666666666676,
    "f2": 1.363336988394661e-09,
    "g2": 1.8342114679170884e-09,
    "h2": 2.4476480960992674e-09,
    "t2": 3.2432505920184595e-09,
    "alpha_2": 1.3453837778412259,
    "epsilon_2": 0.0,
    "beta_2": 1.3344416055138895,
    "gamma_2": 1.3250477457062215,
    "epsilon_prime_2": 0.004420639909490793,
    "f3": 1.269841117740176e-25,
    "g3": 1.698561709067279e-25,
    "h3": 2.272007778614268e-25,
    "t3": 3.039028972024731e-25,
    "alpha_3": 1.3376175061097872,
    "epsilon_3": 0.0,
    "beta_3": 1.3376068508349233,
    "gamma_3": 1.337596200431268,
    "epsilon_prime_3": 5.011954661280609e-06,
    "f4": 1.0164876988594918e-73,
    "g4": 1.3596638574563973e-73,
    "h4": 1.8186996333865316e-73,
    "t4": 2.4327103631631126e-73,
    "alpha_4": 1.3376097506954114,
    "epsilon_4": 0.0,
    "beta_4": 1.3376097506841724,
    "gamma_4": 1.3376097506729328,
    "epsilon_prime_4": 5.289259226682427e-12,
    "f5": 5.21382234423428e-218,
    "g5": 6.974059605998727e-218,
    "h5": 9.328570130857841e-218,
    "t5": 1.2477986367005099e-217,
    "alpha_5": 1.3376097506872306,
    "epsilon_5": 0.0,
    "beta_5": 1.3376097506872302,
    "gamma_5": 1.33760975068723,
    "epsilon_prime_5": 1.0449157878825e-16
}