{
    "f0": 0.032767999999999985,
    "g0": 0.06963199999999999,
    "h0": 0,
    "t0": 0,
    "f1": 0.0025889375665520617,
    "g1": 0.0017231408791551987,
    "h1": 0.0008341170086215674,
    "t1": 0.0003376187892039678,
    "alpha_1": 2.1250000000000004,
    "beta_1": 0.0,
    "gamma_1": 9999,
    "epsilon_1": -1.0,
    "epsilon_prime_1": 4705.411764705881,
    "f2": 2.0516522539226987e-07,
    "g2": 1.1738168289701985e-07,
    "h2": 6.681556688400438e-08,
    "t2": 3.784592724519464e-08,
    "alpha_2": 0.6655783829696874,
    "beta_2": 0.4840677966101695,
    "gamma_2": 0.40476190476190477,
    "epsilon_2": -0.08541674652212604,
    "epsilon_prime_2": -0.03732041969330105,
    "f3": 8.504984573129173e-20,
    "g3": 4.85282538853883e-20,
    "h3": 2.7689493571062614e-20,
    "t3": 1.5799180955293413e-20,
    "alpha_3": 0.5721324492130161,
    "beta_3": 0.5692162970829304,
    "gamma_3": 0.5664237992756586,
    "epsilon_3": -0.001372306884746197,
    "epsilon_prime_3": -0.0013141166151867598,
    "f4": 6.039140405253118e-57,
    "g4": 3.445845823739979e-57,
    "h4": 1.966149591530454e-57,
    "t4": 1.1218564073997806e-57,
    "alpha_4": 0.5705860306755816,
    "beta_4": 0.5705849964529598,
    "gamma_4": 0.5705839622796359,
    "epsilon_4": -4.866929984777524e-07,
    "epsilon_prime_4": -4.866697994664129e-07,
    "f5": 2.1621181038141635e-168,
    "g5": 1.2336731949432866e-168,
    "h5": 7.039160114504042e-169,
    "t5": 4.0164425490255065e-169,
    "alpha_5": 0.5705854794736394,
    "beta_5": 0.5705854794735059,
    "gamma_5": 0.570585479473373,
    "epsilon_5": -6.279943885173825e-14,
    "epsilon_prime_5": -6.253820990476762e-14,
    "f6": 0.0,
    "g6": 0.0,
    "h6": 0.0,
    "t6": 0.0,
    "alpha_6": 0.5705854794735682,
    "beta_6": 0.5705854794735684,
    "gamma_6": 0.5705854794735683,
    "epsilon_6": 1.0449157878825e-16,
    "epsilon_prime_6": -5.2245789394125e-17,
    "f7": 0.0,
    "g7": 0.0,
    "h7": 0.0,
    "t7": 0.0,
    "alpha_7": NaN,
    "beta_7": NaN,
    "gamma_7": NaN,
    "epsilon_7": NaN,
    "epsilon_prime_7": NaN,
    "f8": 0.0,
    "g8": 0.0,
    "h8": 0.0,
    "t8": 0.0,
    "alpha_8": NaN,
    "beta_8": NaN,
    "gamma_8": NaN,
    "epsilon_8": NaN,
    "epsilon_prime_8": NaN,
    "f9": 0.0,
    "g9": 0.0,
    "h9": 0.0,
    "t9": 0.0,
    "alpha_9": NaN,
    "beta_9": NaN,
    "gamma_9": NaN,
    "epsilon_9": NaN,
    "epsilon_prime_9": NaN,
    "f10": 0.0,
    "g10": 0.0,
    "h10": 0.0,
    "t10": 0.0,
    "alpha_10": NaN,
    "beta_10": NaN,
    "gamma_10": NaN,
    "epsilon_10": NaN,
    "epsilon_prime_10": NaN,
    "f11": 0.0,
    "g11": 0.0,
    "h11": 0.0,
    "t11": 0.0,
    "alpha_11": NaN,
    "beta_11": NaN,
    "gamma_11": NaN,
    "epsilon_11": NaN,
    "epsilon_prime_11": NaN,
    "f12": 0.0,
    "g12": 0.0,
    "h12": 0.0,
    "t12": 0.0,
    "alpha_12": NaN,
    "beta_12": NaN,
    "gamma_12": NaN,
    "epsilon_12": NaN,
    "epsilon_prime_12": NaN,
    "f13": 0.0,
    "g13": 0.0,
    "h13": 0.0,
    "t13": 0.0,
    "alpha_13": NaN,
    "beta_13": NaN,
    "gamma_13": NaN,
    "epsilon_13": NaN,
    "epsilon_prime_13": NaN,
    "f14": 0.0,
    "g14": 0.0,
    "h14": 0.0,
    "t14": 0.0,
    "alpha_14": NaN,
    "beta_14": NaN,
    "gamma_14": NaN,
    "epsilon_14": NaN,
    "epsilon_prime_14": NaN,
    "f15": 0.0,
    "g15": 0.0,
    "h15": 0.0,
    "t15": 0.0,
    "alpha_15": NaN,
    "beta_15": NaN,
    "gamma_15": NaN,
    "epsilon_15": NaN,
    "epsilon_prime_15": NaN,
    "f16": 0.0,
    "g16": 0.0,
    "h16": 0.0,
    "t16": 0.0,
    "alpha_16": NaN,
    "beta_16": NaN,
    "gamma_16": NaN,
    "epsilon_16": NaN,
    "epsilon_prime_16": NaN,
    "f17": 0.0,
    "g17": 0.0,
    "h17": 0.0,
    "t17": 0.0,
    "alpha_17": NaN,
    "beta_17": NaN,
    "gamma_17": NaN,
    "epsilon_17": NaN,
    "epsilon_prime_17": NaN,
    "f18": 0.0,
    "g18": 0.0,
    "h18": 0.0,
    "t18": 0.0,
    "alpha_18": NaN,
    "beta_18": NaN,
    "gamma_18": NaN,
    "epsilon_18": NaN,
    "epsilon_prime_18": NaN,
    "f19": 0.0,
    "g19": 0.0,
    "h19": 0.0,
    "t19": 0.0,
    "alpha_19": NaN,
    "beta_19": NaN,
    "gamma_19": NaN,
    "epsilon_19": NaN,
    "epsilon_prime_19": NaN,
    "f20": 0.0,
    "g20": 0.0,
    "h20": 0.0,
    "t20": 0.0,
    "alpha_20": NaN,
    "beta_20": NaN,
    "gamma_20": NaN,
    "epsilon_20": NaN,
    "epsilon_prime_20": NaN
}