{
    "f0": 0.032767999999999985,
    "g0": 0.06963199999999999,
    "h0": 0,
    "t0": 0,
    "f1": 0.04866785923260509,
    "g1": 0.03452443723211255,
    "h1": 0.000163742753742539,
    "t1": 0.00034795335170289545,
    "alpha_1": 2.1250000000000004,
    "beta_1": 0.0,
    "gamma_1": 9999,
    "epsilon_1": -1.0,
    "epsilon_prime_1": 4705.411764705881,
    "f2": 0.023793513080665695,
    "g2": 0.008556372434455227,
    "h2": 0.00015935136220887917,
    "t2": 8.51038686568014e-05,
    "alpha_2": 0.7093888610778027,
    "beta_2": 0.004742807323452484,
    "gamma_2": 2.1250000000000004,
    "epsilon_2": -0.3315981429432236,
    "epsilon_prime_2": 0.9977680906713166,
    "f3": 0.0009046531828246619,
    "g3": 0.00014501229947387964,
    "h3": 7.77674565189337e-06,
    "t3": 1.3939694397449055e-06,
    "alpha_3": 0.3596094618498361,
    "beta_3": 0.018623705715192476,
    "gamma_3": 0.5340642682755764,
    "epsilon_3": -0.16046388523983227,
    "epsilon_prime_3": 0.24256026473429826,
    "f4": 1.2011863591922331e-08,
    "g4": 1.199193677957422e-09,
    "h4": 1.1017887150560996e-10,
    "t4": 1.1090534405367858e-11,
    "alpha_4": 0.16029601423729875,
    "beta_4": 0.053628179679297866,
    "gamma_4": 0.1792484288598949,
    "epsilon_4": -0.05019662802729452,
    "epsilon_prime_4": 0.05911541137910447,
    "f5": 1.3212404144133212e-23,
    "g5": 1.2679582120355151e-24,
    "h5": 1.2167770826406967e-25,
    "t5": 1.1677121633737679e-26,
    "alpha_5": 0.09983410723743556,
    "beta_5": 0.09187746194032381,
    "gamma_5": 0.10065935740504624,
    "epsilon_5": -0.003744303669229058,
    "epsilon_prime_5": 0.00413265668928114,
    "f6": 1.6608471814556057e-68,
    "g6": 1.5938397821233172e-69,
    "h6": 1.5295358172884358e-70,
    "t6": 1.4678262160400803e-71,
    "alpha_6": 0.09596725911525608,
    "beta_6": 0.09596350030237552,
    "gamma_6": 0.09596763285839947,
    "epsilon_6": -1.7688531202640059e-06,
    "epsilon_prime_6": 1.9447322465661247e-06,
    "f7": 3.2988424045947585e-203,
    "g7": 3.1657495753404473e-204,
    "h7": 3.038026417936554e-205,
    "t7": 2.915456291291724e-206,
    "alpha_7": 0.09596546870293259,
    "beta_7": 0.09596546870293227,
    "gamma_7": 0.09596546870293274,
    "epsilon_7": -1.5020664450810937e-16,
    "epsilon_prime_7": 2.2204460492503126e-16,
    "f8": 0.0,
    "g8": 0.0,
    "h8": 0.0,
    "t8": 0.0,
    "alpha_8": 0.09596546870293245,
    "beta_8": 0.09596546870293246,
    "gamma_8": 0.09596546870293247,
    "epsilon_8": 6.530723674265625e-18,
    "epsilon_prime_8": 6.530723674265625e-18,
    "f9": 0.0,
    "g9": 0.0,
    "h9": 0.0,
    "t9": 0.0,
    "alpha_9": NaN,
    "beta_9": NaN,
    "gamma_9": NaN,
    "epsilon_9": NaN,
    "epsilon_prime_9": NaN,
    "f10": 0.0,
    "g10": 0.0,
    "h10": 0.0,
    "t10": 0.0,
    "alpha_10": NaN,
    "beta_10": NaN,
    "gamma_10": NaN,
    "epsilon_10": NaN,
    "epsilon_prime_10": NaN,
    "f11": 0.0,
    "g11": 0.0,
    "h11": 0.0,
    "t11": 0.0,
    "alpha_11": NaN,
    "beta_11": NaN,
    "gamma_11": NaN,
    "epsilon_11": NaN,
    "epsilon_prime_11": NaN,
    "f12": 0.0,
    "g12": 0.0,
    "h12": 0.0,
    "t12": 0.0,
    "alpha_12": NaN,
    "beta_12": NaN,
    "gamma_12": NaN,
    "epsilon_12": NaN,
    "epsilon_prime_12": NaN,
    "f13": 0.0,
    "g13": 0.0,
    "h13": 0.0,
    "t13": 0.0,
    "alpha_13": NaN,
    "beta_13": NaN,
    "gamma_13": NaN,
    "epsilon_13": NaN,
    "epsilon_prime_13": NaN,
    "f14": 0.0,
    "g14": 0.0,
    "h14": 0.0,
    "t14": 0.0,
    "alpha_14": NaN,
    "beta_14": NaN,
    "gamma_14": NaN,
    "epsilon_14": NaN,
    "epsilon_prime_14": NaN,
    "f15": 0.0,
    "g15": 0.0,
    "h15": 0.0,
    "t15": 0.0,
    "alpha_15": NaN,
    "beta_15": NaN,
    "gamma_15": NaN,
    "epsilon_15": NaN,
    "epsilon_prime_15": NaN,
    "f16": 0.0,
    "g16": 0.0,
    "h16": 0.0,
    "t16": 0.0,
    "alpha_16": NaN,
    "beta_16": NaN,
    "gamma_16": NaN,
    "epsilon_16": NaN,
    "epsilon_prime_16": NaN,
    "f17": 0.0,
    "g17": 0.0,
    "h17": 0.0,
    "t17": 0.0,
    "alpha_17": NaN,
    "beta_17": NaN,
    "gamma_17": NaN,
    "epsilon_17": NaN,
    "epsilon_prime_17": NaN,
    "f18": 0.0,
    "g18": 0.0,
    "h18": 0.0,
    "t18": 0.0,
    "alpha_18": NaN,
    "beta_18": NaN,
    "gamma_18": NaN,
    "epsilon_18": NaN,
    "epsilon_prime_18": NaN,
    "f19": 0.0,
    "g19": 0.0,
    "h19": 0.0,
    "t19": 0.0,
    "alpha_19": NaN,
    "beta_19": NaN,
    "gamma_19": NaN,
    "epsilon_19": NaN,
    "epsilon_prime_19": NaN,
    "f20": 0.0,
    "g20": 0.0,
    "h20": 0.0,
    "t20": 0.0,
    "alpha_20": NaN,
    "beta_20": NaN,
    "gamma_20": NaN,
    "epsilon_20": NaN,
    "epsilon_prime_20": NaN
}