{
    "f0": 0.029791000000000015,
    "g0": 0.06630900000000002,
    "h0": 0,
    "t0": 0,
    "f1": 0.0021415304071867444,
    "g1": 0.0014574585449382014,
    "h1": 0.0007140934492657297,
    "t1": 0.00029155294674162926,
    "beta_1": 0.4899579831932773,
    "alpha_1": 0.6805686905248359,
    "epsilon_1": -0.0856366945982365,
    "gamma_1": 0.40828402366863903,
    "epsilon_prime_1": -0.0366940977574462,
    "f2": 1.2025680094847505e-07,
    "g2": 6.995697604334376e-08,
    "h2": 4.047340981193711e-08,
    "t2": 2.32927576403355e-08,
    "beta_2": 0.5785471599981781,
    "alpha_2": 0.5817298937905172,
    "epsilon_2": -0.0014299238777175814,
    "gamma_2": 0.575507666603015,
    "epsilon_prime_2": -0.001365569496377613,
    "f3": 1.7589752693014038e-20,
    "g3": 1.0202580186889585e-20,
    "h3": 5.9177876921192135e-21,
    "t3": 3.432478486430438e-21,
    "beta_3": 0.5800285402043327,
    "alpha_3": 0.5800297687494863,
    "epsilon_3": -5.519550690126075e-07,
    "gamma_3": 0.5800273117268991,
    "epsilon_prime_3": -5.51924644061804e-07,
    "f4": 5.48499412243085e-59,
    "g4": 3.1814562535097267e-59,
    "h4": 1.8453372359325577e-59,
    "t4": 1.070349312696498e-59,
    "beta_4": 0.5800291089644292,
    "alpha_4": 0.5800291089646169,
    "epsilon_4": -8.434637851286282e-14,
    "gamma_4": 0.5800291089642415,
    "epsilon_prime_4": -8.42964989276985e-14,
    "f5": 1.6631249117998848e-174,
    "g5": 9.646608606879766e-175,
    "h5": 5.595313794777902e-175,
    "t5": 3.2454448747618917e-175,
    "beta_5": 0.580029108964516,
    "alpha_5": 0.5800291089645161,
    "epsilon_5": -4.987958516431864e-17,
    "gamma_5": 0.5800291089645161,
    "epsilon_prime_5": 4.987958516431864e-17
}