{
    "f1": 0.00020298806691095825,
    "g1": 0.0003796740747318004,
    "h1": 0.00039296266734741334,
    "t1": 0.0005831058934832585,
    "alpha_1": 1.8704255895906745,
    "epsilon_1": 0.0,
    "beta_1": 1.035,
    "gamma_1": 1.4838709677419355,
    "epsilon_prime_1": -0.20166666666666674,
    "f2": 7.053289140459227e-10,
    "g2": 9.747303486403054e-10,
    "h2": 1.3359589836963281e-09,
    "t2": 1.8177914212347855e-09,
    "alpha_2": 1.3819514969959712,
    "epsilon_2": 0.0,
    "beta_2": 1.370593401097972,
    "gamma_2": 1.3606640947952793,
    "epsilon_prime_2": 0.004460992686716975,
    "f3": 1.8648520830439566e-26,
    "g3": 2.5619513422222013e-26,
    "h3": 3.519603481843231e-26,
    "t3": 4.8351836707806737e-26,
    "alpha_3": 1.373809411221712,
    "epsilon_3": 0.0,
    "beta_3": 1.37379794215388,
    "gamma_3": 1.3737864778587128,
    "epsilon_prime_3": 5.150625364967201e-06,
    "f4": 3.413484561061566e-76,
    "g4": 4.689448514269376e-76,
    "h4": 6.442369073126365e-76,
    "t4": 8.850533095244541e-76,
    "alpha_4": 1.3738010031634642,
    "epsilon_4": 0.0,
    "beta_4": 1.3738010031506012,
    "gamma_4": 1.3738010031377383,
    "epsilon_prime_4": 5.778948977967629e-12,
    "f5": 2.09340962721307e-225,
    "g5": 2.8759282458776265e-225,
    "h5": 3.950953109185703e-225,
    "t5": 5.427823344813866e-225,
    "alpha_5": 1.3738010031540333,
    "epsilon_5": 0.0,
    "beta_5": 1.3738010031540335,
    "gamma_5": 1.3738010031540333,
    "epsilon_prime_5": 9.975917032863728e-17
}