{
    "f0": 0.029790999999999984,
    "g0": 0.06630899999999998,
    "h0": 0,
    "t0": 0,
    "f1": 0.04012138906621002,
    "g1": 0.029807916125858803,
    "h1": 0.00013499710479189492,
    "t1": 0.0003004774267948629,
    "alpha_1": 2.225806451612904,
    "beta_1": 0.0,
    "gamma_1": 9999,
    "epsilon_1": -1.0,
    "epsilon_prime_1": 4492.304347826086,
    "f2": 0.014615405605064118,
    "g2": 0.005497835106086421,
    "h2": 9.793039444139401e-05,
    "t2": 5.4756712967479796e-05,
    "alpha_2": 0.7429432733913702,
    "beta_2": 0.004528901122168113,
    "gamma_2": 2.2258064516129035,
    "epsilon_2": -0.33175138464268494,
    "epsilon_prime_2": 0.9979652763074316,
    "f3": 0.00022907693921931141,
    "g3": 3.807973120619235e-05,
    "h3": 1.9723177060211976e-06,
    "t3": 3.6749455702738805e-07,
    "alpha_3": 0.3761671249261441,
    "beta_3": 0.0178125375810161,
    "gamma_3": 0.5591391036441572,
    "epsilon_3": -0.16099988706810095,
    "epsilon_prime_3": 0.24320468910083146,
    "f4": 2.0840419807458629e-10,
    "g4": 2.1009086937516163e-11,
    "h4": 1.9183345008010894e-12,
    "t4": 1.9520132070703642e-13,
    "alpha_4": 0.1662311856268341,
    "beta_4": 0.05179442300528814,
    "gamma_4": 0.18632624749323137,
    "epsilon_4": -0.051413617989390197,
    "epsilon_prime_4": 0.06044183419023535,
    "f5": 7.020219025536573e-29,
    "g5": 6.751001480618426e-30,
    "h5": 6.491679593652076e-31,
    "t5": 6.242769959932819e-32,
    "alpha_5": 0.10080932693110707,
    "beta_5": 0.091309751180833,
    "gamma_5": 0.10175562219494101,
    "epsilon_5": -0.0042679253370796555,
    "epsilon_prime_5": 0.004693072484599253,
    "f6": 2.5060534468994585e-84,
    "g6": 2.409873156623571e-85,
    "h6": 2.3173841875558936e-86,
    "t6": 2.228444869794889e-87,
    "alpha_6": 0.09616511188698178,
    "beta_6": 0.0961587641817167,
    "gamma_6": 0.09616571289250544,
    "epsilon_6": -2.851867582858584e-06,
    "epsilon_prime_6": 3.1218845572600183e-06,
    "f7": 1.1399603044544118e-250,
    "g7": 1.0962095563923193e-251,
    "h7": 1.0541379264087363e-252,
    "t7": 1.0136809713193414e-253,
    "alpha_7": 0.09616208144343913,
    "beta_7": 0.09616208144343738,
    "gamma_7": 0.09616208144343957,
    "epsilon_7": -7.856034663380182e-16,
    "epsilon_prime_7": 9.851218069952927e-16,
    "f8": 0.0,
    "g8": 0.0,
    "h8": 0.0,
    "t8": 0.0,
    "alpha_8": 0.09616208144343835,
    "beta_8": 0.09616208144343834,
    "gamma_8": 0.09616208144343837,
    "epsilon_8": -6.234948145539827e-18,
    "epsilon_prime_8": 1.2469896291079654e-17,
    "f9": 0.0,
    "g9": 0.0,
    "h9": 0.0,
    "t9": 0.0,
    "alpha_9": NaN,
    "beta_9": NaN,
    "gamma_9": NaN,
    "epsilon_9": NaN,
    "epsilon_prime_9": NaN,
    "f10": 0.0,
    "g10": 0.0,
    "h10": 0.0,
    "t10": 0.0,
    "alpha_10": NaN,
    "beta_10": NaN,
    "gamma_10": NaN,
    "epsilon_10": NaN,
    "epsilon_prime_10": NaN,
    "f11": 0.0,
    "g11": 0.0,
    "h11": 0.0,
    "t11": 0.0,
    "alpha_11": NaN,
    "beta_11": NaN,
    "gamma_11": NaN,
    "epsilon_11": NaN,
    "epsilon_prime_11": NaN,
    "f12": 0.0,
    "g12": 0.0,
    "h12": 0.0,
    "t12": 0.0,
    "alpha_12": NaN,
    "beta_12": NaN,
    "gamma_12": NaN,
    "epsilon_12": NaN,
    "epsilon_prime_12": NaN,
    "f13": 0.0,
    "g13": 0.0,
    "h13": 0.0,
    "t13": 0.0,
    "alpha_13": NaN,
    "beta_13": NaN,
    "gamma_13": NaN,
    "epsilon_13": NaN,
    "epsilon_prime_13": NaN,
    "f14": 0.0,
    "g14": 0.0,
    "h14": 0.0,
    "t14": 0.0,
    "alpha_14": NaN,
    "beta_14": NaN,
    "gamma_14": NaN,
    "epsilon_14": NaN,
    "epsilon_prime_14": NaN,
    "f15": 0.0,
    "g15": 0.0,
    "h15": 0.0,
    "t15": 0.0,
    "alpha_15": NaN,
    "beta_15": NaN,
    "gamma_15": NaN,
    "epsilon_15": NaN,
    "epsilon_prime_15": NaN,
    "f16": 0.0,
    "g16": 0.0,
    "h16": 0.0,
    "t16": 0.0,
    "alpha_16": NaN,
    "beta_16": NaN,
    "gamma_16": NaN,
    "epsilon_16": NaN,
    "epsilon_prime_16": NaN,
    "f17": 0.0,
    "g17": 0.0,
    "h17": 0.0,
    "t17": 0.0,
    "alpha_17": NaN,
    "beta_17": NaN,
    "gamma_17": NaN,
    "epsilon_17": NaN,
    "epsilon_prime_17": NaN,
    "f18": 0.0,
    "g18": 0.0,
    "h18": 0.0,
    "t18": 0.0,
    "alpha_18": NaN,
    "beta_18": NaN,
    "gamma_18": NaN,
    "epsilon_18": NaN,
    "epsilon_prime_18": NaN,
    "f19": 0.0,
    "g19": 0.0,
    "h19": 0.0,
    "t19": 0.0,
    "alpha_19": NaN,
    "beta_19": NaN,
    "gamma_19": NaN,
    "epsilon_19": NaN,
    "epsilon_prime_19": NaN,
    "f20": 0.0,
    "g20": 0.0,
    "h20": 0.0,
    "t20": 0.0,
    "alpha_20": NaN,
    "beta_20": NaN,
    "gamma_20": NaN,
    "epsilon_20": NaN,
    "epsilon_prime_20": NaN
}