{
    "f0": 0.029790999999999984,
    "g0": 0.06630899999999998,
    "h0": 0,
    "t0": 0,
    "f1": 0.002141530407186739,
    "g1": 0.0014574585449381983,
    "h1": 0.0007140934492657283,
    "t1": 0.0002915529467416287,
    "alpha_1": 2.225806451612904,
    "beta_1": 0.0,
    "gamma_1": 9999,
    "epsilon_1": -1.0,
    "epsilon_prime_1": 4492.304347826086,
    "f2": 1.202568009484742e-07,
    "g2": 6.995697604334331e-08,
    "h2": 4.047340981193686e-08,
    "t2": 2.329275764033536e-08,
    "alpha_2": 0.6805686905248362,
    "beta_2": 0.4899579831932774,
    "gamma_2": 0.40828402366863903,
    "epsilon_2": -0.08563669459823653,
    "epsilon_prime_2": -0.036694097757446205,
    "f3": 1.758975269301368e-20,
    "g3": 1.0202580186889384e-20,
    "h3": 5.9177876921190984e-21,
    "t3": 3.4324784864303736e-21,
    "alpha_3": 0.5817298937905176,
    "beta_3": 0.5785471599981782,
    "gamma_3": 0.5755076666030151,
    "epsilon_3": -0.0014299238777177304,
    "epsilon_prime_3": -0.0013655694963776123,
    "f4": 5.484994122430519e-59,
    "g4": 3.181456253509536e-59,
    "h4": 1.8453372359324485e-59,
    "t4": 1.0703493126964349e-59,
    "alpha_4": 0.5800297687494866,
    "beta_4": 0.5800285402043328,
    "gamma_4": 0.5800273117268995,
    "epsilon_4": -5.519550691123664e-07,
    "epsilon_prime_4": -5.519246439620446e-07,
    "f5": 1.6631249117995854e-174,
    "g5": 9.646608606878032e-175,
    "h5": 5.595313794776901e-175,
    "t5": 3.245444874761312e-175,
    "alpha_5": 0.5800291089646171,
    "beta_5": 0.5800291089644295,
    "gamma_5": 0.5800291089642418,
    "epsilon_5": -8.429649892769846e-14,
    "epsilon_prime_5": -8.434637851286278e-14,
    "f6": 0.0,
    "g6": 0.0,
    "h6": 0.0,
    "t6": 0.0,
    "alpha_6": 0.5800291089645162,
    "beta_6": 0.5800291089645165,
    "gamma_6": 0.5800291089645162,
    "epsilon_6": 1.4963875549295586e-16,
    "epsilon_prime_6": -1.4963875549295586e-16,
    "f7": 0.0,
    "g7": 0.0,
    "h7": 0.0,
    "t7": 0.0,
    "alpha_7": NaN,
    "beta_7": NaN,
    "gamma_7": NaN,
    "epsilon_7": NaN,
    "epsilon_prime_7": NaN,
    "f8": 0.0,
    "g8": 0.0,
    "h8": 0.0,
    "t8": 0.0,
    "alpha_8": NaN,
    "beta_8": NaN,
    "gamma_8": NaN,
    "epsilon_8": NaN,
    "epsilon_prime_8": NaN,
    "f9": 0.0,
    "g9": 0.0,
    "h9": 0.0,
    "t9": 0.0,
    "alpha_9": NaN,
    "beta_9": NaN,
    "gamma_9": NaN,
    "epsilon_9": NaN,
    "epsilon_prime_9": NaN,
    "f10": 0.0,
    "g10": 0.0,
    "h10": 0.0,
    "t10": 0.0,
    "alpha_10": NaN,
    "beta_10": NaN,
    "gamma_10": NaN,
    "epsilon_10": NaN,
    "epsilon_prime_10": NaN,
    "f11": 0.0,
    "g11": 0.0,
    "h11": 0.0,
    "t11": 0.0,
    "alpha_11": NaN,
    "beta_11": NaN,
    "gamma_11": NaN,
    "epsilon_11": NaN,
    "epsilon_prime_11": NaN,
    "f12": 0.0,
    "g12": 0.0,
    "h12": 0.0,
    "t12": 0.0,
    "alpha_12": NaN,
    "beta_12": NaN,
    "gamma_12": NaN,
    "epsilon_12": NaN,
    "epsilon_prime_12": NaN,
    "f13": 0.0,
    "g13": 0.0,
    "h13": 0.0,
    "t13": 0.0,
    "alpha_13": NaN,
    "beta_13": NaN,
    "gamma_13": NaN,
    "epsilon_13": NaN,
    "epsilon_prime_13": NaN,
    "f14": 0.0,
    "g14": 0.0,
    "h14": 0.0,
    "t14": 0.0,
    "alpha_14": NaN,
    "beta_14": NaN,
    "gamma_14": NaN,
    "epsilon_14": NaN,
    "epsilon_prime_14": NaN,
    "f15": 0.0,
    "g15": 0.0,
    "h15": 0.0,
    "t15": 0.0,
    "alpha_15": NaN,
    "beta_15": NaN,
    "gamma_15": NaN,
    "epsilon_15": NaN,
    "epsilon_prime_15": NaN,
    "f16": 0.0,
    "g16": 0.0,
    "h16": 0.0,
    "t16": 0.0,
    "alpha_16": NaN,
    "beta_16": NaN,
    "gamma_16": NaN,
    "epsilon_16": NaN,
    "epsilon_prime_16": NaN,
    "f17": 0.0,
    "g17": 0.0,
    "h17": 0.0,
    "t17": 0.0,
    "alpha_17": NaN,
    "beta_17": NaN,
    "gamma_17": NaN,
    "epsilon_17": NaN,
    "epsilon_prime_17": NaN,
    "f18": 0.0,
    "g18": 0.0,
    "h18": 0.0,
    "t18": 0.0,
    "alpha_18": NaN,
    "beta_18": NaN,
    "gamma_18": NaN,
    "epsilon_18": NaN,
    "epsilon_prime_18": NaN,
    "f19": 0.0,
    "g19": 0.0,
    "h19": 0.0,
    "t19": 0.0,
    "alpha_19": NaN,
    "beta_19": NaN,
    "gamma_19": NaN,
    "epsilon_19": NaN,
    "epsilon_prime_19": NaN,
    "f20": 0.0,
    "g20": 0.0,
    "h20": 0.0,
    "t20": 0.0,
    "alpha_20": NaN,
    "beta_20": NaN,
    "gamma_20": NaN,
    "epsilon_20": NaN,
    "epsilon_prime_20": NaN
}