{
    "f0": 0.026999999999999982,
    "g0": 0.06299999999999997,
    "h0": 0,
    "t0": 0,
    "f1": 0.03282193839218627,
    "g1": 0.025559729526671637,
    "h1": 0.00011044327573253176,
    "t1": 0.0002577009767092408,
    "alpha_1": 2.333333333333334,
    "beta_1": 0.0,
    "gamma_1": 9999,
    "epsilon_1": -0.9999999999999999,
    "epsilon_prime_1": 4285.285714285713,
    "f2": 0.00878761006475204,
    "g2": 0.003461012582082759,
    "h2": 5.890765279377105e-05,
    "t2": 3.45138511267128e-05,
    "alpha_2": 0.7787391841779976,
    "beta_2": 0.004320987654320987,
    "gamma_2": 2.3333333333333335,
    "epsilon_2": -0.3318935127958613,
    "epsilon_prime_2": 0.9981481481481479,
    "f3": 5.4506746852993596e-05,
    "g3": 9.409469581856661e-06,
    "h3": 4.6997982592123735e-07,
    "t3": 9.114574269868544e-08,
    "alpha_3": 0.3938514063072982,
    "beta_3": 0.01702035210698996,
    "gamma_3": 0.5858975784953077,
    "epsilon_3": -0.1614990232287035,
    "epsilon_prime_3": 0.24380452559499324,
    "f4": 3.0088218405742664e-12,
    "g4": 3.0663332472633244e-13,
    "h4": 2.778903827384103e-14,
    "t4": 2.8620389716131224e-15,
    "alpha_4": 0.17262944727254215,
    "beta_4": 0.049947536556943915,
    "gamma_4": 0.19393543652650383,
    "epsilon_4": -0.05257796173525636,
    "epsilon_prime_4": 0.06170909998695422,
    "f5": 2.1530273489390476e-34,
    "g5": 2.074633687936437e-35,
    "h5": 1.9988753090277032e-36,
    "t5": 1.926113482226671e-37,
    "alpha_5": 0.1019114261241231,
    "beta_5": 0.09062628238024195,
    "gamma_5": 0.10299165244258482,
    "epsilon_5": -0.004836490175949062,
    "epsilon_prime_5": 0.005299444312432656,
    "f6": 7.270827573096405e-101,
    "g6": 7.005722810503193e-102,
    "h6": 6.750284146361475e-103,
    "t6": 6.504159140911082e-104,
    "alpha_6": 0.09635891011597039,
    "beta_6": 0.09634834913993477,
    "gamma_6": 0.09635986164457526,
    "epsilon_6": -4.526132586694335e-06,
    "epsilon_prime_6": 4.933930560208869e-06,
    "f7": 2.7999743482588662e-300,
    "g7": 2.697883282640745e-301,
    "h7": 2.5995146031528847e-302,
    "t7": 2.5047325862780616e-303,
    "alpha_7": 0.0963538571101018,
    "beta_7": 0.09635385711009352,
    "gamma_7": 0.09635385711010316,
    "epsilon_7": -3.5507311376850977e-15,
    "epsilon_prime_7": 4.133598225613305e-15,
    "f8": 0.0,
    "g8": 0.0,
    "h8": 0.0,
    "t8": 0.0,
    "alpha_8": 0.09635385711009797,
    "beta_8": 0.09635385711009799,
    "gamma_8": 0.096353857110098,
    "epsilon_8": 5.947623346206194e-18,
    "epsilon_prime_8": 5.947623346206194e-18,
    "f9": 0.0,
    "g9": 0.0,
    "h9": 0.0,
    "t9": 0.0,
    "alpha_9": NaN,
    "beta_9": NaN,
    "gamma_9": NaN,
    "epsilon_9": NaN,
    "epsilon_prime_9": NaN,
    "f10": 0.0,
    "g10": 0.0,
    "h10": 0.0,
    "t10": 0.0,
    "alpha_10": NaN,
    "beta_10": NaN,
    "gamma_10": NaN,
    "epsilon_10": NaN,
    "epsilon_prime_10": NaN,
    "f11": 0.0,
    "g11": 0.0,
    "h11": 0.0,
    "t11": 0.0,
    "alpha_11": NaN,
    "beta_11": NaN,
    "gamma_11": NaN,
    "epsilon_11": NaN,
    "epsilon_prime_11": NaN,
    "f12": 0.0,
    "g12": 0.0,
    "h12": 0.0,
    "t12": 0.0,
    "alpha_12": NaN,
    "beta_12": NaN,
    "gamma_12": NaN,
    "epsilon_12": NaN,
    "epsilon_prime_12": NaN,
    "f13": 0.0,
    "g13": 0.0,
    "h13": 0.0,
    "t13": 0.0,
    "alpha_13": NaN,
    "beta_13": NaN,
    "gamma_13": NaN,
    "epsilon_13": NaN,
    "epsilon_prime_13": NaN,
    "f14": 0.0,
    "g14": 0.0,
    "h14": 0.0,
    "t14": 0.0,
    "alpha_14": NaN,
    "beta_14": NaN,
    "gamma_14": NaN,
    "epsilon_14": NaN,
    "epsilon_prime_14": NaN,
    "f15": 0.0,
    "g15": 0.0,
    "h15": 0.0,
    "t15": 0.0,
    "alpha_15": NaN,
    "beta_15": NaN,
    "gamma_15": NaN,
    "epsilon_15": NaN,
    "epsilon_prime_15": NaN,
    "f16": 0.0,
    "g16": 0.0,
    "h16": 0.0,
    "t16": 0.0,
    "alpha_16": NaN,
    "beta_16": NaN,
    "gamma_16": NaN,
    "epsilon_16": NaN,
    "epsilon_prime_16": NaN,
    "f17": 0.0,
    "g17": 0.0,
    "h17": 0.0,
    "t17": 0.0,
    "alpha_17": NaN,
    "beta_17": NaN,
    "gamma_17": NaN,
    "epsilon_17": NaN,
    "epsilon_prime_17": NaN,
    "f18": 0.0,
    "g18": 0.0,
    "h18": 0.0,
    "t18": 0.0,
    "alpha_18": NaN,
    "beta_18": NaN,
    "gamma_18": NaN,
    "epsilon_18": NaN,
    "epsilon_prime_18": NaN,
    "f19": 0.0,
    "g19": 0.0,
    "h19": 0.0,
    "t19": 0.0,
    "alpha_19": NaN,
    "beta_19": NaN,
    "gamma_19": NaN,
    "epsilon_19": NaN,
    "epsilon_prime_19": NaN,
    "f20": 0.0,
    "g20": 0.0,
    "h20": 0.0,
    "t20": 0.0,
    "alpha_20": NaN,
    "beta_20": NaN,
    "gamma_20": NaN,
    "epsilon_20": NaN,
    "epsilon_prime_20": NaN
}