{
    "f1": 0.00015746400000000014,
    "g1": 0.0003061800000000003,
    "h1": 0.00032148900000000027,
    "t1": 0.0005000940000000004,
    "alpha_1": 1.9444444444444446,
    "epsilon_1": 0.0,
    "beta_1": 1.0499999999999998,
    "gamma_1": 1.5555555555555556,
    "epsilon_prime_1": -0.21666666666666679,
    "f2": 3.5662808538007935e-10,
    "g2": 5.06412477061431e-10,
    "h2": 7.131585686912059e-10,
    "t2": 9.967978729144087e-10,
    "alpha_2": 1.420001670708906,
    "epsilon_2": 0.0,
    "beta_2": 1.4082563147524803,
    "gamma_2": 1.3977226337527429,
    "epsilon_prime_2": 0.00451443471417317,
    "f3": 2.5595597171960043e-27,
    "g3": 3.612784810794591e-27,
    "h3": 5.099353665522463e-27,
    "t3": 7.197544941040781e-27,
    "alpha_3": 1.4114868219415462,
    "epsilon_3": 0.0,
    "beta_3": 1.411474508607923,
    "gamma_3": 1.4114621995537437,
    "epsilon_prime_3": 5.275308933968708e-06,
    "f4": 9.369106207218394e-79,
    "g4": 1.3224284762219116e-78,
    "h4": 1.8665783437881186e-78,
    "t4": 2.6346337636471206e-78,
    "alpha_4": 1.4114777300774448,
    "epsilon_4": 0.0,
    "beta_4": 1.4114777300628054,
    "gamma_4": 1.411477730048167,
    "epsilon_prime_4": 6.273648267551836e-12,
    "f5": 4.595070733463074e-233,
    "g5": 6.485840008364086e-233,
    "h5": 9.154618732581107e-233,
    "t5": 1.2921540468289073e-232,
    "alpha_5": 1.4114777300666348,
    "epsilon_5": 0.0,
    "beta_5": 1.4114777300666352,
    "gamma_5": 1.4114777300666346,
    "epsilon_prime_5": 2.8548592061789747e-16
}