{
    "f0": 0.027000000000000014,
    "g0": 0.06300000000000001,
    "h0": 0,
    "t0": 0,
    "f1": 0.0017598060000000018,
    "g1": 0.001224720000000001,
    "h1": 0.0006072570000000004,
    "t1": 0.00025004700000000015,
    "beta_1": 0.49583333333333324,
    "alpha_1": 0.6959403479701738,
    "epsilon_1": -0.08576014913007454,
    "gamma_1": 0.4117647058823529,
    "epsilon_prime_1": -0.03602941176470586,
    "f2": 6.913222775957894e-08,
    "g2": 4.088745151038455e-08,
    "h2": 2.4040497958223904e-08,
    "t2": 1.405557856464269e-08,
    "beta_2": 0.587967629924749,
    "alpha_2": 0.5914383614625986,
    "epsilon_2": -0.0014874563733641157,
    "gamma_2": 0.5846625385658654,
    "epsilon_prime_2": -0.0014164677252358642,
    "f3": 3.4321609448833316e-21,
    "g3": 2.0235028564486215e-21,
    "h3": 1.1929958296916756e-21,
    "t3": 7.033523719050456e-22,
    "beta_3": 0.5895696296596589,
    "alpha_3": 0.5895710862467745,
    "epsilon_3": -6.242516209667824e-07,
    "gamma_3": 0.5895681731652187,
    "epsilon_prime_3": -6.242119029284004e-07,
    "f4": 4.183689031142609e-61,
    "g4": 2.466578789202156e-61,
    "h4": 1.45422159200911e-61,
    "t4": 8.573658574874105e-62,
    "beta_4": 0.5895702980886716,
    "alpha_4": 0.5895702980889351,
    "epsilon_4": -1.129572625911481e-13,
    "gamma_4": 0.5895702980884082,
    "epsilon_prime_4": -1.128621006176088e-13,
    "f5": 7.577639559561873e-181,
    "g5": 4.4675512139403196e-181,
    "h5": 2.6339355009297404e-181,
    "t5": 1.5528901384298005e-181,
    "beta_5": 0.5895702980887924,
    "alpha_5": 0.5895702980887925,
    "epsilon_5": -4.7580986769649576e-17,
    "gamma_5": 0.5895702980887927,
    "epsilon_prime_5": 1.4274296030894873e-16
}