{
    "f0": 0.026999999999999982,
    "g0": 0.06299999999999997,
    "h0": 0,
    "t0": 0,
    "f1": 0.0017598059999999974,
    "g1": 0.0012247199999999982,
    "h1": 0.0006072569999999992,
    "t1": 0.00025004699999999966,
    "alpha_1": 2.333333333333334,
    "beta_1": 0.0,
    "gamma_1": 9999,
    "epsilon_1": -0.9999999999999999,
    "epsilon_prime_1": 4285.285714285713,
    "f2": 6.913222775957845e-08,
    "g2": 4.0887451510384264e-08,
    "h2": 2.4040497958223748e-08,
    "t2": 1.40555785646426e-08,
    "alpha_2": 0.6959403479701739,
    "beta_2": 0.4958333333333334,
    "gamma_2": 0.4117647058823529,
    "epsilon_2": -0.08576014913007447,
    "epsilon_prime_2": -0.03602941176470591,
    "f3": 3.43216094488326e-21,
    "g3": 2.0235028564485798e-21,
    "h3": 1.1929958296916513e-21,
    "t3": 7.033523719050314e-22,
    "alpha_3": 0.5914383614625988,
    "beta_3": 0.5879676299247494,
    "gamma_3": 0.5846625385658654,
    "epsilon_3": -0.0014874563733640199,
    "epsilon_prime_3": -0.0014164677252360063,
    "f4": 4.18368903114235e-61,
    "g4": 2.4665787892020035e-61,
    "h4": 1.4542215920090203e-61,
    "t4": 8.573658574873577e-62,
    "alpha_4": 0.5895710862467746,
    "beta_4": 0.589569629659659,
    "gamma_4": 0.5895681731652188,
    "epsilon_4": -6.242516209667821e-07,
    "epsilon_prime_4": -6.242119029284001e-07,
    "f5": 7.577639559560465e-181,
    "g5": 4.467551213939491e-181,
    "h5": 2.6339355009292524e-181,
    "t5": 1.5528901384295126e-181,
    "alpha_5": 0.5895702980889351,
    "beta_5": 0.5895702980886718,
    "gamma_5": 0.5895702980884082,
    "epsilon_5": -1.1286210061760873e-13,
    "epsilon_prime_5": -1.1295726259114803e-13,
    "f6": 0.0,
    "g6": 0.0,
    "h6": 0.0,
    "t6": 0.0,
    "alpha_6": 0.5895702980887927,
    "beta_6": 0.5895702980887925,
    "gamma_6": 0.5895702980887926,
    "epsilon_6": -9.51619735392991e-17,
    "epsilon_prime_6": 4.758098676964955e-17,
    "f7": 0.0,
    "g7": 0.0,
    "h7": 0.0,
    "t7": 0.0,
    "alpha_7": NaN,
    "beta_7": NaN,
    "gamma_7": NaN,
    "epsilon_7": NaN,
    "epsilon_prime_7": NaN,
    "f8": 0.0,
    "g8": 0.0,
    "h8": 0.0,
    "t8": 0.0,
    "alpha_8": NaN,
    "beta_8": NaN,
    "gamma_8": NaN,
    "epsilon_8": NaN,
    "epsilon_prime_8": NaN,
    "f9": 0.0,
    "g9": 0.0,
    "h9": 0.0,
    "t9": 0.0,
    "alpha_9": NaN,
    "beta_9": NaN,
    "gamma_9": NaN,
    "epsilon_9": NaN,
    "epsilon_prime_9": NaN,
    "f10": 0.0,
    "g10": 0.0,
    "h10": 0.0,
    "t10": 0.0,
    "alpha_10": NaN,
    "beta_10": NaN,
    "gamma_10": NaN,
    "epsilon_10": NaN,
    "epsilon_prime_10": NaN,
    "f11": 0.0,
    "g11": 0.0,
    "h11": 0.0,
    "t11": 0.0,
    "alpha_11": NaN,
    "beta_11": NaN,
    "gamma_11": NaN,
    "epsilon_11": NaN,
    "epsilon_prime_11": NaN,
    "f12": 0.0,
    "g12": 0.0,
    "h12": 0.0,
    "t12": 0.0,
    "alpha_12": NaN,
    "beta_12": NaN,
    "gamma_12": NaN,
    "epsilon_12": NaN,
    "epsilon_prime_12": NaN,
    "f13": 0.0,
    "g13": 0.0,
    "h13": 0.0,
    "t13": 0.0,
    "alpha_13": NaN,
    "beta_13": NaN,
    "gamma_13": NaN,
    "epsilon_13": NaN,
    "epsilon_prime_13": NaN,
    "f14": 0.0,
    "g14": 0.0,
    "h14": 0.0,
    "t14": 0.0,
    "alpha_14": NaN,
    "beta_14": NaN,
    "gamma_14": NaN,
    "epsilon_14": NaN,
    "epsilon_prime_14": NaN,
    "f15": 0.0,
    "g15": 0.0,
    "h15": 0.0,
    "t15": 0.0,
    "alpha_15": NaN,
    "beta_15": NaN,
    "gamma_15": NaN,
    "epsilon_15": NaN,
    "epsilon_prime_15": NaN,
    "f16": 0.0,
    "g16": 0.0,
    "h16": 0.0,
    "t16": 0.0,
    "alpha_16": NaN,
    "beta_16": NaN,
    "gamma_16": NaN,
    "epsilon_16": NaN,
    "epsilon_prime_16": NaN,
    "f17": 0.0,
    "g17": 0.0,
    "h17": 0.0,
    "t17": 0.0,
    "alpha_17": NaN,
    "beta_17": NaN,
    "gamma_17": NaN,
    "epsilon_17": NaN,
    "epsilon_prime_17": NaN,
    "f18": 0.0,
    "g18": 0.0,
    "h18": 0.0,
    "t18": 0.0,
    "alpha_18": NaN,
    "beta_18": NaN,
    "gamma_18": NaN,
    "epsilon_18": NaN,
    "epsilon_prime_18": NaN,
    "f19": 0.0,
    "g19": 0.0,
    "h19": 0.0,
    "t19": 0.0,
    "alpha_19": NaN,
    "beta_19": NaN,
    "gamma_19": NaN,
    "epsilon_19": NaN,
    "epsilon_prime_19": NaN,
    "f20": 0.0,
    "g20": 0.0,
    "h20": 0.0,
    "t20": 0.0,
    "alpha_20": NaN,
    "beta_20": NaN,
    "gamma_20": NaN,
    "epsilon_20": NaN,
    "epsilon_prime_20": NaN
}