{
    "f0": 0.024389000000000008,
    "g0": 0.059711000000000014,
    "h0": 0,
    "t0": 0,
    "f1": 0.0014360093754451392,
    "g1": 0.0010220254301422007,
    "h1": 0.0005127442457585313,
    "t1": 0.00021289380964243114,
    "alpha_1": 2.4482758620689653,
    "beta_1": 0.0,
    "gamma_1": 9999,
    "epsilon_1": -1.0,
    "epsilon_prime_1": 4084.0985915492965,
    "f2": 3.8928399025609466e-08,
    "g2": 2.3406197618551446e-08,
    "h2": 1.3984759655456697e-08,
    "t2": 8.30541658668261e-09,
    "alpha_2": 0.7117122266875101,
    "beta_2": 0.501694214876033,
    "gamma_2": 0.4152046783625731,
    "epsilon_2": -0.08578200482440614,
    "epsilon_prime_2": -0.03532671209704704,
    "f3": 6.2943572762418e-22,
    "g3": 3.771666024775945e-22,
    "h3": 2.2600279988668813e-22,
    "t3": 1.354232275454079e-22,
    "alpha_3": 0.6012627851238739,
    "beta_3": 0.5974810553753745,
    "gamma_3": 0.5938905488048147,
    "epsilon_3": -0.0015446501789645151,
    "epsilon_prime_3": -0.0014665449372709106,
    "f4": 2.649661828389584e-63,
    "g4": 1.5877115620788515e-63,
    "h4": 9.513772577874325e-64,
    "t4": 5.700775306123436e-64,
    "alpha_4": 0.5992138449166505,
    "beta_4": 0.5992121211212326,
    "gamma_4": 0.5992103974521801,
    "epsilon_4": -7.040854524073197e-07,
    "epsilon_prime_4": -7.040338383406215e-07,
    "f5": 1.9765453823016386e-187,
    "g5": 1.18437150085683e-187,
    "h5": 7.096906879053838e-188,
    "t5": 4.252558189176665e-188,
    "alpha_5": 0.5992129052347157,
    "beta_5": 0.5992129052343474,
    "gamma_5": 0.599212905233979,
    "epsilon_5": -1.5041645550389816e-13,
    "epsilon_prime_5": -1.5050714977914924e-13,
    "f6": 0.0,
    "g6": 0.0,
    "h6": 0.0,
    "t6": 0.0,
    "alpha_6": 0.599212905234515,
    "beta_6": 0.5992129052345149,
    "gamma_6": 0.5992129052345151,
    "epsilon_6": -4.534713762553457e-17,
    "epsilon_prime_6": 9.069427525106914e-17,
    "f7": 0.0,
    "g7": 0.0,
    "h7": 0.0,
    "t7": 0.0,
    "alpha_7": NaN,
    "beta_7": NaN,
    "gamma_7": NaN,
    "epsilon_7": NaN,
    "epsilon_prime_7": NaN,
    "f8": 0.0,
    "g8": 0.0,
    "h8": 0.0,
    "t8": 0.0,
    "alpha_8": NaN,
    "beta_8": NaN,
    "gamma_8": NaN,
    "epsilon_8": NaN,
    "epsilon_prime_8": NaN,
    "f9": 0.0,
    "g9": 0.0,
    "h9": 0.0,
    "t9": 0.0,
    "alpha_9": NaN,
    "beta_9": NaN,
    "gamma_9": NaN,
    "epsilon_9": NaN,
    "epsilon_prime_9": NaN,
    "f10": 0.0,
    "g10": 0.0,
    "h10": 0.0,
    "t10": 0.0,
    "alpha_10": NaN,
    "beta_10": NaN,
    "gamma_10": NaN,
    "epsilon_10": NaN,
    "epsilon_prime_10": NaN,
    "f11": 0.0,
    "g11": 0.0,
    "h11": 0.0,
    "t11": 0.0,
    "alpha_11": NaN,
    "beta_11": NaN,
    "gamma_11": NaN,
    "epsilon_11": NaN,
    "epsilon_prime_11": NaN,
    "f12": 0.0,
    "g12": 0.0,
    "h12": 0.0,
    "t12": 0.0,
    "alpha_12": NaN,
    "beta_12": NaN,
    "gamma_12": NaN,
    "epsilon_12": NaN,
    "epsilon_prime_12": NaN,
    "f13": 0.0,
    "g13": 0.0,
    "h13": 0.0,
    "t13": 0.0,
    "alpha_13": NaN,
    "beta_13": NaN,
    "gamma_13": NaN,
    "epsilon_13": NaN,
    "epsilon_prime_13": NaN,
    "f14": 0.0,
    "g14": 0.0,
    "h14": 0.0,
    "t14": 0.0,
    "alpha_14": NaN,
    "beta_14": NaN,
    "gamma_14": NaN,
    "epsilon_14": NaN,
    "epsilon_prime_14": NaN,
    "f15": 0.0,
    "g15": 0.0,
    "h15": 0.0,
    "t15": 0.0,
    "alpha_15": NaN,
    "beta_15": NaN,
    "gamma_15": NaN,
    "epsilon_15": NaN,
    "epsilon_prime_15": NaN,
    "f16": 0.0,
    "g16": 0.0,
    "h16": 0.0,
    "t16": 0.0,
    "alpha_16": NaN,
    "beta_16": NaN,
    "gamma_16": NaN,
    "epsilon_16": NaN,
    "epsilon_prime_16": NaN,
    "f17": 0.0,
    "g17": 0.0,
    "h17": 0.0,
    "t17": 0.0,
    "alpha_17": NaN,
    "beta_17": NaN,
    "gamma_17": NaN,
    "epsilon_17": NaN,
    "epsilon_prime_17": NaN,
    "f18": 0.0,
    "g18": 0.0,
    "h18": 0.0,
    "t18": 0.0,
    "alpha_18": NaN,
    "beta_18": NaN,
    "gamma_18": NaN,
    "epsilon_18": NaN,
    "epsilon_prime_18": NaN,
    "f19": 0.0,
    "g19": 0.0,
    "h19": 0.0,
    "t19": 0.0,
    "alpha_19": NaN,
    "beta_19": NaN,
    "gamma_19": NaN,
    "epsilon_19": NaN,
    "epsilon_prime_19": NaN,
    "f20": 0.0,
    "g20": 0.0,
    "h20": 0.0,
    "t20": 0.0,
    "alpha_20": NaN,
    "beta_20": NaN,
    "gamma_20": NaN,
    "epsilon_20": NaN,
    "epsilon_prime_20": NaN
}