{
    "f0": 0.024389000000000008,
    "g0": 0.059711000000000014,
    "h0": 0,
    "t0": 0,
    "f1": 0.0014360093754451392,
    "g1": 0.0010220254301422007,
    "h1": 0.0005127442457585313,
    "t1": 0.00021289380964243114,
    "beta_1": 0.501694214876033,
    "alpha_1": 0.7117122266875101,
    "epsilon_1": -0.08578200482440614,
    "gamma_1": 0.4152046783625731,
    "epsilon_prime_1": -0.03532671209704704,
    "f2": 3.8928399025609466e-08,
    "g2": 2.3406197618551446e-08,
    "h2": 1.3984759655456697e-08,
    "t2": 8.30541658668261e-09,
    "beta_2": 0.5974810553753745,
    "alpha_2": 0.6012627851238739,
    "epsilon_2": -0.0015446501789645151,
    "gamma_2": 0.5938905488048147,
    "epsilon_prime_2": -0.0014665449372709106,
    "f3": 6.2943572762418e-22,
    "g3": 3.771666024775945e-22,
    "h3": 2.2600279988668813e-22,
    "t3": 1.354232275454079e-22,
    "beta_3": 0.5992121211212326,
    "alpha_3": 0.5992138449166505,
    "epsilon_3": -7.040854524073197e-07,
    "gamma_3": 0.5992103974521801,
    "epsilon_prime_3": -7.040338383406215e-07,
    "f4": 2.649661828389584e-63,
    "g4": 1.5877115620788515e-63,
    "h4": 9.513772577874325e-64,
    "t4": 5.700775306123436e-64,
    "beta_4": 0.5992129052343474,
    "alpha_4": 0.5992129052347157,
    "epsilon_4": -1.5041645550389816e-13,
    "gamma_4": 0.599212905233979,
    "epsilon_prime_4": -1.5050714977914924e-13,
    "f5": 1.9765453823016386e-187,
    "g5": 1.18437150085683e-187,
    "h5": 7.096906879053838e-188,
    "t5": 4.252558189176665e-188,
    "beta_5": 0.5992129052345149,
    "alpha_5": 0.599212905234515,
    "epsilon_5": -4.534713762553457e-17,
    "gamma_5": 0.5992129052345151,
    "epsilon_prime_5": 9.069427525106914e-17
}