{
    "f0": 0.02438899999999998,
    "g0": 0.05971099999999997,
    "h0": 0,
    "t0": 0,
    "f1": 0.026631610677384513,
    "g1": 0.021758246323989688,
    "h1": 8.961838203859723e-05,
    "t1": 0.00021941052154277258,
    "alpha_1": 2.448275862068966,
    "beta_1": 0.0,
    "gamma_1": 9999,
    "epsilon_1": -0.9999999999999999,
    "epsilon_prime_1": 4084.0985915492943,
    "f2": 0.005165049694223123,
    "g2": 0.0021320185356883733,
    "h2": 3.46382259300534e-05,
    "t2": 2.1285652442518988e-05,
    "alpha_2": 0.8170082759007411,
    "beta_2": 0.00411882376475295,
    "gamma_2": 2.448275862068966,
    "epsilon_2": -0.3320252691823049,
    "epsilon_prime_2": 0.9983176635327065,
    "f3": 1.214105798953698e-05,
    "g3": 2.179769772760403e-06,
    "h3": 1.0482752639821607e-07,
    "t3": 2.1188708258292974e-08,
    "alpha_3": 0.4127779328189118,
    "beta_3": 0.016246681419619845,
    "gamma_3": 0.6145133554328708,
    "epsilon_3": -0.16196346888140087,
    "epsilon_prime_3": 0.24436244431527143,
    "f4": 3.574709064302674e-14,
    "g4": 3.6876484035057335e-15,
    "h4": 3.312128817982959e-16,
    "t4": 3.4574433328557973e-17,
    "alpha_4": 0.17953705308375126,
    "beta_4": 0.04809110012818705,
    "gamma_4": 0.20212924015589057,
    "epsilon_4": -0.05368919205227269,
    "epsilon_prime_4": 0.06291698677187887,
    "f5": 3.68695630161081e-40,
    "g5": 3.559729649875353e-41,
    "h5": 3.4362766396227634e-42,
    "t5": 3.3177512428252335e-43,
    "alpha_5": 0.10315939946920102,
    "beta_5": 0.0898168278416733,
    "gamma_5": 0.10438734490288736,
    "epsilon_5": -0.005449782777440898,
    "epsilon_prime_5": 0.005951337954580385,
    "f6": 3.6718407115295816e-118,
    "g6": 3.544830696621852e-119,
    "h6": 3.422213994264796e-120,
    "t6": 3.3038386385301016e-121,
    "alpha_6": 0.09654927692850951,
    "beta_6": 0.09653195544619765,
    "gamma_6": 0.0965507609186395,
    "epsilon_6": -7.074971648505302e-06,
    "epsilon_prime_6": 7.681108462162559e-06,
    "f7": 0.0,
    "g7": 0.0,
    "h7": 0.0,
    "t7": 0.0,
    "alpha_7": 0.09654097154844114,
    "beta_7": 0.09654097154840406,
    "gamma_7": 0.09654097154844564,
    "epsilon_7": -1.514594396692854e-14,
    "epsilon_prime_7": 1.6982503040762688e-14,
    "f8": 0.0,
    "g8": 0.0,
    "h8": 0.0,
    "t8": 0.0,
    "alpha_8": NaN,
    "beta_8": NaN,
    "gamma_8": NaN,
    "epsilon_8": NaN,
    "epsilon_prime_8": NaN,
    "f9": 0.0,
    "g9": 0.0,
    "h9": 0.0,
    "t9": 0.0,
    "alpha_9": NaN,
    "beta_9": NaN,
    "gamma_9": NaN,
    "epsilon_9": NaN,
    "epsilon_prime_9": NaN,
    "f10": 0.0,
    "g10": 0.0,
    "h10": 0.0,
    "t10": 0.0,
    "alpha_10": NaN,
    "beta_10": NaN,
    "gamma_10": NaN,
    "epsilon_10": NaN,
    "epsilon_prime_10": NaN,
    "f11": 0.0,
    "g11": 0.0,
    "h11": 0.0,
    "t11": 0.0,
    "alpha_11": NaN,
    "beta_11": NaN,
    "gamma_11": NaN,
    "epsilon_11": NaN,
    "epsilon_prime_11": NaN,
    "f12": 0.0,
    "g12": 0.0,
    "h12": 0.0,
    "t12": 0.0,
    "alpha_12": NaN,
    "beta_12": NaN,
    "gamma_12": NaN,
    "epsilon_12": NaN,
    "epsilon_prime_12": NaN,
    "f13": 0.0,
    "g13": 0.0,
    "h13": 0.0,
    "t13": 0.0,
    "alpha_13": NaN,
    "beta_13": NaN,
    "gamma_13": NaN,
    "epsilon_13": NaN,
    "epsilon_prime_13": NaN,
    "f14": 0.0,
    "g14": 0.0,
    "h14": 0.0,
    "t14": 0.0,
    "alpha_14": NaN,
    "beta_14": NaN,
    "gamma_14": NaN,
    "epsilon_14": NaN,
    "epsilon_prime_14": NaN,
    "f15": 0.0,
    "g15": 0.0,
    "h15": 0.0,
    "t15": 0.0,
    "alpha_15": NaN,
    "beta_15": NaN,
    "gamma_15": NaN,
    "epsilon_15": NaN,
    "epsilon_prime_15": NaN,
    "f16": 0.0,
    "g16": 0.0,
    "h16": 0.0,
    "t16": 0.0,
    "alpha_16": NaN,
    "beta_16": NaN,
    "gamma_16": NaN,
    "epsilon_16": NaN,
    "epsilon_prime_16": NaN,
    "f17": 0.0,
    "g17": 0.0,
    "h17": 0.0,
    "t17": 0.0,
    "alpha_17": NaN,
    "beta_17": NaN,
    "gamma_17": NaN,
    "epsilon_17": NaN,
    "epsilon_prime_17": NaN,
    "f18": 0.0,
    "g18": 0.0,
    "h18": 0.0,
    "t18": 0.0,
    "alpha_18": NaN,
    "beta_18": NaN,
    "gamma_18": NaN,
    "epsilon_18": NaN,
    "epsilon_prime_18": NaN,
    "f19": 0.0,
    "g19": 0.0,
    "h19": 0.0,
    "t19": 0.0,
    "alpha_19": NaN,
    "beta_19": NaN,
    "gamma_19": NaN,
    "epsilon_19": NaN,
    "epsilon_prime_19": NaN,
    "f20": 0.0,
    "g20": 0.0,
    "h20": 0.0,
    "t20": 0.0,
    "alpha_20": NaN,
    "beta_20": NaN,
    "gamma_20": NaN,
    "epsilon_20": NaN,
    "epsilon_prime_20": NaN
}