{
    "f1": 0.00012105963193656211,
    "g1": 0.0002449482435878002,
    "h1": 0.0002608698794210072,
    "t1": 0.0004257876192848622,
    "alpha_1": 2.0233684810487316,
    "epsilon_1": 0.0,
    "beta_1": 1.065,
    "gamma_1": 1.6321839080459766,
    "epsilon_prime_1": -0.23166666666666655,
    "f2": 1.7596201447302178e-10,
    "g2": 2.5684353833133084e-10,
    "h2": 3.7179759266611826e-10,
    "t2": 5.340280941857386e-10,
    "alpha_2": 1.4596533183626952,
    "epsilon_2": 0.0,
    "beta_2": 1.4475645176110894,
    "gamma_2": 1.4363409143030859,
    "epsilon_prime_2": 0.004584288675100037,
    "f3": 3.268776827888336e-28,
    "g3": 4.742261250283185e-28,
    "h3": 6.879893802069669e-28,
    "t3": 9.98099983958708e-28,
    "alpha_3": 1.45077547351152,
    "epsilon_3": 0.0,
    "beta_3": 1.4507622922838415,
    "gamma_3": 1.4507491142645994,
    "epsilon_prime_3": 5.382571239712596e-06,
    "f4": 2.0742735151091938e-81,
    "g4": 3.0092848083881236e-81,
    "h4": 4.365767094806435e-81,
    "t4": 6.3337050294306525e-81,
    "alpha_4": 1.450765671194384,
    "epsilon_4": 0.0,
    "beta_4": 1.4507656711778272,
    "gamma_4": 1.4507656711612715,
    "epsilon_prime_4": 6.762165162719715e-12,
    "f5": 5.3003355794441935e-241,
    "g5": 7.689544904402567e-241,
    "h5": 1.1155727774320263e-240,
    "t5": 1.6184346892036206e-240,
    "alpha_5": 1.4507656711820711,
    "epsilon_5": 0.0,
    "beta_5": 1.450765671182071,
    "gamma_5": 1.450765671182071,
    "epsilon_prime_5": 0.0
}