{
    "f0": 0.021952000000000006,
    "g0": 0.056448000000000005,
    "h0": 0,
    "t0": 0,
    "f1": 0.0011630441762652166,
    "g1": 0.0008465848860672002,
    "h1": 0.00042967652578099213,
    "t1": 0.00017986459218739204,
    "beta_1": 0.5075409836065574,
    "alpha_1": 0.727904324998011,
    "epsilon_1": -0.08569685498556531,
    "gamma_1": 0.41860465116279066,
    "epsilon_prime_1": -0.034586351505909295,
    "f2": 2.144170822923031e-08,
    "g2": 1.3105350502340143e-08,
    "h2": 7.956138907611822e-09,
    "t2": 4.799094165774617e-09,
    "beta_2": 0.607090890563449,
    "alpha_2": 0.6112083217546228,
    "epsilon_2": -0.0016012232410120351,
    "gamma_2": 0.6031938634433862,
    "epsilon_prime_2": -0.0015155105466910855,
    "f3": 1.080414067155886e-22,
    "g3": 6.579311617950454e-23,
    "h3": 4.0065376713928607e-23,
    "t3": 2.4398130636836988e-23,
    "beta_3": 0.6089600104153378,
    "alpha_3": 0.6089620468632021,
    "epsilon_3": -7.919519472432414e-07,
    "gamma_3": 0.6089579741391786,
    "epsilon_prime_3": -7.918851729966155e-07,
    "f4": 1.3759745403936872e-65,
    "g4": 8.379147338566069e-66,
    "h4": 5.102573344216924e-66,
    "t4": 3.1072678019702593e-66,
    "beta_4": 0.6089609286056702,
    "alpha_4": 0.608960928606184,
    "epsilon_4": -1.9981547280975876e-13,
    "gamma_4": 0.608960928605157,
    "epsilon_prime_4": -1.9955642077067957e-13,
    "f5": 2.8423000140283e-194,
    "g5": 1.7308496559192414e-194,
    "h5": 1.054019813745787e-194,
    "t5": 6.4185688454765425e-195,
    "beta_5": 0.6089609286059019,
    "alpha_5": 0.6089609286059019,
    "epsilon_5": 0.0,
    "gamma_5": 0.6089609286059019,
    "epsilon_prime_5": 0.0
}