{
    "f0": 0.021952000000000006,
    "g0": 0.056448000000000005,
    "h0": 0,
    "t0": 0,
    "f1": 0.0011630441762652166,
    "g1": 0.0008465848860672002,
    "h1": 0.00042967652578099213,
    "t1": 0.00017986459218739204,
    "alpha_1": 2.5714285714285707,
    "beta_1": 0.0,
    "gamma_1": 9999,
    "epsilon_1": -0.9999999999999999,
    "epsilon_prime_1": 3888.5000000000005,
    "f2": 2.144170822923031e-08,
    "g2": 1.3105350502340143e-08,
    "h2": 7.956138907611822e-09,
    "t2": 4.799094165774617e-09,
    "alpha_2": 0.727904324998011,
    "beta_2": 0.5075409836065574,
    "gamma_2": 0.41860465116279066,
    "epsilon_2": -0.08569685498556531,
    "epsilon_prime_2": -0.034586351505909295,
    "f3": 1.080414067155886e-22,
    "g3": 6.579311617950454e-23,
    "h3": 4.0065376713928607e-23,
    "t3": 2.4398130636836988e-23,
    "alpha_3": 0.6112083217546228,
    "beta_3": 0.607090890563449,
    "gamma_3": 0.6031938634433862,
    "epsilon_3": -0.0016012232410120351,
    "epsilon_prime_3": -0.0015155105466910855,
    "f4": 1.3759745403936872e-65,
    "g4": 8.379147338566069e-66,
    "h4": 5.102573344216924e-66,
    "t4": 3.1072678019702593e-66,
    "alpha_4": 0.6089620468632021,
    "beta_4": 0.6089600104153378,
    "gamma_4": 0.6089579741391786,
    "epsilon_4": -7.919519472432414e-07,
    "epsilon_prime_4": -7.918851729966155e-07,
    "f5": 2.8423000140283e-194,
    "g5": 1.7308496559192414e-194,
    "h5": 1.054019813745787e-194,
    "t5": 6.4185688454765425e-195,
    "alpha_5": 0.608960928606184,
    "beta_5": 0.6089609286056702,
    "gamma_5": 0.608960928605157,
    "epsilon_5": -1.9981547280975876e-13,
    "epsilon_prime_5": -1.9955642077067957e-13,
    "f6": 0.0,
    "g6": 0.0,
    "h6": 0.0,
    "t6": 0.0,
    "alpha_6": 0.6089609286059019,
    "beta_6": 0.6089609286059019,
    "gamma_6": 0.6089609286059019,
    "epsilon_6": 0.0,
    "epsilon_prime_6": 0.0,
    "f7": 0.0,
    "g7": 0.0,
    "h7": 0.0,
    "t7": 0.0,
    "alpha_7": NaN,
    "beta_7": NaN,
    "gamma_7": NaN,
    "epsilon_7": NaN,
    "epsilon_prime_7": NaN,
    "f8": 0.0,
    "g8": 0.0,
    "h8": 0.0,
    "t8": 0.0,
    "alpha_8": NaN,
    "beta_8": NaN,
    "gamma_8": NaN,
    "epsilon_8": NaN,
    "epsilon_prime_8": NaN,
    "f9": 0.0,
    "g9": 0.0,
    "h9": 0.0,
    "t9": 0.0,
    "alpha_9": NaN,
    "beta_9": NaN,
    "gamma_9": NaN,
    "epsilon_9": NaN,
    "epsilon_prime_9": NaN,
    "f10": 0.0,
    "g10": 0.0,
    "h10": 0.0,
    "t10": 0.0,
    "alpha_10": NaN,
    "beta_10": NaN,
    "gamma_10": NaN,
    "epsilon_10": NaN,
    "epsilon_prime_10": NaN,
    "f11": 0.0,
    "g11": 0.0,
    "h11": 0.0,
    "t11": 0.0,
    "alpha_11": NaN,
    "beta_11": NaN,
    "gamma_11": NaN,
    "epsilon_11": NaN,
    "epsilon_prime_11": NaN,
    "f12": 0.0,
    "g12": 0.0,
    "h12": 0.0,
    "t12": 0.0,
    "alpha_12": NaN,
    "beta_12": NaN,
    "gamma_12": NaN,
    "epsilon_12": NaN,
    "epsilon_prime_12": NaN,
    "f13": 0.0,
    "g13": 0.0,
    "h13": 0.0,
    "t13": 0.0,
    "alpha_13": NaN,
    "beta_13": NaN,
    "gamma_13": NaN,
    "epsilon_13": NaN,
    "epsilon_prime_13": NaN,
    "f14": 0.0,
    "g14": 0.0,
    "h14": 0.0,
    "t14": 0.0,
    "alpha_14": NaN,
    "beta_14": NaN,
    "gamma_14": NaN,
    "epsilon_14": NaN,
    "epsilon_prime_14": NaN,
    "f15": 0.0,
    "g15": 0.0,
    "h15": 0.0,
    "t15": 0.0,
    "alpha_15": NaN,
    "beta_15": NaN,
    "gamma_15": NaN,
    "epsilon_15": NaN,
    "epsilon_prime_15": NaN,
    "f16": 0.0,
    "g16": 0.0,
    "h16": 0.0,
    "t16": 0.0,
    "alpha_16": NaN,
    "beta_16": NaN,
    "gamma_16": NaN,
    "epsilon_16": NaN,
    "epsilon_prime_16": NaN,
    "f17": 0.0,
    "g17": 0.0,
    "h17": 0.0,
    "t17": 0.0,
    "alpha_17": NaN,
    "beta_17": NaN,
    "gamma_17": NaN,
    "epsilon_17": NaN,
    "epsilon_prime_17": NaN,
    "f18": 0.0,
    "g18": 0.0,
    "h18": 0.0,
    "t18": 0.0,
    "alpha_18": NaN,
    "beta_18": NaN,
    "gamma_18": NaN,
    "epsilon_18": NaN,
    "epsilon_prime_18": NaN,
    "f19": 0.0,
    "g19": 0.0,
    "h19": 0.0,
    "t19": 0.0,
    "alpha_19": NaN,
    "beta_19": NaN,
    "gamma_19": NaN,
    "epsilon_19": NaN,
    "epsilon_prime_19": NaN,
    "f20": 0.0,
    "g20": 0.0,
    "h20": 0.0,
    "t20": 0.0,
    "alpha_20": NaN,
    "beta_20": NaN,
    "gamma_20": NaN,
    "epsilon_20": NaN,
    "epsilon_prime_20": NaN
}