{
    "f0": 0.021952000000000006,
    "g0": 0.056448000000000005,
    "h0": 0,
    "t0": 0,
    "f1": 0.02142116899388456,
    "g1": 0.018379691590357204,
    "h1": 7.208844016762672e-05,
    "t1": 0.00018537027471675436,
    "alpha_1": 2.5714285714285707,
    "beta_1": 0.0,
    "gamma_1": 9999,
    "epsilon_1": -0.9999999999999999,
    "epsilon_prime_1": 3888.5000000000005,
    "f2": 0.0029634403685325833,
    "g2": 0.0012834034798297725,
    "h2": 1.988127968441459e-05,
    "t2": 1.2827102110841805e-05,
    "alpha_2": 0.8580153396672398,
    "beta_2": 0.003922178988326849,
    "gamma_2": 2.5714285714285707,
    "epsilon_2": -0.33214734026402176,
    "epsilon_prime_2": 0.9984747081712061,
    "f3": 2.521090202662312e-06,
    "g3": 4.7146113904308377e-07,
    "h3": 2.179495393206905e-08,
    "t3": 4.598049408061317e-09,
    "alpha_3": 0.4330788948742302,
    "beta_3": 0.015491059512361299,
    "gamma_3": 0.6451849334878216,
    "epsilon_3": -0.16239526930739348,
    "epsilon_prime_3": 0.2448809509904568,
    "f4": 3.451963718504053e-16,
    "g4": 3.609882120083589e-17,
    "h4": 3.2081422536989658e-18,
    "t4": 3.3995133477031946e-19,
    "alpha_4": 0.18700685066532452,
    "beta_4": 0.046228526865026195,
    "gamma_4": 0.21096853071553212,
    "epsilon_4": -0.05474712592233824,
    "epsilon_prime_4": 0.06406555705297454,
    "f5": 3.3978704622499584e-46,
    "g5": 3.286999882261651e-47,
    "h5": 3.178825825284154e-48,
    "t5": 3.0751750553036008e-49,
    "alpha_5": 0.10457474105921286,
    "beta_5": 0.088871108445632,
    "gamma_5": 0.10596516858887972,
    "epsilon_5": -0.006106968238614781,
    "epsilon_prime_5": 0.00664769005570745,
    "f6": 2.890009664355992e-136,
    "g6": 2.795321162805134e-137,
    "h6": 2.703735042683594e-138,
    "t6": 2.6151496573339962e-139,
    "alpha_6": 0.09673705689430866,
    "beta_6": 0.0967090337434674,
    "gamma_6": 0.09673933786632403,
    "epsilon_6": -1.0897891993822624e-05,
    "epsilon_prime_6": 1.1784936666469719e-05,
    "f7": 0.0,
    "g7": 0.0,
    "h7": 0.0,
    "t7": 0.0,
    "alpha_7": 0.09672359221774582,
    "beta_7": 0.0967235922175886,
    "gamma_7": 0.09672359221776139,
    "epsilon_7": -6.114167814017278e-14,
    "epsilon_prime_7": 6.719701955364916e-14,
    "f8": 0.0,
    "g8": 0.0,
    "h8": 0.0,
    "t8": 0.0,
    "alpha_8": NaN,
    "beta_8": NaN,
    "gamma_8": NaN,
    "epsilon_8": NaN,
    "epsilon_prime_8": NaN,
    "f9": 0.0,
    "g9": 0.0,
    "h9": 0.0,
    "t9": 0.0,
    "alpha_9": NaN,
    "beta_9": NaN,
    "gamma_9": NaN,
    "epsilon_9": NaN,
    "epsilon_prime_9": NaN,
    "f10": 0.0,
    "g10": 0.0,
    "h10": 0.0,
    "t10": 0.0,
    "alpha_10": NaN,
    "beta_10": NaN,
    "gamma_10": NaN,
    "epsilon_10": NaN,
    "epsilon_prime_10": NaN,
    "f11": 0.0,
    "g11": 0.0,
    "h11": 0.0,
    "t11": 0.0,
    "alpha_11": NaN,
    "beta_11": NaN,
    "gamma_11": NaN,
    "epsilon_11": NaN,
    "epsilon_prime_11": NaN,
    "f12": 0.0,
    "g12": 0.0,
    "h12": 0.0,
    "t12": 0.0,
    "alpha_12": NaN,
    "beta_12": NaN,
    "gamma_12": NaN,
    "epsilon_12": NaN,
    "epsilon_prime_12": NaN,
    "f13": 0.0,
    "g13": 0.0,
    "h13": 0.0,
    "t13": 0.0,
    "alpha_13": NaN,
    "beta_13": NaN,
    "gamma_13": NaN,
    "epsilon_13": NaN,
    "epsilon_prime_13": NaN,
    "f14": 0.0,
    "g14": 0.0,
    "h14": 0.0,
    "t14": 0.0,
    "alpha_14": NaN,
    "beta_14": NaN,
    "gamma_14": NaN,
    "epsilon_14": NaN,
    "epsilon_prime_14": NaN,
    "f15": 0.0,
    "g15": 0.0,
    "h15": 0.0,
    "t15": 0.0,
    "alpha_15": NaN,
    "beta_15": NaN,
    "gamma_15": NaN,
    "epsilon_15": NaN,
    "epsilon_prime_15": NaN,
    "f16": 0.0,
    "g16": 0.0,
    "h16": 0.0,
    "t16": 0.0,
    "alpha_16": NaN,
    "beta_16": NaN,
    "gamma_16": NaN,
    "epsilon_16": NaN,
    "epsilon_prime_16": NaN,
    "f17": 0.0,
    "g17": 0.0,
    "h17": 0.0,
    "t17": 0.0,
    "alpha_17": NaN,
    "beta_17": NaN,
    "gamma_17": NaN,
    "epsilon_17": NaN,
    "epsilon_prime_17": NaN,
    "f18": 0.0,
    "g18": 0.0,
    "h18": 0.0,
    "t18": 0.0,
    "alpha_18": NaN,
    "beta_18": NaN,
    "gamma_18": NaN,
    "epsilon_18": NaN,
    "epsilon_prime_18": NaN,
    "f19": 0.0,
    "g19": 0.0,
    "h19": 0.0,
    "t19": 0.0,
    "alpha_19": NaN,
    "beta_19": NaN,
    "gamma_19": NaN,
    "epsilon_19": NaN,
    "epsilon_prime_19": NaN,
    "f20": 0.0,
    "g20": 0.0,
    "h20": 0.0,
    "t20": 0.0,
    "alpha_20": NaN,
    "beta_20": NaN,
    "gamma_20": NaN,
    "epsilon_20": NaN,
    "epsilon_prime_20": NaN
}