{
    "f1": 9.218368759398408e-05,
    "g1": 0.00019429817057280014,
    "h1": 0.00020984202421862414,
    "t1": 0.00035972918437478414,
    "alpha_1": 2.1077283372365336,
    "epsilon_1": 0.0,
    "beta_1": 1.0799999999999998,
    "gamma_1": 1.7142857142857137,
    "epsilon_prime_1": -0.24666666666666656,
    "f2": 8.458177156104094e-11,
    "g2": 1.2696050096391597e-10,
    "h2": 1.8900225457800025e-10,
    "t2": 2.790901041130264e-10,
    "alpha_2": 1.50103856446529,
    "epsilon_2": 0.0,
    "beta_2": 1.4886697291129738,
    "gamma_2": 1.4766496025995677,
    "epsilon_prime_2": 0.004674493644102379,
    "f3": 3.865216186077718e-29,
    "g3": 5.76619267515164e-29,
    "h3": 8.602019377420536e-29,
    "t3": 1.2832391155193335e-28,
    "alpha_3": 1.4918163428791196,
    "epsilon_3": 0.0,
    "beta_3": 1.4918022796028612,
    "gamma_3": 1.4917882176453954,
    "epsilon_prime_3": 5.46853901447116e-06,
    "f4": 3.6505433283550003e-84,
    "g4": 5.445901747121028e-84,
    "h4": 8.124227867277669e-84,
    "t4": 1.2119770334365835e-83,
    "alpha_4": 1.4918058100614433,
    "epsilon_4": 0.0,
    "beta_4": 1.491805810042852,
    "gamma_4": 1.4918058100242608,
    "epsilon_prime_4": 7.229883358661483e-12,
    "f5": 3.075413340797759e-249,
    "g5": 4.587919490099748e-249,
    "h5": 6.844284951361053e-249,
    "t5": 1.021034405606122e-248,
    "alpha_5": 1.491805810047519,
    "epsilon_5": 0.0,
    "beta_5": 1.4918058100475189,
    "gamma_5": 1.4918058100475189,
    "epsilon_prime_5": 0.0
}