{
    "f1": 6.947766597432603e-05,
    "g1": 0.00015272115676380005,
    "h1": 0.00016722966665636108,
    "t1": 0.00030142631273862605,
    "alpha_1": 2.1981330924420353,
    "epsilon_1": 0.0,
    "beta_1": 1.0950000000000002,
    "gamma_1": 1.8024691358024687,
    "epsilon_prime_1": -0.26166666666666644,
    "f2": 3.953528057868154e-11,
    "g2": 6.105451256181154e-11,
    "h2": 9.35199050618742e-11,
    "t2": 1.42037506550878e-10,
    "alpha_2": 1.5443045216361442,
    "epsilon_2": 0.0,
    "beta_2": 1.5317443566058238,
    "gamma_2": 1.5187943834727355,
    "epsilon_prime_2": 0.0047897160903202975,
    "f3": 4.208882811661474e-30,
    "g3": 6.459659278923405e-30,
    "h3": 9.913982758719404e-30,
    "t3": 1.5215368579565095e-29,
    "alpha_3": 1.5347681482187496,
    "epsilon_3": 0.0,
    "beta_3": 1.5347532014678817,
    "gamma_3": 1.5347382530177482,
    "epsilon_prime_3": 5.528878816500243e-06,
    "f4": 5.024970028338716e-87,
    "g4": 7.712107293014613e-87,
    "h4": 1.1836209681399853e-86,
    "t4": 1.816570417103352e-86,
    "alpha_4": 1.5347568740751834,
    "epsilon_4": 0.0,
    "beta_4": 1.5347568740544784,
    "gamma_4": 1.5347568740337731,
    "epsilon_prime_4": 7.658093337552488e-12,
    "f5": 8.551218176809638e-258,
    "g5": 1.3124040878441704e-257,
    "h5": 2.0142211953627153e-257,
    "t5": 3.0913398254594034e-257,
    "alpha_5": 1.5347568740595663,
    "epsilon_5": 0.0,
    "beta_5": 1.5347568740595663,
    "gamma_5": 1.534756874059566,
    "epsilon_prime_5": 8.212608675309378e-17
}