{
    "f0": 0.019683000000000003,
    "g0": 0.053217,
    "h0": 0,
    "t0": 0,
    "f1": 0.017070369645299774,
    "g1": 0.015398572848910592,
    "h1": 5.744953073102931e-05,
    "t1": 0.00015532650901352367,
    "alpha_1": 2.7037037037037033,
    "beta_1": 0.0,
    "gamma_1": 9999,
    "epsilon_1": -0.9999999999999999,
    "epsilon_prime_1": 3698.260273972603,
    "f2": 0.0016570629677271416,
    "g2": 0.0007538080708102193,
    "h2": 1.1120948456400212e-05,
    "t2": 7.541562718316407e-06,
    "alpha_2": 0.9020644056849992,
    "beta_2": 0.0037308347529812617,
    "gamma_2": 2.7037037037037033,
    "epsilon_2": -0.3322603618515683,
    "epsilon_prime_2": 0.9986201022146507,
    "f3": 4.857677964096739e-07,
    "g3": 9.477305948986403e-08,
    "h3": 4.20442241167684e-09,
    "t3": 9.271727924745193e-10,
    "alpha_3": 0.4549061112892749,
    "beta_3": 0.01475302386248933,
    "gamma_3": 0.6781402456708776,
    "epsilon_3": -0.16279634740442755,
    "epsilon_prime_3": 0.2453623971072121,
    "f4": 2.672333495651157e-18,
    "g4": 2.8375334273474457e-19,
    "h4": 2.4907575759980256e-20,
    "t4": 2.683806308991679e-21,
    "alpha_4": 0.19509951089869462,
    "beta_4": 0.04436305458859332,
    "gamma_4": 0.2205232257109811,
    "epsilon_4": -0.05575184000510596,
    "epsilon_prime_4": 0.06515513178499274,
    "f5": 1.6175232760382529e-52,
    "g5": 1.56775890552121e-53,
    "h5": 1.5188240837719556e-54,
    "t5": 1.472148775714022e-55,
    "alpha_5": 0.1061818606085329,
    "beta_5": 0.087778968592677,
    "gamma_5": 0.10775060306366027,
    "epsilon_5": -0.006806549101754919,
    "epsilon_prime_5": 0.007386768913925319,
    "f6": 3.134673832302918e-155,
    "g6": 3.037557834077828e-156,
    "h6": 2.94345060727684e-157,
    "t6": 2.8522589365514495e-158,
    "alpha_6": 0.09692342167471438,
    "beta_6": 0.09687867684393821,
    "gamma_6": 0.09692687859267962,
    "epsilon_6": -1.6549457958309238e-05,
    "epsilon_prime_6": 1.7828044055043463e-05,
    "f7": 0.0,
    "g7": 0.0,
    "h7": 0.0,
    "t7": 0.0,
    "alpha_7": 0.09690187868274183,
    "beta_7": 0.09690187868210391,
    "gamma_7": 0.0969018786827968,
    "epsilon_7": -2.3594311436121634e-13,
    "epsilon_prime_7": 2.5627445371302916e-13,
    "f8": 0.0,
    "g8": 0.0,
    "h8": 0.0,
    "t8": 0.0,
    "alpha_8": NaN,
    "beta_8": NaN,
    "gamma_8": NaN,
    "epsilon_8": NaN,
    "epsilon_prime_8": NaN,
    "f9": 0.0,
    "g9": 0.0,
    "h9": 0.0,
    "t9": 0.0,
    "alpha_9": NaN,
    "beta_9": NaN,
    "gamma_9": NaN,
    "epsilon_9": NaN,
    "epsilon_prime_9": NaN,
    "f10": 0.0,
    "g10": 0.0,
    "h10": 0.0,
    "t10": 0.0,
    "alpha_10": NaN,
    "beta_10": NaN,
    "gamma_10": NaN,
    "epsilon_10": NaN,
    "epsilon_prime_10": NaN,
    "f11": 0.0,
    "g11": 0.0,
    "h11": 0.0,
    "t11": 0.0,
    "alpha_11": NaN,
    "beta_11": NaN,
    "gamma_11": NaN,
    "epsilon_11": NaN,
    "epsilon_prime_11": NaN,
    "f12": 0.0,
    "g12": 0.0,
    "h12": 0.0,
    "t12": 0.0,
    "alpha_12": NaN,
    "beta_12": NaN,
    "gamma_12": NaN,
    "epsilon_12": NaN,
    "epsilon_prime_12": NaN,
    "f13": 0.0,
    "g13": 0.0,
    "h13": 0.0,
    "t13": 0.0,
    "alpha_13": NaN,
    "beta_13": NaN,
    "gamma_13": NaN,
    "epsilon_13": NaN,
    "epsilon_prime_13": NaN,
    "f14": 0.0,
    "g14": 0.0,
    "h14": 0.0,
    "t14": 0.0,
    "alpha_14": NaN,
    "beta_14": NaN,
    "gamma_14": NaN,
    "epsilon_14": NaN,
    "epsilon_prime_14": NaN,
    "f15": 0.0,
    "g15": 0.0,
    "h15": 0.0,
    "t15": 0.0,
    "alpha_15": NaN,
    "beta_15": NaN,
    "gamma_15": NaN,
    "epsilon_15": NaN,
    "epsilon_prime_15": NaN,
    "f16": 0.0,
    "g16": 0.0,
    "h16": 0.0,
    "t16": 0.0,
    "alpha_16": NaN,
    "beta_16": NaN,
    "gamma_16": NaN,
    "epsilon_16": NaN,
    "epsilon_prime_16": NaN,
    "f17": 0.0,
    "g17": 0.0,
    "h17": 0.0,
    "t17": 0.0,
    "alpha_17": NaN,
    "beta_17": NaN,
    "gamma_17": NaN,
    "epsilon_17": NaN,
    "epsilon_prime_17": NaN,
    "f18": 0.0,
    "g18": 0.0,
    "h18": 0.0,
    "t18": 0.0,
    "alpha_18": NaN,
    "beta_18": NaN,
    "gamma_18": NaN,
    "epsilon_18": NaN,
    "epsilon_prime_18": NaN,
    "f19": 0.0,
    "g19": 0.0,
    "h19": 0.0,
    "t19": 0.0,
    "alpha_19": NaN,
    "beta_19": NaN,
    "gamma_19": NaN,
    "epsilon_19": NaN,
    "epsilon_prime_19": NaN,
    "f20": 0.0,
    "g20": 0.0,
    "h20": 0.0,
    "t20": 0.0,
    "alpha_20": NaN,
    "beta_20": NaN,
    "gamma_20": NaN,
    "epsilon_20": NaN,
    "epsilon_prime_20": NaN
}