{
    "f0": 0.019683000000000003,
    "g0": 0.053217,
    "h0": 0,
    "t0": 0,
    "f1": 0.0009344450471713741,
    "g1": 0.0006957297141462,
    "h1": 0.000357169534957413,
    "t1": 0.000150713156369313,
    "beta_1": 0.5133739837398373,
    "alpha_1": 0.7445378583280194,
    "epsilon_1": -0.08549896731343723,
    "gamma_1": 0.4219653179190751,
    "epsilon_prime_1": -0.03380868461863809,
    "f2": 1.1534109199213432e-08,
    "g2": 7.165915615297615e-09,
    "h2": 4.419941780505935e-09,
    "t2": 2.7075444348343496e-09,
    "beta_2": 0.6168007017931324,
    "alpha_2": 0.6212803686466133,
    "epsilon_2": -0.001656863082794302,
    "gamma_2": 0.6125746829462596,
    "epsilon_prime_2": -0.0015630480666515808,
    "f3": 1.7276795579237675e-23,
    "g3": 1.0691223940376253e-23,
    "h3": 6.615915850070677e-24,
    "t3": 4.0940282340741606e-24,
    "beta_3": 0.6188174419474226,
    "alpha_3": 0.6188198437228946,
    "epsilon_3": -8.88327914282744e-07,
    "gamma_3": 0.6188150404044853,
    "epsilon_prime_3": -8.882419083132744e-07,
    "f4": 5.777762234681975e-68,
    "g4": 3.5753862479265393e-68,
    "h4": 2.21251520962789e-68,
    "t4": 1.3691453771373575e-68,
    "beta_4": 0.6188185153173271,
    "alpha_4": 0.6188185153180398,
    "epsilon_4": -2.6358367543405447e-13,
    "gamma_4": 0.6188185153166139,
    "epsilon_prime_4": -2.637889906509372e-13,
    "f5": 2.160965927492069e-201,
    "g5": 1.337245726902661e-201,
    "h5": 8.275124153367705e-202,
    "t5": 5.120800042656191e-202,
    "beta_5": 0.6188185153176456,
    "alpha_5": 0.6188185153176455,
    "epsilon_5": 4.106304337654689e-17,
    "gamma_5": 0.6188185153176454,
    "epsilon_prime_5": -8.212608675309378e-17
}