{
    "f0": 0.019683000000000003,
    "g0": 0.053217,
    "h0": 0,
    "t0": 0,
    "f1": 0.0009344450471713741,
    "g1": 0.0006957297141462,
    "h1": 0.000357169534957413,
    "t1": 0.000150713156369313,
    "alpha_1": 2.7037037037037033,
    "beta_1": 0.0,
    "gamma_1": 9999,
    "epsilon_1": -0.9999999999999999,
    "epsilon_prime_1": 3698.260273972603,
    "f2": 1.1534109199213432e-08,
    "g2": 7.165915615297615e-09,
    "h2": 4.419941780505935e-09,
    "t2": 2.7075444348343496e-09,
    "alpha_2": 0.7445378583280194,
    "beta_2": 0.5133739837398373,
    "gamma_2": 0.4219653179190751,
    "epsilon_2": -0.08549896731343723,
    "epsilon_prime_2": -0.03380868461863809,
    "f3": 1.7276795579237675e-23,
    "g3": 1.0691223940376253e-23,
    "h3": 6.615915850070677e-24,
    "t3": 4.0940282340741606e-24,
    "alpha_3": 0.6212803686466133,
    "beta_3": 0.6168007017931324,
    "gamma_3": 0.6125746829462596,
    "epsilon_3": -0.001656863082794302,
    "epsilon_prime_3": -0.0015630480666515808,
    "f4": 5.777762234681975e-68,
    "g4": 3.5753862479265393e-68,
    "h4": 2.21251520962789e-68,
    "t4": 1.3691453771373575e-68,
    "alpha_4": 0.6188198437228946,
    "beta_4": 0.6188174419474226,
    "gamma_4": 0.6188150404044853,
    "epsilon_4": -8.88327914282744e-07,
    "epsilon_prime_4": -8.882419083132744e-07,
    "f5": 2.160965927492069e-201,
    "g5": 1.337245726902661e-201,
    "h5": 8.275124153367705e-202,
    "t5": 5.120800042656191e-202,
    "alpha_5": 0.6188185153180398,
    "beta_5": 0.6188185153173271,
    "gamma_5": 0.6188185153166139,
    "epsilon_5": -2.6358367543405447e-13,
    "epsilon_prime_5": -2.637889906509372e-13,
    "f6": 0.0,
    "g6": 0.0,
    "h6": 0.0,
    "t6": 0.0,
    "alpha_6": 0.6188185153176455,
    "beta_6": 0.6188185153176456,
    "gamma_6": 0.6188185153176454,
    "epsilon_6": 4.106304337654689e-17,
    "epsilon_prime_6": -8.212608675309378e-17,
    "f7": 0.0,
    "g7": 0.0,
    "h7": 0.0,
    "t7": 0.0,
    "alpha_7": NaN,
    "beta_7": NaN,
    "gamma_7": NaN,
    "epsilon_7": NaN,
    "epsilon_prime_7": NaN,
    "f8": 0.0,
    "g8": 0.0,
    "h8": 0.0,
    "t8": 0.0,
    "alpha_8": NaN,
    "beta_8": NaN,
    "gamma_8": NaN,
    "epsilon_8": NaN,
    "epsilon_prime_8": NaN,
    "f9": 0.0,
    "g9": 0.0,
    "h9": 0.0,
    "t9": 0.0,
    "alpha_9": NaN,
    "beta_9": NaN,
    "gamma_9": NaN,
    "epsilon_9": NaN,
    "epsilon_prime_9": NaN,
    "f10": 0.0,
    "g10": 0.0,
    "h10": 0.0,
    "t10": 0.0,
    "alpha_10": NaN,
    "beta_10": NaN,
    "gamma_10": NaN,
    "epsilon_10": NaN,
    "epsilon_prime_10": NaN,
    "f11": 0.0,
    "g11": 0.0,
    "h11": 0.0,
    "t11": 0.0,
    "alpha_11": NaN,
    "beta_11": NaN,
    "gamma_11": NaN,
    "epsilon_11": NaN,
    "epsilon_prime_11": NaN,
    "f12": 0.0,
    "g12": 0.0,
    "h12": 0.0,
    "t12": 0.0,
    "alpha_12": NaN,
    "beta_12": NaN,
    "gamma_12": NaN,
    "epsilon_12": NaN,
    "epsilon_prime_12": NaN,
    "f13": 0.0,
    "g13": 0.0,
    "h13": 0.0,
    "t13": 0.0,
    "alpha_13": NaN,
    "beta_13": NaN,
    "gamma_13": NaN,
    "epsilon_13": NaN,
    "epsilon_prime_13": NaN,
    "f14": 0.0,
    "g14": 0.0,
    "h14": 0.0,
    "t14": 0.0,
    "alpha_14": NaN,
    "beta_14": NaN,
    "gamma_14": NaN,
    "epsilon_14": NaN,
    "epsilon_prime_14": NaN,
    "f15": 0.0,
    "g15": 0.0,
    "h15": 0.0,
    "t15": 0.0,
    "alpha_15": NaN,
    "beta_15": NaN,
    "gamma_15": NaN,
    "epsilon_15": NaN,
    "epsilon_prime_15": NaN,
    "f16": 0.0,
    "g16": 0.0,
    "h16": 0.0,
    "t16": 0.0,
    "alpha_16": NaN,
    "beta_16": NaN,
    "gamma_16": NaN,
    "epsilon_16": NaN,
    "epsilon_prime_16": NaN,
    "f17": 0.0,
    "g17": 0.0,
    "h17": 0.0,
    "t17": 0.0,
    "alpha_17": NaN,
    "beta_17": NaN,
    "gamma_17": NaN,
    "epsilon_17": NaN,
    "epsilon_prime_17": NaN,
    "f18": 0.0,
    "g18": 0.0,
    "h18": 0.0,
    "t18": 0.0,
    "alpha_18": NaN,
    "beta_18": NaN,
    "gamma_18": NaN,
    "epsilon_18": NaN,
    "epsilon_prime_18": NaN,
    "f19": 0.0,
    "g19": 0.0,
    "h19": 0.0,
    "t19": 0.0,
    "alpha_19": NaN,
    "beta_19": NaN,
    "gamma_19": NaN,
    "epsilon_19": NaN,
    "epsilon_prime_19": NaN,
    "f20": 0.0,
    "g20": 0.0,
    "h20": 0.0,
    "t20": 0.0,
    "alpha_20": NaN,
    "beta_20": NaN,
    "gamma_20": NaN,
    "epsilon_20": NaN,
    "epsilon_prime_20": NaN
}