{
    "f0": 0.017576,
    "g0": 0.050024000000000006,
    "h0": 0,
    "t0": 0,
    "f1": 0.0007443486258923522,
    "g1": 0.0005669222321152002,
    "h1": 0.00029434236535142414,
    "t1": 0.00012518008641382406,
    "alpha_1": 2.8461538461538463,
    "beta_1": 0.0,
    "gamma_1": 9999,
    "epsilon_1": -1.0,
    "epsilon_prime_1": 3513.1621621621625,
    "f2": 6.049071763752845e-09,
    "g2": 3.819895547634031e-09,
    "h2": 2.3936006940909248e-09,
    "t2": 1.4889039918127716e-09,
    "alpha_2": 0.7616353579420574,
    "beta_2": 0.5191935483870969,
    "gamma_2": 0.42528735632183906,
    "epsilon_2": -0.08518225741120235,
    "epsilon_prime_2": -0.032994067482387875,
    "f3": 2.5604654881471425e-24,
    "g3": 1.609999053928362e-24,
    "h3": 1.0123492416628385e-24,
    "t3": 6.365509194770244e-25,
    "alpha_3": 0.6314845809110003,
    "beta_3": 0.6266141741947563,
    "gamma_3": 0.6220352440105923,
    "epsilon_3": -0.0017112239813830475,
    "epsilon_prime_3": -0.001608813307949513,
    "f4": 1.931468175558135e-70,
    "g4": 1.2144878182643686e-70,
    "h4": 7.636577601305843e-71,
    "t4": 4.8018034091125095e-71,
    "alpha_4": 0.6287915464517443,
    "beta_4": 0.6287887183490752,
    "gamma_4": 0.628785890560312,
    "epsilon_4": -9.936576945311525e-07,
    "epsilon_prime_4": -9.93547403307551e-07,
    "f5": 8.290716864715367e-209,
    "g5": 5.21311961764907e-209,
    "h5": 3.2779573336509784e-209,
    "t5": 2.0611466970485218e-209,
    "alpha_5": 0.628789971086849,
    "beta_5": 0.6287899710858623,
    "gamma_5": 0.6287899710848756,
    "epsilon_5": -3.4666263853505126e-13,
    "epsilon_prime_5": -3.467016463710516e-13,
    "f6": 0.0,
    "g6": 0.0,
    "h6": 0.0,
    "t6": 0.0,
    "alpha_6": 0.6287899710862994,
    "beta_6": 0.6287899710862993,
    "gamma_6": 0.6287899710862994,
    "epsilon_6": -3.900783600034334e-17,
    "epsilon_prime_6": 3.900783600034334e-17,
    "f7": 0.0,
    "g7": 0.0,
    "h7": 0.0,
    "t7": 0.0,
    "alpha_7": NaN,
    "beta_7": NaN,
    "gamma_7": NaN,
    "epsilon_7": NaN,
    "epsilon_prime_7": NaN,
    "f8": 0.0,
    "g8": 0.0,
    "h8": 0.0,
    "t8": 0.0,
    "alpha_8": NaN,
    "beta_8": NaN,
    "gamma_8": NaN,
    "epsilon_8": NaN,
    "epsilon_prime_8": NaN,
    "f9": 0.0,
    "g9": 0.0,
    "h9": 0.0,
    "t9": 0.0,
    "alpha_9": NaN,
    "beta_9": NaN,
    "gamma_9": NaN,
    "epsilon_9": NaN,
    "epsilon_prime_9": NaN,
    "f10": 0.0,
    "g10": 0.0,
    "h10": 0.0,
    "t10": 0.0,
    "alpha_10": NaN,
    "beta_10": NaN,
    "gamma_10": NaN,
    "epsilon_10": NaN,
    "epsilon_prime_10": NaN,
    "f11": 0.0,
    "g11": 0.0,
    "h11": 0.0,
    "t11": 0.0,
    "alpha_11": NaN,
    "beta_11": NaN,
    "gamma_11": NaN,
    "epsilon_11": NaN,
    "epsilon_prime_11": NaN,
    "f12": 0.0,
    "g12": 0.0,
    "h12": 0.0,
    "t12": 0.0,
    "alpha_12": NaN,
    "beta_12": NaN,
    "gamma_12": NaN,
    "epsilon_12": NaN,
    "epsilon_prime_12": NaN,
    "f13": 0.0,
    "g13": 0.0,
    "h13": 0.0,
    "t13": 0.0,
    "alpha_13": NaN,
    "beta_13": NaN,
    "gamma_13": NaN,
    "epsilon_13": NaN,
    "epsilon_prime_13": NaN,
    "f14": 0.0,
    "g14": 0.0,
    "h14": 0.0,
    "t14": 0.0,
    "alpha_14": NaN,
    "beta_14": NaN,
    "gamma_14": NaN,
    "epsilon_14": NaN,
    "epsilon_prime_14": NaN,
    "f15": 0.0,
    "g15": 0.0,
    "h15": 0.0,
    "t15": 0.0,
    "alpha_15": NaN,
    "beta_15": NaN,
    "gamma_15": NaN,
    "epsilon_15": NaN,
    "epsilon_prime_15": NaN,
    "f16": 0.0,
    "g16": 0.0,
    "h16": 0.0,
    "t16": 0.0,
    "alpha_16": NaN,
    "beta_16": NaN,
    "gamma_16": NaN,
    "epsilon_16": NaN,
    "epsilon_prime_16": NaN,
    "f17": 0.0,
    "g17": 0.0,
    "h17": 0.0,
    "t17": 0.0,
    "alpha_17": NaN,
    "beta_17": NaN,
    "gamma_17": NaN,
    "epsilon_17": NaN,
    "epsilon_prime_17": NaN,
    "f18": 0.0,
    "g18": 0.0,
    "h18": 0.0,
    "t18": 0.0,
    "alpha_18": NaN,
    "beta_18": NaN,
    "gamma_18": NaN,
    "epsilon_18": NaN,
    "epsilon_prime_18": NaN,
    "f19": 0.0,
    "g19": 0.0,
    "h19": 0.0,
    "t19": 0.0,
    "alpha_19": NaN,
    "beta_19": NaN,
    "gamma_19": NaN,
    "epsilon_19": NaN,
    "epsilon_prime_19": NaN,
    "f20": 0.0,
    "g20": 0.0,
    "h20": 0.0,
    "t20": 0.0,
    "alpha_20": NaN,
    "beta_20": NaN,
    "gamma_20": NaN,
    "epsilon_20": NaN,
    "epsilon_prime_20": NaN
}