{
    "f0": 0.017576,
    "g0": 0.050024000000000006,
    "h0": 0,
    "t0": 0,
    "f1": 0.0007443486258923522,
    "g1": 0.0005669222321152002,
    "h1": 0.00029434236535142414,
    "t1": 0.00012518008641382406,
    "beta_1": 0.5191935483870969,
    "alpha_1": 0.7616353579420574,
    "epsilon_1": -0.08518225741120235,
    "gamma_1": 0.42528735632183906,
    "epsilon_prime_1": -0.032994067482387875,
    "f2": 6.049071763752845e-09,
    "g2": 3.819895547634031e-09,
    "h2": 2.3936006940909248e-09,
    "t2": 1.4889039918127716e-09,
    "beta_2": 0.6266141741947563,
    "alpha_2": 0.6314845809110003,
    "epsilon_2": -0.0017112239813830475,
    "gamma_2": 0.6220352440105923,
    "epsilon_prime_2": -0.001608813307949513,
    "f3": 2.5604654881471425e-24,
    "g3": 1.609999053928362e-24,
    "h3": 1.0123492416628385e-24,
    "t3": 6.365509194770244e-25,
    "beta_3": 0.6287887183490752,
    "alpha_3": 0.6287915464517443,
    "epsilon_3": -9.936576945311525e-07,
    "gamma_3": 0.628785890560312,
    "epsilon_prime_3": -9.93547403307551e-07,
    "f4": 1.931468175558135e-70,
    "g4": 1.2144878182643686e-70,
    "h4": 7.636577601305843e-71,
    "t4": 4.8018034091125095e-71,
    "beta_4": 0.6287899710858623,
    "alpha_4": 0.628789971086849,
    "epsilon_4": -3.4666263853505126e-13,
    "gamma_4": 0.6287899710848756,
    "epsilon_prime_4": -3.467016463710516e-13,
    "f5": 8.290716864715367e-209,
    "g5": 5.21311961764907e-209,
    "h5": 3.2779573336509784e-209,
    "t5": 2.0611466970485218e-209,
    "beta_5": 0.6287899710862993,
    "alpha_5": 0.6287899710862994,
    "epsilon_5": -3.900783600034334e-17,
    "gamma_5": 0.6287899710862994,
    "epsilon_prime_5": 3.900783600034334e-17
}