{
    "f1": 5.178911201484801e-05,
    "g1": 0.00011887079060480003,
    "h1": 0.000131946577571328,
    "t1": 0.00025036017282764806,
    "alpha_1": 2.295285359801489,
    "epsilon_1": 0.0,
    "beta_1": 1.1099999999999997,
    "gamma_1": 1.8974358974358978,
    "epsilon_prime_1": -0.27666666666666695,
    "f2": 1.793278299085202e-11,
    "g2": 2.8506229932682525e-11,
    "h2": 4.495390695209478e-11,
    "t2": 7.026017866744602e-11,
    "alpha_2": 1.5896155073768694,
    "epsilon_2": 0.0,
    "beta_2": 1.5769853487554635,
    "gamma_2": 1.5629382056229044,
    "epsilon_prime_2": 0.0049354827222504805,
    "f3": 4.194999987007026e-31,
    "g3": 6.627304479433547e-31,
    "h3": 1.0469779527935009e-30,
    "t3": 1.6539935041443412e-30,
    "alpha_3": 1.5798103694779455,
    "epsilon_3": 0.0,
    "beta_3": 1.5797945545471435,
    "gamma_3": 1.5797787333832847,
    "epsilon_prime_3": 5.55878730173592e-06,
    "f4": 5.3131883854243416e-90,
    "g4": 8.393766274667456e-90,
    "h4": 1.3260458158420642e-89,
    "t4": 2.0948849993520745e-89,
    "alpha_4": 1.57979835567172,
    "epsilon_4": 0.0,
    "beta_4": 1.5797983556488766,
    "gamma_4": 1.579798355626033,
    "epsilon_prime_4": 8.026096304086644e-12,
    "f5": 1.079491736962935e-266,
    "g5": 1.7053792709965226e-266,
    "h5": 2.6941553680873515e-266,
    "t5": 4.256222220381788e-266,
    "alpha_5": 1.5797983556543682,
    "epsilon_5": 0.0,
    "beta_5": 1.5797983556543682,
    "gamma_5": 1.5797983556543687,
    "epsilon_prime_5": -1.5603134400137336e-16
}