{
    "f0": 0.017576,
    "g0": 0.050024000000000006,
    "h0": 0,
    "t0": 0,
    "f1": 0.01346815845758931,
    "g1": 0.012788101150003457,
    "h1": 4.532849412786781e-05,
    "t1": 0.00012901186790239302,
    "alpha_1": 2.8461538461538463,
    "beta_1": 0.0,
    "gamma_1": 9999,
    "epsilon_1": -1.0,
    "epsilon_prime_1": 3513.1621621621625,
    "f2": 0.0009014145840389549,
    "g2": 0.00043126810758682276,
    "h2": 6.0516044547404475e-06,
    "t2": 4.318681028471279e-06,
    "alpha_2": 0.94950628850059,
    "beta_2": 0.0035445836403831974,
    "gamma_2": 2.8461538461538467,
    "epsilon_2": -0.3323649233292619,
    "epsilon_prime_2": 0.9987546057479737,
    "f3": 8.640214214416382e-08,
    "g3": 1.7616104222382787e-08,
    "h3": 7.48644609089124e-10,
    "t3": 1.728425987521886e-10,
    "alpha_3": 0.4784348015032619,
    "beta_3": 0.01403211679296768,
    "gamma_3": 0.7136423176316977,
    "epsilon_3": -0.16316851084415743,
    "epsilon_prime_3": 0.24580898948387814,
    "f4": 1.6331701883959764e-20,
    "g4": 1.7639642477622595e-21,
    "h4": 1.5263683843858152e-22,
    "t4": 1.6755355205708517e-23,
    "alpha_4": 0.2038850401763181,
    "beta_4": 0.042497739547765964,
    "gamma_4": 0.23087403108730886,
    "epsilon_4": -0.05670364616678858,
    "epsilon_prime_4": 0.06618626459497454,
    "f5": 3.799237335890802e-59,
    "g5": 3.689440059728475e-60,
    "h5": 3.580213031069367e-61,
    "t5": 3.476930544625928e-62,
    "alpha_5": 0.10800859948923897,
    "beta_5": 0.08653057375296268,
    "gamma_5": 0.10977268251301332,
    "epsilon_5": -0.007546333366799777,
    "epsilon_prime_5": 0.008166146321098876,
    "f6": 4.083818842682081e-175,
    "g6": 3.964407288391463e-176,
    "h6": 3.8484873480642892e-177,
    "t6": 3.735956926521914e-178,
    "alpha_6": 0.09711001797321032,
    "beta_6": 0.09703946867571156,
    "gamma_6": 0.09711518600856581,
    "epsilon_6": -2.4787591013079532e-05,
    "epsilon_prime_6": 2.660338721905979e-05,
    "f7": 0.0,
    "g7": 0.0,
    "h7": 0.0,
    "t7": 0.0,
    "alpha_7": 0.09707598307146764,
    "beta_7": 0.09707598306897959,
    "gamma_7": 0.09707598307166124,
    "epsilon_7": -8.741802327061944e-13,
    "epsilon_prime_7": 9.42200146731793e-13,
    "f8": 0.0,
    "g8": 0.0,
    "h8": 0.0,
    "t8": 0.0,
    "alpha_8": NaN,
    "beta_8": NaN,
    "gamma_8": NaN,
    "epsilon_8": NaN,
    "epsilon_prime_8": NaN,
    "f9": 0.0,
    "g9": 0.0,
    "h9": 0.0,
    "t9": 0.0,
    "alpha_9": NaN,
    "beta_9": NaN,
    "gamma_9": NaN,
    "epsilon_9": NaN,
    "epsilon_prime_9": NaN,
    "f10": 0.0,
    "g10": 0.0,
    "h10": 0.0,
    "t10": 0.0,
    "alpha_10": NaN,
    "beta_10": NaN,
    "gamma_10": NaN,
    "epsilon_10": NaN,
    "epsilon_prime_10": NaN,
    "f11": 0.0,
    "g11": 0.0,
    "h11": 0.0,
    "t11": 0.0,
    "alpha_11": NaN,
    "beta_11": NaN,
    "gamma_11": NaN,
    "epsilon_11": NaN,
    "epsilon_prime_11": NaN,
    "f12": 0.0,
    "g12": 0.0,
    "h12": 0.0,
    "t12": 0.0,
    "alpha_12": NaN,
    "beta_12": NaN,
    "gamma_12": NaN,
    "epsilon_12": NaN,
    "epsilon_prime_12": NaN,
    "f13": 0.0,
    "g13": 0.0,
    "h13": 0.0,
    "t13": 0.0,
    "alpha_13": NaN,
    "beta_13": NaN,
    "gamma_13": NaN,
    "epsilon_13": NaN,
    "epsilon_prime_13": NaN,
    "f14": 0.0,
    "g14": 0.0,
    "h14": 0.0,
    "t14": 0.0,
    "alpha_14": NaN,
    "beta_14": NaN,
    "gamma_14": NaN,
    "epsilon_14": NaN,
    "epsilon_prime_14": NaN,
    "f15": 0.0,
    "g15": 0.0,
    "h15": 0.0,
    "t15": 0.0,
    "alpha_15": NaN,
    "beta_15": NaN,
    "gamma_15": NaN,
    "epsilon_15": NaN,
    "epsilon_prime_15": NaN,
    "f16": 0.0,
    "g16": 0.0,
    "h16": 0.0,
    "t16": 0.0,
    "alpha_16": NaN,
    "beta_16": NaN,
    "gamma_16": NaN,
    "epsilon_16": NaN,
    "epsilon_prime_16": NaN,
    "f17": 0.0,
    "g17": 0.0,
    "h17": 0.0,
    "t17": 0.0,
    "alpha_17": NaN,
    "beta_17": NaN,
    "gamma_17": NaN,
    "epsilon_17": NaN,
    "epsilon_prime_17": NaN,
    "f18": 0.0,
    "g18": 0.0,
    "h18": 0.0,
    "t18": 0.0,
    "alpha_18": NaN,
    "beta_18": NaN,
    "gamma_18": NaN,
    "epsilon_18": NaN,
    "epsilon_prime_18": NaN,
    "f19": 0.0,
    "g19": 0.0,
    "h19": 0.0,
    "t19": 0.0,
    "alpha_19": NaN,
    "beta_19": NaN,
    "gamma_19": NaN,
    "epsilon_19": NaN,
    "epsilon_prime_19": NaN,
    "f20": 0.0,
    "g20": 0.0,
    "h20": 0.0,
    "t20": 0.0,
    "alpha_20": NaN,
    "beta_20": NaN,
    "gamma_20": NaN,
    "epsilon_20": NaN,
    "epsilon_prime_20": NaN
}