{
    "f0": 0.015625,
    "g0": 0.046875,
    "h0": 0,
    "t0": 0,
    "f1": 0.00058746337890625,
    "g1": 0.000457763671875,
    "h1": 0.000240325927734375,
    "t1": 0.000102996826171875,
    "alpha_1": 3.0,
    "beta_1": 0.0,
    "gamma_1": 9999,
    "epsilon_1": -1.0,
    "epsilon_prime_1": 3333.0,
    "f2": 3.0869722333903837e-09,
    "g2": 1.981301789300005e-09,
    "h2": 1.2611681698970756e-09,
    "t2": 7.965258452813373e-10,
    "alpha_2": 0.7792207792207793,
    "beta_2": 0.525,
    "gamma_2": 0.42857142857142855,
    "epsilon_2": -0.08474025974025974,
    "epsilon_prime_2": -0.032142857142857154,
    "f3": 3.496548867088799e-25,
    "g3": 2.2338808597851215e-25,
    "h3": 1.4271780301619806e-25,
    "t3": 9.117883443031049e-26,
    "alpha_3": 0.64182689039738,
    "beta_3": 0.6365351188334852,
    "gamma_3": 0.6315778214941328,
    "epsilon_3": -0.0017639238546315696,
    "epsilon_prime_3": -0.0016524324464508207,
    "f4": 5.051775362725742e-73,
    "g4": 3.227477084728653e-73,
    "h4": 2.0619698194192794e-73,
    "t4": 1.3173508051550973e-73,
    "alpha_4": 0.638881635778491,
    "beta_4": 0.6388783107704598,
    "gamma_4": 0.6388749861848837,
    "epsilon_4": -1.108336010413602e-06,
    "epsilon_prime_4": -1.1081951920196194e-06,
    "f5": 1.523546504585433e-216,
    "g5": 9.733630413069092e-217,
    "h5": 6.218619565144417e-217,
    "t5": 3.972950241060527e-217,
    "alpha_5": 0.638879770573811,
    "beta_5": 0.6388797705724494,
    "gamma_5": 0.6388797705710881,
    "epsilon_5": -4.53859172466764e-13,
    "epsilon_prime_5": -4.537481501643015e-13,
    "f6": 0.0,
    "g6": 0.0,
    "h6": 0.0,
    "t6": 0.0,
    "alpha_6": 0.6388797705730471,
    "beta_6": 0.6388797705730473,
    "gamma_6": 0.6388797705730471,
    "epsilon_6": 7.401486830834377e-17,
    "epsilon_prime_6": -7.401486830834377e-17,
    "f7": 0.0,
    "g7": 0.0,
    "h7": 0.0,
    "t7": 0.0,
    "alpha_7": NaN,
    "beta_7": NaN,
    "gamma_7": NaN,
    "epsilon_7": NaN,
    "epsilon_prime_7": NaN,
    "f8": 0.0,
    "g8": 0.0,
    "h8": 0.0,
    "t8": 0.0,
    "alpha_8": NaN,
    "beta_8": NaN,
    "gamma_8": NaN,
    "epsilon_8": NaN,
    "epsilon_prime_8": NaN,
    "f9": 0.0,
    "g9": 0.0,
    "h9": 0.0,
    "t9": 0.0,
    "alpha_9": NaN,
    "beta_9": NaN,
    "gamma_9": NaN,
    "epsilon_9": NaN,
    "epsilon_prime_9": NaN,
    "f10": 0.0,
    "g10": 0.0,
    "h10": 0.0,
    "t10": 0.0,
    "alpha_10": NaN,
    "beta_10": NaN,
    "gamma_10": NaN,
    "epsilon_10": NaN,
    "epsilon_prime_10": NaN,
    "f11": 0.0,
    "g11": 0.0,
    "h11": 0.0,
    "t11": 0.0,
    "alpha_11": NaN,
    "beta_11": NaN,
    "gamma_11": NaN,
    "epsilon_11": NaN,
    "epsilon_prime_11": NaN,
    "f12": 0.0,
    "g12": 0.0,
    "h12": 0.0,
    "t12": 0.0,
    "alpha_12": NaN,
    "beta_12": NaN,
    "gamma_12": NaN,
    "epsilon_12": NaN,
    "epsilon_prime_12": NaN,
    "f13": 0.0,
    "g13": 0.0,
    "h13": 0.0,
    "t13": 0.0,
    "alpha_13": NaN,
    "beta_13": NaN,
    "gamma_13": NaN,
    "epsilon_13": NaN,
    "epsilon_prime_13": NaN,
    "f14": 0.0,
    "g14": 0.0,
    "h14": 0.0,
    "t14": 0.0,
    "alpha_14": NaN,
    "beta_14": NaN,
    "gamma_14": NaN,
    "epsilon_14": NaN,
    "epsilon_prime_14": NaN,
    "f15": 0.0,
    "g15": 0.0,
    "h15": 0.0,
    "t15": 0.0,
    "alpha_15": NaN,
    "beta_15": NaN,
    "gamma_15": NaN,
    "epsilon_15": NaN,
    "epsilon_prime_15": NaN,
    "f16": 0.0,
    "g16": 0.0,
    "h16": 0.0,
    "t16": 0.0,
    "alpha_16": NaN,
    "beta_16": NaN,
    "gamma_16": NaN,
    "epsilon_16": NaN,
    "epsilon_prime_16": NaN,
    "f17": 0.0,
    "g17": 0.0,
    "h17": 0.0,
    "t17": 0.0,
    "alpha_17": NaN,
    "beta_17": NaN,
    "gamma_17": NaN,
    "epsilon_17": NaN,
    "epsilon_prime_17": NaN,
    "f18": 0.0,
    "g18": 0.0,
    "h18": 0.0,
    "t18": 0.0,
    "alpha_18": NaN,
    "beta_18": NaN,
    "gamma_18": NaN,
    "epsilon_18": NaN,
    "epsilon_prime_18": NaN,
    "f19": 0.0,
    "g19": 0.0,
    "h19": 0.0,
    "t19": 0.0,
    "alpha_19": NaN,
    "beta_19": NaN,
    "gamma_19": NaN,
    "epsilon_19": NaN,
    "epsilon_prime_19": NaN,
    "f20": 0.0,
    "g20": 0.0,
    "h20": 0.0,
    "t20": 0.0,
    "alpha_20": NaN,
    "beta_20": NaN,
    "gamma_20": NaN,
    "epsilon_20": NaN,
    "epsilon_prime_20": NaN
}