{
    "f0": 0.015625,
    "g0": 0.046875,
    "h0": 0,
    "t0": 0,
    "f1": 0.00058746337890625,
    "g1": 0.000457763671875,
    "h1": 0.000240325927734375,
    "t1": 0.000102996826171875,
    "beta_1": 0.525,
    "alpha_1": 0.7792207792207793,
    "epsilon_1": -0.08474025974025974,
    "gamma_1": 0.42857142857142855,
    "epsilon_prime_1": -0.032142857142857154,
    "f2": 3.0869722333903837e-09,
    "g2": 1.981301789300005e-09,
    "h2": 1.2611681698970756e-09,
    "t2": 7.965258452813373e-10,
    "beta_2": 0.6365351188334852,
    "alpha_2": 0.64182689039738,
    "epsilon_2": -0.0017639238546315696,
    "gamma_2": 0.6315778214941328,
    "epsilon_prime_2": -0.0016524324464508207,
    "f3": 3.496548867088799e-25,
    "g3": 2.2338808597851215e-25,
    "h3": 1.4271780301619806e-25,
    "t3": 9.117883443031049e-26,
    "beta_3": 0.6388783107704598,
    "alpha_3": 0.638881635778491,
    "epsilon_3": -1.108336010413602e-06,
    "gamma_3": 0.6388749861848837,
    "epsilon_prime_3": -1.1081951920196194e-06,
    "f4": 5.051775362725742e-73,
    "g4": 3.227477084728653e-73,
    "h4": 2.0619698194192794e-73,
    "t4": 1.3173508051550973e-73,
    "beta_4": 0.6388797705724494,
    "alpha_4": 0.638879770573811,
    "epsilon_4": -4.53859172466764e-13,
    "gamma_4": 0.6388797705710881,
    "epsilon_prime_4": -4.537481501643015e-13,
    "f5": 1.523546504585433e-216,
    "g5": 9.733630413069092e-217,
    "h5": 6.218619565144417e-217,
    "t5": 3.972950241060527e-217,
    "beta_5": 0.6388797705730473,
    "alpha_5": 0.6388797705730471,
    "epsilon_5": 7.401486830834377e-17,
    "gamma_5": 0.6388797705730471,
    "epsilon_prime_5": -7.401486830834377e-17
}