{
    "f1": 3.814697265625e-05,
    "g1": 9.1552734375e-05,
    "h1": 0.000102996826171875,
    "t1": 0.00020599365234375,
    "alpha_1": 2.4,
    "epsilon_1": 0.0,
    "beta_1": 1.125,
    "gamma_1": 2.0,
    "epsilon_prime_1": -0.29166666666666663,
    "f2": 7.875256002876085e-12,
    "g2": 1.2893019984971943e-11,
    "h2": 2.094624473869544e-11,
    "t2": 3.370803636215669e-11,
    "alpha_2": 1.6371556658302084,
    "epsilon_2": 0.0,
    "beta_2": 1.6246189615086541,
    "gamma_2": 1.6092639412297858,
    "epsilon_prime_2": 0.005118340092956123,
    "f3": 3.801249217318469e-32,
    "g3": 6.185190970405955e-32,
    "h3": 1.0064111500135095e-31,
    "t3": 1.6375452880113034e-31,
    "alpha_3": 1.6271469237602894,
    "epsilon_3": 0.0,
    "beta_3": 1.6271302775109875,
    "gamma_3": 1.627113618513986,
    "epsilon_prime_3": 5.552999000476196e-06,
    "f4": 4.229212745802427e-93,
    "g4": 6.881496649005161e-93,
    "h4": 1.1197118465261548e-92,
    "t4": 1.821921426660952e-92,
    "alpha_4": 1.6271341884692787,
    "epsilon_4": 0.0,
    "beta_4": 1.627134188444353,
    "gamma_4": 1.6271341884194261,
    "epsilon_prime_4": 8.308983131162979e-12,
    "f5": 5.824427554344052e-276,
    "g5": 9.47712520182466e-276,
    "h5": 1.542055442411202e-275,
    "t5": 2.5091311308329833e-275,
    "alpha_5": 1.6271341884502117,
    "epsilon_5": 0.0,
    "beta_5": 1.6271341884502122,
    "gamma_5": 1.6271341884502115,
    "epsilon_prime_5": 2.220446049250313e-16
}