{
    "f0": 0.015625,
    "g0": 0.046875,
    "h0": 0,
    "t0": 0,
    "f1": 0.010512739360012995,
    "g1": 0.010520602291471495,
    "h1": 3.538319156324494e-05,
    "t1": 0.00010614957468973481,
    "alpha_1": 3.0,
    "beta_1": 0.0,
    "gamma_1": 9999,
    "epsilon_1": -1.0,
    "epsilon_prime_1": 3333.0,
    "f2": 0.0004760803993063246,
    "g2": 0.00023988180397621454,
    "h2": 3.197117483425194e-06,
    "t2": 2.4042204687211955e-06,
    "alpha_2": 1.0007479431563202,
    "beta_2": 0.0033632286995515697,
    "gamma_2": 3.0,
    "epsilon_2": -0.3324615714855895,
    "epsilon_prime_2": 0.9988789237668161,
    "f3": 1.4104253937713235e-08,
    "g3": 3.0104776092073497e-09,
    "h3": 1.223321196247037e-10,
    "t3": 2.9618392475576235e-11,
    "alpha_3": 0.5038682632717826,
    "beta_3": 0.013327886610950298,
    "gamma_3": 0.7519962845236023,
    "epsilon_3": -0.16351345888694407,
    "epsilon_prime_3": 0.24622279930421734,
    "f4": 7.744569014337638e-23,
    "g4": 8.525754041289936e-24,
    "h4": 7.256834340162186e-25,
    "t4": 8.13234787123628e-26,
    "alpha_4": 0.21344465453487485,
    "beta_4": 0.04063545241145753,
    "gamma_4": 0.24211460217023092,
    "epsilon_4": -0.05760306737447244,
    "epsilon_prime_4": 0.0671597165862578,
    "f5": 4.1824440601978273e-66,
    "g5": 4.069483464883114e-67,
    "h5": 3.955101518137475e-68,
    "t5": 3.8485826038276316e-69,
    "alpha_5": 0.11008687540269935,
    "beta_5": 0.08511662786678556,
    "gamma_5": 0.11206467572545589,
    "epsilon_5": -0.008323415845304594,
    "epsilon_prime_5": 0.008982682619556776,
    "f6": 5.477654187084273e-196,
    "g6": 5.326802357124875e-197,
    "h6": 5.180104909880552e-198,
    "t6": 5.037447436780221e-199,
    "alpha_6": 0.0972991725964801,
    "beta_6": 0.09718927604123034,
    "gamma_6": 0.09730679696029637,
    "epsilon_6": -3.663218508325368e-05,
    "epsilon_prime_6": 3.9173639688675856e-05,
    "f7": 0.0,
    "g7": 0.0,
    "h7": 0.0,
    "t7": 0.0,
    "alpha_7": 0.09724605050251091,
    "beta_7": 0.09724605049316111,
    "gamma_7": 0.09724605050318139,
    "epsilon_7": -3.1165995710106622e-12,
    "epsilon_prime_7": 3.3400920917969756e-12,
    "f8": 0.0,
    "g8": 0.0,
    "h8": 0.0,
    "t8": 0.0,
    "alpha_8": NaN,
    "beta_8": NaN,
    "gamma_8": NaN,
    "epsilon_8": NaN,
    "epsilon_prime_8": NaN,
    "f9": 0.0,
    "g9": 0.0,
    "h9": 0.0,
    "t9": 0.0,
    "alpha_9": NaN,
    "beta_9": NaN,
    "gamma_9": NaN,
    "epsilon_9": NaN,
    "epsilon_prime_9": NaN,
    "f10": 0.0,
    "g10": 0.0,
    "h10": 0.0,
    "t10": 0.0,
    "alpha_10": NaN,
    "beta_10": NaN,
    "gamma_10": NaN,
    "epsilon_10": NaN,
    "epsilon_prime_10": NaN,
    "f11": 0.0,
    "g11": 0.0,
    "h11": 0.0,
    "t11": 0.0,
    "alpha_11": NaN,
    "beta_11": NaN,
    "gamma_11": NaN,
    "epsilon_11": NaN,
    "epsilon_prime_11": NaN,
    "f12": 0.0,
    "g12": 0.0,
    "h12": 0.0,
    "t12": 0.0,
    "alpha_12": NaN,
    "beta_12": NaN,
    "gamma_12": NaN,
    "epsilon_12": NaN,
    "epsilon_prime_12": NaN,
    "f13": 0.0,
    "g13": 0.0,
    "h13": 0.0,
    "t13": 0.0,
    "alpha_13": NaN,
    "beta_13": NaN,
    "gamma_13": NaN,
    "epsilon_13": NaN,
    "epsilon_prime_13": NaN,
    "f14": 0.0,
    "g14": 0.0,
    "h14": 0.0,
    "t14": 0.0,
    "alpha_14": NaN,
    "beta_14": NaN,
    "gamma_14": NaN,
    "epsilon_14": NaN,
    "epsilon_prime_14": NaN,
    "f15": 0.0,
    "g15": 0.0,
    "h15": 0.0,
    "t15": 0.0,
    "alpha_15": NaN,
    "beta_15": NaN,
    "gamma_15": NaN,
    "epsilon_15": NaN,
    "epsilon_prime_15": NaN,
    "f16": 0.0,
    "g16": 0.0,
    "h16": 0.0,
    "t16": 0.0,
    "alpha_16": NaN,
    "beta_16": NaN,
    "gamma_16": NaN,
    "epsilon_16": NaN,
    "epsilon_prime_16": NaN,
    "f17": 0.0,
    "g17": 0.0,
    "h17": 0.0,
    "t17": 0.0,
    "alpha_17": NaN,
    "beta_17": NaN,
    "gamma_17": NaN,
    "epsilon_17": NaN,
    "epsilon_prime_17": NaN,
    "f18": 0.0,
    "g18": 0.0,
    "h18": 0.0,
    "t18": 0.0,
    "alpha_18": NaN,
    "beta_18": NaN,
    "gamma_18": NaN,
    "epsilon_18": NaN,
    "epsilon_prime_18": NaN,
    "f19": 0.0,
    "g19": 0.0,
    "h19": 0.0,
    "t19": 0.0,
    "alpha_19": NaN,
    "beta_19": NaN,
    "gamma_19": NaN,
    "epsilon_19": NaN,
    "epsilon_prime_19": NaN,
    "f20": 0.0,
    "g20": 0.0,
    "h20": 0.0,
    "t20": 0.0,
    "alpha_20": NaN,
    "beta_20": NaN,
    "gamma_20": NaN,
    "epsilon_20": NaN,
    "epsilon_prime_20": NaN
}