{
    "f0": 0.013823999999999998,
    "g0": 0.043776,
    "h0": 0,
    "t0": 0,
    "f1": 0.008111525534100677,
    "g1": 0.008567913708189333,
    "h1": 2.7302366533433505e-05,
    "t1": 8.645749402253946e-05,
    "alpha_1": 3.1666666666666674,
    "beta_1": 0.0,
    "gamma_1": 9999,
    "epsilon_1": -1.0000000000000002,
    "epsilon_prime_1": 3157.578947368421,
    "f2": 0.00024357017272152198,
    "g2": 0.00012944383865329958,
    "h2": 1.6361556941841637e-06,
    "t2": 1.2983847057607345e-06,
    "alpha_2": 1.0562641604430647,
    "beta_2": 0.003186582809224317,
    "gamma_2": 3.166666666666668,
    "epsilon_2": -0.33255081398963376,
    "epsilon_prime_2": 0.9989937106918242,
    "f3": 2.099244978278684e-09,
    "g3": 4.699645257478893e-10,
    "h3": 1.82246962083139e-11,
    "t3": 4.635528829639503e-12,
    "alpha_3": 0.5314437199225333,
    "beta_3": 0.012639888550944616,
    "gamma_3": 0.7935581622066524,
    "epsilon_3": -0.16383278885418587,
    "epsilon_prime_3": 0.24660577062811823,
    "f4": 2.7948410569117893e-25,
    "g4": 3.1428964172010964e-26,
    "h4": 2.6252175787356685e-27,
    "t4": 3.0102042135353125e-28,
    "alpha_4": 0.22387312134158144,
    "beta_4": 0.03877887629776225,
    "gamma_4": 0.2543542441889828,
    "epsilon_4": -0.05845081422436395,
    "epsilon_prime_4": 0.06807643196564858,
    "f5": 2.0367364502619544e-73,
    "g5": 1.9856993770472743e-74,
    "h5": 1.9325812240933456e-75,
    "t5": 1.8843686968279294e-76,
    "alpha_5": 0.11245349389113016,
    "beta_5": 0.08352860642711075,
    "gamma_5": 0.114664941981116,
    "epsilon_5": -0.009134174988637705,
    "epsilon_prime_5": 0.009832527017054287,
    "f6": 6.359872286347103e-218,
    "g6": 6.195292750580318e-219,
    "h6": 6.034972169869405e-220,
    "t6": 5.878800336144827e-221,
    "alpha_6": 0.09749417391689946,
    "beta_6": 0.0973249650189791,
    "gamma_6": 0.09750527808796058,
    "epsilon_6": -5.3434388816958024e-05,
    "epsilon_prime_6": 5.694096915204902e-05,
    "f7": 0.0,
    "g7": 0.0,
    "h7": 0.0,
    "t7": 0.0,
    "alpha_7": 0.09741221948560048,
    "beta_7": 0.09741221945168134,
    "gamma_7": 0.09741221948786621,
    "epsilon_7": -1.0711309032722894e-11,
    "epsilon_prime_7": 1.142680248668096e-11,
    "f8": 0.0,
    "g8": 0.0,
    "h8": 0.0,
    "t8": 0.0,
    "alpha_8": NaN,
    "beta_8": NaN,
    "gamma_8": NaN,
    "epsilon_8": NaN,
    "epsilon_prime_8": NaN,
    "f9": 0.0,
    "g9": 0.0,
    "h9": 0.0,
    "t9": 0.0,
    "alpha_9": NaN,
    "beta_9": NaN,
    "gamma_9": NaN,
    "epsilon_9": NaN,
    "epsilon_prime_9": NaN,
    "f10": 0.0,
    "g10": 0.0,
    "h10": 0.0,
    "t10": 0.0,
    "alpha_10": NaN,
    "beta_10": NaN,
    "gamma_10": NaN,
    "epsilon_10": NaN,
    "epsilon_prime_10": NaN,
    "f11": 0.0,
    "g11": 0.0,
    "h11": 0.0,
    "t11": 0.0,
    "alpha_11": NaN,
    "beta_11": NaN,
    "gamma_11": NaN,
    "epsilon_11": NaN,
    "epsilon_prime_11": NaN,
    "f12": 0.0,
    "g12": 0.0,
    "h12": 0.0,
    "t12": 0.0,
    "alpha_12": NaN,
    "beta_12": NaN,
    "gamma_12": NaN,
    "epsilon_12": NaN,
    "epsilon_prime_12": NaN,
    "f13": 0.0,
    "g13": 0.0,
    "h13": 0.0,
    "t13": 0.0,
    "alpha_13": NaN,
    "beta_13": NaN,
    "gamma_13": NaN,
    "epsilon_13": NaN,
    "epsilon_prime_13": NaN,
    "f14": 0.0,
    "g14": 0.0,
    "h14": 0.0,
    "t14": 0.0,
    "alpha_14": NaN,
    "beta_14": NaN,
    "gamma_14": NaN,
    "epsilon_14": NaN,
    "epsilon_prime_14": NaN,
    "f15": 0.0,
    "g15": 0.0,
    "h15": 0.0,
    "t15": 0.0,
    "alpha_15": NaN,
    "beta_15": NaN,
    "gamma_15": NaN,
    "epsilon_15": NaN,
    "epsilon_prime_15": NaN,
    "f16": 0.0,
    "g16": 0.0,
    "h16": 0.0,
    "t16": 0.0,
    "alpha_16": NaN,
    "beta_16": NaN,
    "gamma_16": NaN,
    "epsilon_16": NaN,
    "epsilon_prime_16": NaN,
    "f17": 0.0,
    "g17": 0.0,
    "h17": 0.0,
    "t17": 0.0,
    "alpha_17": NaN,
    "beta_17": NaN,
    "gamma_17": NaN,
    "epsilon_17": NaN,
    "epsilon_prime_17": NaN,
    "f18": 0.0,
    "g18": 0.0,
    "h18": 0.0,
    "t18": 0.0,
    "alpha_18": NaN,
    "beta_18": NaN,
    "gamma_18": NaN,
    "epsilon_18": NaN,
    "epsilon_prime_18": NaN,
    "f19": 0.0,
    "g19": 0.0,
    "h19": 0.0,
    "t19": 0.0,
    "alpha_19": NaN,
    "beta_19": NaN,
    "gamma_19": NaN,
    "epsilon_19": NaN,
    "epsilon_prime_19": NaN,
    "f20": 0.0,
    "g20": 0.0,
    "h20": 0.0,
    "t20": 0.0,
    "alpha_20": NaN,
    "beta_20": NaN,
    "gamma_20": NaN,
    "epsilon_20": NaN,
    "epsilon_prime_20": NaN
}