{
    "f0": 0.013823999999999998,
    "g0": 0.043776,
    "h0": 0,
    "t0": 0,
    "f1": 0.000459038521294848,
    "g1": 0.0003660004196352001,
    "h1": 0.00019427069893017605,
    "t1": 8.388961999257602e-05,
    "beta_1": 0.5307936507936508,
    "alpha_1": 0.7973196205904297,
    "epsilon_1": -0.0841660957252986,
    "gamma_1": 0.4318181818181818,
    "epsilon_prime_1": -0.03125541125541126,
    "f2": 1.5295792450141963e-09,
    "g2": 9.977652308678949e-10,
    "h2": 6.451225511747089e-10,
    "t2": 4.136556314905549e-10,
    "beta_2": 0.6465674802213305,
    "alpha_2": 0.6523135261675406,
    "epsilon_2": -0.001814540825118975,
    "gamma_2": 0.641204730383903,
    "epsilon_prime_2": -0.0016934999486613034,
    "f3": 4.3711678579367136e-26,
    "g3": 2.837302210178146e-26,
    "h3": 1.8416669597085723e-26,
    "t3": 1.195402020982154e-26,
    "beta_3": 0.649090869877037,
    "alpha_3": 0.6490947733856678,
    "epsilon_3": -1.2326869360345046e-06,
    "gamma_3": 0.6490869669352791,
    "epsilon_prime_3": -1.232507923545462e-06,
    "f4": 1.0137931734040208e-75,
    "g4": 6.58045614790278e-76,
    "h4": 4.271325182527099e-76,
    "t4": 2.772485433346752e-76,
    "beta_4": 0.6490925684366713,
    "alpha_4": 0.6490925684385439,
    "epsilon_4": -5.913515291479741e-13,
    "gamma_4": 0.6490925684347991,
    "epsilon_prime_4": -5.912112904501267e-13,
    "f5": 1.2647454399483693e-224,
    "g5": 8.209368660356851e-225,
    "h5": 5.328640189001234e-225,
    "t5": 3.4587807465580226e-225,
    "beta_5": 0.6490925684374862,
    "alpha_5": 0.649092568437486,
    "epsilon_5": 7.011934892369409e-17,
    "gamma_5": 0.6490925684374861,
    "epsilon_prime_5": -3.5059674461847047e-17
}