{
    "f0": 0.013823999999999998,
    "g0": 0.043776,
    "h0": 0,
    "t0": 0,
    "f1": 0.000459038521294848,
    "g1": 0.0003660004196352001,
    "h1": 0.00019427069893017605,
    "t1": 8.388961999257602e-05,
    "alpha_1": 3.1666666666666674,
    "beta_1": 0.0,
    "gamma_1": 9999,
    "epsilon_1": -1.0000000000000002,
    "epsilon_prime_1": 3157.578947368421,
    "f2": 1.5295792450141963e-09,
    "g2": 9.977652308678949e-10,
    "h2": 6.451225511747089e-10,
    "t2": 4.136556314905549e-10,
    "alpha_2": 0.7973196205904297,
    "beta_2": 0.5307936507936508,
    "gamma_2": 0.4318181818181818,
    "epsilon_2": -0.0841660957252986,
    "epsilon_prime_2": -0.03125541125541126,
    "f3": 4.3711678579367136e-26,
    "g3": 2.837302210178146e-26,
    "h3": 1.8416669597085723e-26,
    "t3": 1.195402020982154e-26,
    "alpha_3": 0.6523135261675406,
    "beta_3": 0.6465674802213305,
    "gamma_3": 0.641204730383903,
    "epsilon_3": -0.001814540825118975,
    "epsilon_prime_3": -0.0016934999486613034,
    "f4": 1.0137931734040208e-75,
    "g4": 6.58045614790278e-76,
    "h4": 4.271325182527099e-76,
    "t4": 2.772485433346752e-76,
    "alpha_4": 0.6490947733856678,
    "beta_4": 0.649090869877037,
    "gamma_4": 0.6490869669352791,
    "epsilon_4": -1.2326869360345046e-06,
    "epsilon_prime_4": -1.232507923545462e-06,
    "f5": 1.2647454399483693e-224,
    "g5": 8.209368660356851e-225,
    "h5": 5.328640189001234e-225,
    "t5": 3.4587807465580226e-225,
    "alpha_5": 0.6490925684385439,
    "beta_5": 0.6490925684366713,
    "gamma_5": 0.6490925684347991,
    "epsilon_5": -5.913515291479741e-13,
    "epsilon_prime_5": -5.912112904501267e-13,
    "f6": 0.0,
    "g6": 0.0,
    "h6": 0.0,
    "t6": 0.0,
    "alpha_6": 0.649092568437486,
    "beta_6": 0.6490925684374862,
    "gamma_6": 0.6490925684374861,
    "epsilon_6": 7.011934892369409e-17,
    "epsilon_prime_6": -3.5059674461847047e-17,
    "f7": 0.0,
    "g7": 0.0,
    "h7": 0.0,
    "t7": 0.0,
    "alpha_7": NaN,
    "beta_7": NaN,
    "gamma_7": NaN,
    "epsilon_7": NaN,
    "epsilon_prime_7": NaN,
    "f8": 0.0,
    "g8": 0.0,
    "h8": 0.0,
    "t8": 0.0,
    "alpha_8": NaN,
    "beta_8": NaN,
    "gamma_8": NaN,
    "epsilon_8": NaN,
    "epsilon_prime_8": NaN,
    "f9": 0.0,
    "g9": 0.0,
    "h9": 0.0,
    "t9": 0.0,
    "alpha_9": NaN,
    "beta_9": NaN,
    "gamma_9": NaN,
    "epsilon_9": NaN,
    "epsilon_prime_9": NaN,
    "f10": 0.0,
    "g10": 0.0,
    "h10": 0.0,
    "t10": 0.0,
    "alpha_10": NaN,
    "beta_10": NaN,
    "gamma_10": NaN,
    "epsilon_10": NaN,
    "epsilon_prime_10": NaN,
    "f11": 0.0,
    "g11": 0.0,
    "h11": 0.0,
    "t11": 0.0,
    "alpha_11": NaN,
    "beta_11": NaN,
    "gamma_11": NaN,
    "epsilon_11": NaN,
    "epsilon_prime_11": NaN,
    "f12": 0.0,
    "g12": 0.0,
    "h12": 0.0,
    "t12": 0.0,
    "alpha_12": NaN,
    "beta_12": NaN,
    "gamma_12": NaN,
    "epsilon_12": NaN,
    "epsilon_prime_12": NaN,
    "f13": 0.0,
    "g13": 0.0,
    "h13": 0.0,
    "t13": 0.0,
    "alpha_13": NaN,
    "beta_13": NaN,
    "gamma_13": NaN,
    "epsilon_13": NaN,
    "epsilon_prime_13": NaN,
    "f14": 0.0,
    "g14": 0.0,
    "h14": 0.0,
    "t14": 0.0,
    "alpha_14": NaN,
    "beta_14": NaN,
    "gamma_14": NaN,
    "epsilon_14": NaN,
    "epsilon_prime_14": NaN,
    "f15": 0.0,
    "g15": 0.0,
    "h15": 0.0,
    "t15": 0.0,
    "alpha_15": NaN,
    "beta_15": NaN,
    "gamma_15": NaN,
    "epsilon_15": NaN,
    "epsilon_prime_15": NaN,
    "f16": 0.0,
    "g16": 0.0,
    "h16": 0.0,
    "t16": 0.0,
    "alpha_16": NaN,
    "beta_16": NaN,
    "gamma_16": NaN,
    "epsilon_16": NaN,
    "epsilon_prime_16": NaN,
    "f17": 0.0,
    "g17": 0.0,
    "h17": 0.0,
    "t17": 0.0,
    "alpha_17": NaN,
    "beta_17": NaN,
    "gamma_17": NaN,
    "epsilon_17": NaN,
    "epsilon_prime_17": NaN,
    "f18": 0.0,
    "g18": 0.0,
    "h18": 0.0,
    "t18": 0.0,
    "alpha_18": NaN,
    "beta_18": NaN,
    "gamma_18": NaN,
    "epsilon_18": NaN,
    "epsilon_prime_18": NaN,
    "f19": 0.0,
    "g19": 0.0,
    "h19": 0.0,
    "t19": 0.0,
    "alpha_19": NaN,
    "beta_19": NaN,
    "gamma_19": NaN,
    "epsilon_19": NaN,
    "epsilon_prime_19": NaN,
    "f20": 0.0,
    "g20": 0.0,
    "h20": 0.0,
    "t20": 0.0,
    "alpha_20": NaN,
    "beta_20": NaN,
    "gamma_20": NaN,
    "epsilon_20": NaN,
    "epsilon_prime_20": NaN
}