{
    "f1": 2.7738979172351993e-05,
    "g1": 6.971436564479999e-05,
    "h1": 7.947437683507198e-05,
    "t1": 0.00016777923998515198,
    "alpha_1": 2.5132275132275135,
    "epsilon_1": 0.0,
    "beta_1": 1.14,
    "gamma_1": 2.1111111111111116,
    "epsilon_prime_1": -0.3066666666666668,
    "f2": 3.339739933110394e-12,
    "g2": 5.6345823921381376e-12,
    "h2": 9.437399808519104e-12,
    "t2": 1.564699703288495e-11,
    "alpha_2": 1.6871320836321804,
    "epsilon_2": 0.0,
    "beta_2": 1.6749067014597196,
    "gamma_2": 1.657977552117742,
    "epsilon_prime_2": 0.005346047160624519,
    "f3": 3.107751188149546e-33,
    "g3": 5.2117319043947884e-33,
    "h3": 8.740039262864017e-33,
    "t3": 1.4656834529498106e-32,
    "alpha_3": 1.6770106706959447,
    "epsilon_3": 0.0,
    "beta_3": 1.676993257364982,
    "gamma_3": 1.6769758222682423,
    "epsilon_prime_3": 5.505820023057445e-06,
    "f4": 2.4774698432036718e-96,
    "g4": 4.154710122720617e-96,
    "h4": 6.9674374648449455e-96,
    "t4": 1.1684373492213467e-95,
    "alpha_4": 1.6769972535157354,
    "epsilon_4": 0.0,
    "beta_4": 1.6769972534888857,
    "gamma_4": 1.6769972534620363,
    "epsilon_prime_4": 8.478761552504167e-12,
    "f5": 1.2551301461372184e-285,
    "g5": 2.1048498078509587e-285,
    "h5": 3.5298273467856466e-285,
    "t5": 5.9195107658712574e-285,
    "alpha_5": 1.6769972534950524,
    "epsilon_5": 0.0,
    "beta_5": 1.6769972534950524,
    "gamma_5": 1.6769972534950524,
    "epsilon_prime_5": 0.0
}