{
    "f0": 0.012166999999999997,
    "g0": 0.04073299999999999,
    "h0": 0,
    "t0": 0,
    "f1": 0.006180983949292506,
    "g1": 0.006901762785118294,
    "h1": 2.080514364671404e-05,
    "t1": 6.965200264334701e-05,
    "alpha_1": 3.347826086956522,
    "beta_1": 0.0,
    "gamma_1": 9999,
    "epsilon_1": -1.0,
    "epsilon_prime_1": 2986.714285714286,
    "f2": 0.0001204053889154966,
    "g2": 6.760036460278273e-05,
    "h2": 8.090199064586102e-07,
    "t2": 6.785621349876006e-07,
    "alpha_2": 1.1166123131428436,
    "beta_2": 0.003014468085106383,
    "gamma_2": 3.3478260869565224,
    "epsilon_2": -0.3326331225497137,
    "epsilon_prime_2": 0.9990995744680852,
    "f3": 2.827813092478799e-10,
    "g3": 6.653327025906616e-11,
    "h3": 2.45710737844177e-12,
    "t3": 6.578200225900954e-13,
    "alpha_3": 0.5614396931205985,
    "beta_3": 0.011967685547443149,
    "gamma_3": 0.8387459067081882,
    "epsilon_3": -0.16412800226211136,
    "epsilon_prime_3": 0.2469597283986641,
    "f4": 7.508991448456361e-28,
    "g4": 8.646692108398127e-29,
    "h4": 7.069448966066838e-30,
    "t4": 8.314945657847508e-31,
    "alpha_4": 0.23528171093070566,
    "beta_4": 0.036930506630356894,
    "gamma_4": 0.26772131668387517,
    "epsilon_4": -0.05924776232348079,
    "epsilon_prime_4": 0.06893751469131064,
    "f5": 4.1097620895978555e-81,
    "g5": 4.015223372982072e-82,
    "h5": 3.9125147378334614e-83,
    "t5": 3.8231382489869566e-84,
    "alpha_5": 0.11515117799442487,
    "beta_5": 0.08175899959709002,
    "gamma_5": 0.1176180165916611,
    "epsilon_5": -0.009974287053749371,
    "epsilon_prime_5": 0.010711134946430324,
    "f6": 5.2538437698215934e-241,
    "g6": 5.126418214777813e-242,
    "h6": 5.002083204627295e-243,
    "t6": 4.880763794554585e-244,
    "alpha_6": 0.09769965475969841,
    "beta_6": 0.09744201939449436,
    "gamma_6": 0.09771562550340714,
    "epsilon_6": -7.69560181778342e-05,
    "epsilon_prime_6": 8.172650006485554e-05,
    "f7": 0.0,
    "g7": 0.0,
    "h7": 0.0,
    "t7": 0.0,
    "alpha_7": 0.09757462230270872,
    "beta_7": 0.09757462218372859,
    "gamma_7": 0.09757462231015107,
    "epsilon_7": -3.553951973981181e-11,
    "epsilon_prime_7": 3.776256003422713e-11,
    "f8": 0.0,
    "g8": 0.0,
    "h8": 0.0,
    "t8": 0.0,
    "alpha_8": NaN,
    "beta_8": NaN,
    "gamma_8": NaN,
    "epsilon_8": NaN,
    "epsilon_prime_8": NaN,
    "f9": 0.0,
    "g9": 0.0,
    "h9": 0.0,
    "t9": 0.0,
    "alpha_9": NaN,
    "beta_9": NaN,
    "gamma_9": NaN,
    "epsilon_9": NaN,
    "epsilon_prime_9": NaN,
    "f10": 0.0,
    "g10": 0.0,
    "h10": 0.0,
    "t10": 0.0,
    "alpha_10": NaN,
    "beta_10": NaN,
    "gamma_10": NaN,
    "epsilon_10": NaN,
    "epsilon_prime_10": NaN,
    "f11": 0.0,
    "g11": 0.0,
    "h11": 0.0,
    "t11": 0.0,
    "alpha_11": NaN,
    "beta_11": NaN,
    "gamma_11": NaN,
    "epsilon_11": NaN,
    "epsilon_prime_11": NaN,
    "f12": 0.0,
    "g12": 0.0,
    "h12": 0.0,
    "t12": 0.0,
    "alpha_12": NaN,
    "beta_12": NaN,
    "gamma_12": NaN,
    "epsilon_12": NaN,
    "epsilon_prime_12": NaN,
    "f13": 0.0,
    "g13": 0.0,
    "h13": 0.0,
    "t13": 0.0,
    "alpha_13": NaN,
    "beta_13": NaN,
    "gamma_13": NaN,
    "epsilon_13": NaN,
    "epsilon_prime_13": NaN,
    "f14": 0.0,
    "g14": 0.0,
    "h14": 0.0,
    "t14": 0.0,
    "alpha_14": NaN,
    "beta_14": NaN,
    "gamma_14": NaN,
    "epsilon_14": NaN,
    "epsilon_prime_14": NaN,
    "f15": 0.0,
    "g15": 0.0,
    "h15": 0.0,
    "t15": 0.0,
    "alpha_15": NaN,
    "beta_15": NaN,
    "gamma_15": NaN,
    "epsilon_15": NaN,
    "epsilon_prime_15": NaN,
    "f16": 0.0,
    "g16": 0.0,
    "h16": 0.0,
    "t16": 0.0,
    "alpha_16": NaN,
    "beta_16": NaN,
    "gamma_16": NaN,
    "epsilon_16": NaN,
    "epsilon_prime_16": NaN,
    "f17": 0.0,
    "g17": 0.0,
    "h17": 0.0,
    "t17": 0.0,
    "alpha_17": NaN,
    "beta_17": NaN,
    "gamma_17": NaN,
    "epsilon_17": NaN,
    "epsilon_prime_17": NaN,
    "f18": 0.0,
    "g18": 0.0,
    "h18": 0.0,
    "t18": 0.0,
    "alpha_18": NaN,
    "beta_18": NaN,
    "gamma_18": NaN,
    "epsilon_18": NaN,
    "epsilon_prime_18": NaN,
    "f19": 0.0,
    "g19": 0.0,
    "h19": 0.0,
    "t19": 0.0,
    "alpha_19": NaN,
    "beta_19": NaN,
    "gamma_19": NaN,
    "epsilon_19": NaN,
    "epsilon_prime_19": NaN,
    "f20": 0.0,
    "g20": 0.0,
    "h20": 0.0,
    "t20": 0.0,
    "alpha_20": NaN,
    "beta_20": NaN,
    "gamma_20": NaN,
    "epsilon_20": NaN,
    "epsilon_prime_20": NaN
}