{
    "f1": 1.9890990261373987e-05,
    "g1": 5.243431188379997e-05,
    "h1": 6.056163022578896e-05,
    "t1": 0.00013516653702567394,
    "alpha_1": 2.6360835330366315,
    "epsilon_1": 0.0,
    "beta_1": 1.155,
    "gamma_1": 2.231884057971015,
    "epsilon_prime_1": -0.3216666666666668,
    "f2": 1.3637202051829793e-12,
    "g2": 2.3725711094815365e-12,
    "h2": 4.100165414168395e-12,
    "t2": 7.008461447443561e-12,
    "alpha_2": 1.739778512090897,
    "epsilon_2": 0.0,
    "beta_2": 1.7281528034219293,
    "gamma_2": 1.7093118787903911,
    "epsilon_prime_2": 0.005627808656173745,
    "f3": 2.2728239127684888e-34,
    "g3": 3.9312330175530175e-34,
    "h3": 6.799660716886803e-34,
    "t3": 1.1760916080329408e-33,
    "alpha_3": 1.7296689793994855,
    "epsilon_3": 0.0,
    "beta_3": 1.72965089744775,
    "gamma_3": 1.7296327816947454,
    "epsilon_prime_3": 5.411198949422492e-06,
    "f4": 1.0411336492835784e-99,
    "g4": 1.8008019672072002e-99,
    "h4": 3.114766031503651e-99,
    "t4": 5.387470475665562e-99,
    "alpha_4": 1.7296549472263838,
    "epsilon_4": 0.0,
    "beta_4": 1.7296549471979037,
    "gamma_4": 1.7296549471694234,
    "epsilon_prime_4": 8.507111321303857e-12,
    "f5": 1.0007426558727863e-295,
    "g5": 1.7309394856087256e-295,
    "h5": 2.9939280445943816e-295,
    "t5": 5.17846245390634e-295,
    "alpha_5": 1.7296549472042904,
    "epsilon_5": 0.0,
    "beta_5": 1.7296549472042901,
    "gamma_5": 1.7296549472042906,
    "epsilon_prime_5": -1.3265002372144727e-16
}