{
    "f0": 0.012166999999999997,
    "g0": 0.04073299999999999,
    "h0": 0,
    "t0": 0,
    "f1": 0.00035483225556432574,
    "g1": 0.0002895285917061998,
    "h1": 0.0001553537471009369,
    "t1": 6.758326851283696e-05,
    "beta_1": 0.5365748031496063,
    "alpha_1": 0.8159590543586098,
    "epsilon_1": -0.08345243867281925,
    "gamma_1": 0.43502824858757067,
    "epsilon_prime_1": -0.03033208772632232,
    "f2": 7.340769102463353e-10,
    "g2": 4.866570486534486e-10,
    "h2": 3.195951512454367e-10,
    "t2": 2.0803034142462974e-10,
    "beta_2": 0.6567153442649966,
    "alpha_2": 0.6629510366837997,
    "epsilon_2": -0.0018626094237983505,
    "gamma_2": 0.650918327809268,
    "epsilon_prime_2": -0.0017315763439189353,
    "f3": 4.965948567475495e-27,
    "g3": 3.2747243353128915e-27,
    "h3": 2.159455521283848e-27,
    "t3": 1.4240025463581493e-27,
    "beta_3": 0.6594312376151557,
    "alpha_3": 0.6594358138867396,
    "epsilon_3": -1.3669382653208965e-06,
    "gamma_3": 0.6594266621020959,
    "epsilon_prime_3": -1.3667116931774544e-06,
    "f4": 1.5269894660302567e-78,
    "g4": 1.0069475670061941e-78,
    "h4": 6.640146675875328e-79,
    "t4": 4.378733245074243e-79,
    "beta_4": 0.6594332111668414,
    "alpha_4": 0.6594332111694095,
    "epsilon_4": -7.670819246751992e-13,
    "gamma_4": 0.6594332111642733,
    "epsilon_prime_4": -7.670819246751992e-13,
    "f5": 4.439512867266653e-233,
    "g5": 2.9275622260830774e-233,
    "h5": 1.9305317596399528e-233,
    "t5": 1.273056757521085e-233,
    "beta_5": 0.659433211167949,
    "alpha_5": 0.659433211167949,
    "epsilon_5": 0.0,
    "gamma_5": 0.659433211167949,
    "epsilon_prime_5": 0.0
}