{
    "f0": 0.012166999999999997,
    "g0": 0.04073299999999999,
    "h0": 0,
    "t0": 0,
    "f1": 0.00035483225556432574,
    "g1": 0.0002895285917061998,
    "h1": 0.0001553537471009369,
    "t1": 6.758326851283696e-05,
    "alpha_1": 3.347826086956522,
    "beta_1": 0.0,
    "gamma_1": 9999,
    "epsilon_1": -1.0,
    "epsilon_prime_1": 2986.714285714286,
    "f2": 7.340769102463353e-10,
    "g2": 4.866570486534486e-10,
    "h2": 3.195951512454367e-10,
    "t2": 2.0803034142462974e-10,
    "alpha_2": 0.8159590543586098,
    "beta_2": 0.5365748031496063,
    "gamma_2": 0.43502824858757067,
    "epsilon_2": -0.08345243867281925,
    "epsilon_prime_2": -0.03033208772632232,
    "f3": 4.965948567475495e-27,
    "g3": 3.2747243353128915e-27,
    "h3": 2.159455521283848e-27,
    "t3": 1.4240025463581493e-27,
    "alpha_3": 0.6629510366837997,
    "beta_3": 0.6567153442649966,
    "gamma_3": 0.650918327809268,
    "epsilon_3": -0.0018626094237983505,
    "epsilon_prime_3": -0.0017315763439189353,
    "f4": 1.5269894660302567e-78,
    "g4": 1.0069475670061941e-78,
    "h4": 6.640146675875328e-79,
    "t4": 4.378733245074243e-79,
    "alpha_4": 0.6594358138867396,
    "beta_4": 0.6594312376151557,
    "gamma_4": 0.6594266621020959,
    "epsilon_4": -1.3669382653208965e-06,
    "epsilon_prime_4": -1.3667116931774544e-06,
    "f5": 4.439512867266653e-233,
    "g5": 2.9275622260830774e-233,
    "h5": 1.9305317596399528e-233,
    "t5": 1.273056757521085e-233,
    "alpha_5": 0.6594332111694095,
    "beta_5": 0.6594332111668414,
    "gamma_5": 0.6594332111642733,
    "epsilon_5": -7.670819246751992e-13,
    "epsilon_prime_5": -7.670819246751992e-13,
    "f6": 0.0,
    "g6": 0.0,
    "h6": 0.0,
    "t6": 0.0,
    "alpha_6": 0.659433211167949,
    "beta_6": 0.659433211167949,
    "gamma_6": 0.659433211167949,
    "epsilon_6": 0.0,
    "epsilon_prime_6": 0.0,
    "f7": 0.0,
    "g7": 0.0,
    "h7": 0.0,
    "t7": 0.0,
    "alpha_7": NaN,
    "beta_7": NaN,
    "gamma_7": NaN,
    "epsilon_7": NaN,
    "epsilon_prime_7": NaN,
    "f8": 0.0,
    "g8": 0.0,
    "h8": 0.0,
    "t8": 0.0,
    "alpha_8": NaN,
    "beta_8": NaN,
    "gamma_8": NaN,
    "epsilon_8": NaN,
    "epsilon_prime_8": NaN,
    "f9": 0.0,
    "g9": 0.0,
    "h9": 0.0,
    "t9": 0.0,
    "alpha_9": NaN,
    "beta_9": NaN,
    "gamma_9": NaN,
    "epsilon_9": NaN,
    "epsilon_prime_9": NaN,
    "f10": 0.0,
    "g10": 0.0,
    "h10": 0.0,
    "t10": 0.0,
    "alpha_10": NaN,
    "beta_10": NaN,
    "gamma_10": NaN,
    "epsilon_10": NaN,
    "epsilon_prime_10": NaN,
    "f11": 0.0,
    "g11": 0.0,
    "h11": 0.0,
    "t11": 0.0,
    "alpha_11": NaN,
    "beta_11": NaN,
    "gamma_11": NaN,
    "epsilon_11": NaN,
    "epsilon_prime_11": NaN,
    "f12": 0.0,
    "g12": 0.0,
    "h12": 0.0,
    "t12": 0.0,
    "alpha_12": NaN,
    "beta_12": NaN,
    "gamma_12": NaN,
    "epsilon_12": NaN,
    "epsilon_prime_12": NaN,
    "f13": 0.0,
    "g13": 0.0,
    "h13": 0.0,
    "t13": 0.0,
    "alpha_13": NaN,
    "beta_13": NaN,
    "gamma_13": NaN,
    "epsilon_13": NaN,
    "epsilon_prime_13": NaN,
    "f14": 0.0,
    "g14": 0.0,
    "h14": 0.0,
    "t14": 0.0,
    "alpha_14": NaN,
    "beta_14": NaN,
    "gamma_14": NaN,
    "epsilon_14": NaN,
    "epsilon_prime_14": NaN,
    "f15": 0.0,
    "g15": 0.0,
    "h15": 0.0,
    "t15": 0.0,
    "alpha_15": NaN,
    "beta_15": NaN,
    "gamma_15": NaN,
    "epsilon_15": NaN,
    "epsilon_prime_15": NaN,
    "f16": 0.0,
    "g16": 0.0,
    "h16": 0.0,
    "t16": 0.0,
    "alpha_16": NaN,
    "beta_16": NaN,
    "gamma_16": NaN,
    "epsilon_16": NaN,
    "epsilon_prime_16": NaN,
    "f17": 0.0,
    "g17": 0.0,
    "h17": 0.0,
    "t17": 0.0,
    "alpha_17": NaN,
    "beta_17": NaN,
    "gamma_17": NaN,
    "epsilon_17": NaN,
    "epsilon_prime_17": NaN,
    "f18": 0.0,
    "g18": 0.0,
    "h18": 0.0,
    "t18": 0.0,
    "alpha_18": NaN,
    "beta_18": NaN,
    "gamma_18": NaN,
    "epsilon_18": NaN,
    "epsilon_prime_18": NaN,
    "f19": 0.0,
    "g19": 0.0,
    "h19": 0.0,
    "t19": 0.0,
    "alpha_19": NaN,
    "beta_19": NaN,
    "gamma_19": NaN,
    "epsilon_19": NaN,
    "epsilon_prime_19": NaN,
    "f20": 0.0,
    "g20": 0.0,
    "h20": 0.0,
    "t20": 0.0,
    "alpha_20": NaN,
    "beta_20": NaN,
    "gamma_20": NaN,
    "epsilon_20": NaN,
    "epsilon_prime_20": NaN
}