{
    "f0": 0.010647999999999996,
    "g0": 0.037751999999999994,
    "h0": 0,
    "t0": 0,
    "f1": 0.004646384533245538,
    "g1": 0.005494122613991767,
    "h1": 1.5640203061728385e-05,
    "t1": 5.5451629037037006e-05,
    "alpha_1": 3.5454545454545463,
    "beta_1": 0.0,
    "gamma_1": 9999,
    "epsilon_1": -1.0,
    "epsilon_prime_1": 2820.2307692307686,
    "f2": 5.734361465264875e-05,
    "g2": 3.407273783715907e-05,
    "h2": 3.8539158788682473e-07,
    "t2": 3.422483446446281e-07,
    "alpha_2": 1.1824511240256899,
    "beta_2": 0.002846715328467153,
    "gamma_2": 3.545454545454546,
    "epsilon_2": -0.33270893578639604,
    "epsilon_prime_2": 0.9991970802919707,
    "f3": 3.4187242652891756e-11,
    "g3": 8.471665475229464e-12,
    "h3": 2.972932135594012e-13,
    "t3": 8.394596105333846e-14,
    "alpha_3": 0.5941853865255985,
    "beta_3": 0.011310848858952689,
    "gamma_3": 0.8880534900132117,
    "epsilon_3": -0.1644005106239257,
    "epsilon_prime_3": 0.2472863859665858,
    "f4": 1.4650372884885136e-30,
    "g4": 1.7321119133179662e-31,
    "h4": 1.382252297773541e-32,
    "t4": 1.6721935287527357e-33,
    "alpha_4": 0.24780195236110628,
    "beta_4": 0.03509265261106745,
    "gamma_4": 0.2823675658393914,
    "epsilon_4": -0.05999493069872889,
    "epsilon_prime_4": 0.06974420629516827,
    "f5": 3.190249014952691e-89,
    "g5": 3.123959122409493e-90,
    "h5": 3.0469233393577177e-91,
    "t5": 2.9843029912138424e-92,
    "alpha_5": 0.1182298858143737,
    "beta_5": 0.07980155826800776,
    "gamma_5": 0.12097599920406837,
    "epsilon_5": -0.010838759051539108,
    "epsilon_prime_5": 0.011613303853760682,
    "f6": 2.4715556488320757e-265,
    "g6": 2.415535007324242e-266,
    "h6": 2.360784128101685e-267,
    "t6": 2.30727425062984e-268,
    "alpha_6": 0.0979221091446938,
    "beta_6": 0.09753403357620255,
    "gamma_6": 0.097944800667119,
    "epsilon_6": -0.00010945721162573876,
    "epsilon_prime_6": 0.00011585738461745949,
    "f7": 0.0,
    "g7": 0.0,
    "h7": 0.0,
    "t7": 0.0,
    "alpha_7": 0.09773338538687946,
    "beta_7": 0.09773338498276594,
    "gamma_7": 0.09773338541059778,
    "epsilon_7": -1.1398073653003992e-10,
    "epsilon_prime_7": 1.2067051880518617e-10,
    "f8": 0.0,
    "g8": 0.0,
    "h8": 0.0,
    "t8": 0.0,
    "alpha_8": NaN,
    "beta_8": NaN,
    "gamma_8": NaN,
    "epsilon_8": NaN,
    "epsilon_prime_8": NaN,
    "f9": 0.0,
    "g9": 0.0,
    "h9": 0.0,
    "t9": 0.0,
    "alpha_9": NaN,
    "beta_9": NaN,
    "gamma_9": NaN,
    "epsilon_9": NaN,
    "epsilon_prime_9": NaN,
    "f10": 0.0,
    "g10": 0.0,
    "h10": 0.0,
    "t10": 0.0,
    "alpha_10": NaN,
    "beta_10": NaN,
    "gamma_10": NaN,
    "epsilon_10": NaN,
    "epsilon_prime_10": NaN,
    "f11": 0.0,
    "g11": 0.0,
    "h11": 0.0,
    "t11": 0.0,
    "alpha_11": NaN,
    "beta_11": NaN,
    "gamma_11": NaN,
    "epsilon_11": NaN,
    "epsilon_prime_11": NaN,
    "f12": 0.0,
    "g12": 0.0,
    "h12": 0.0,
    "t12": 0.0,
    "alpha_12": NaN,
    "beta_12": NaN,
    "gamma_12": NaN,
    "epsilon_12": NaN,
    "epsilon_prime_12": NaN,
    "f13": 0.0,
    "g13": 0.0,
    "h13": 0.0,
    "t13": 0.0,
    "alpha_13": NaN,
    "beta_13": NaN,
    "gamma_13": NaN,
    "epsilon_13": NaN,
    "epsilon_prime_13": NaN,
    "f14": 0.0,
    "g14": 0.0,
    "h14": 0.0,
    "t14": 0.0,
    "alpha_14": NaN,
    "beta_14": NaN,
    "gamma_14": NaN,
    "epsilon_14": NaN,
    "epsilon_prime_14": NaN,
    "f15": 0.0,
    "g15": 0.0,
    "h15": 0.0,
    "t15": 0.0,
    "alpha_15": NaN,
    "beta_15": NaN,
    "gamma_15": NaN,
    "epsilon_15": NaN,
    "epsilon_prime_15": NaN,
    "f16": 0.0,
    "g16": 0.0,
    "h16": 0.0,
    "t16": 0.0,
    "alpha_16": NaN,
    "beta_16": NaN,
    "gamma_16": NaN,
    "epsilon_16": NaN,
    "epsilon_prime_16": NaN,
    "f17": 0.0,
    "g17": 0.0,
    "h17": 0.0,
    "t17": 0.0,
    "alpha_17": NaN,
    "beta_17": NaN,
    "gamma_17": NaN,
    "epsilon_17": NaN,
    "epsilon_prime_17": NaN,
    "f18": 0.0,
    "g18": 0.0,
    "h18": 0.0,
    "t18": 0.0,
    "alpha_18": NaN,
    "beta_18": NaN,
    "gamma_18": NaN,
    "epsilon_18": NaN,
    "epsilon_prime_18": NaN,
    "f19": 0.0,
    "g19": 0.0,
    "h19": 0.0,
    "t19": 0.0,
    "alpha_19": NaN,
    "beta_19": NaN,
    "gamma_19": NaN,
    "epsilon_19": NaN,
    "epsilon_prime_19": NaN,
    "f20": 0.0,
    "g20": 0.0,
    "h20": 0.0,
    "t20": 0.0,
    "alpha_20": NaN,
    "beta_20": NaN,
    "gamma_20": NaN,
    "epsilon_20": NaN,
    "epsilon_prime_20": NaN
}