{
    "f1": 1.4048223625215986e-05,
    "g1": 3.891198305279997e-05,
    "h1": 4.5527020171775965e-05,
    "t1": 0.00010760932040601592,
    "alpha_1": 2.769886363636364,
    "epsilon_1": 0.0,
    "beta_1": 1.17,
    "gamma_1": 2.3636363636363638,
    "epsilon_prime_1": -0.33666666666666667,
    "f2": 5.344015332468896e-13,
    "g2": 9.594430501757752e-13,
    "h2": 1.7123311834067562e-12,
    "t2": 3.01974946701647e-12,
    "alpha_2": 1.7953598380349696,
    "epsilon_2": 0.0,
    "beta_2": 1.7847137285460015,
    "gamma_2": 1.763531200201908,
    "epsilon_prime_2": 0.0059745592765392255,
    "f3": 1.4725232311402165e-35,
    "g3": 2.629088134199336e-35,
    "h3": 4.694005652742588e-35,
    "t3": 8.380646699935877e-35,
    "alpha_3": 1.7854306666276216,
    "epsilon_3": 0.0,
    "beta_3": 1.7854120566300846,
    "gamma_3": 1.7853933974364258,
    "epsilon_prime_3": 5.262849493519866e-06,
    "f4": 3.0491481919483256e-103,
    "g4": 5.44399833593893e-103,
    "h4": 9.7198023892293e-103,
    "t4": 1.7353891873995987e-102,
    "alpha_4": 1.7854161205790258,
    "epsilon_4": 0.0,
    "beta_4": 1.7854161205493682,
    "gamma_4": 1.7854161205197103,
    "epsilon_prime_4": 8.365029466826619e-12,
    "f5": 2.7072068638451678e-306,
    "g5": 4.833490776388627e-306,
    "h5": 8.629792350722296e-306,
    "t5": 1.5407770380029206e-305,
    "alpha_5": 1.7854161205558567,
    "epsilon_5": 0.0,
    "beta_5": 1.7854161205558563,
    "gamma_5": 1.7854161205558563,
    "epsilon_prime_5": 0.0
}