{
    "f0": 0.010647999999999996,
    "g0": 0.037751999999999994,
    "h0": 0,
    "t0": 0,
    "f1": 0.0002710795589539838,
    "g1": 0.00022639699230719986,
    "h1": 0.00012278499379660794,
    "t1": 5.3804660203007974e-05,
    "alpha_1": 3.5454545454545463,
    "beta_1": 0.0,
    "gamma_1": 9999,
    "epsilon_1": -1.0,
    "epsilon_prime_1": 2820.2307692307686,
    "f2": 3.40278199271395e-10,
    "g2": 2.2926118245635132e-10,
    "h2": 1.5291329903514744e-10,
    "t2": 1.0103303016129693e-10,
    "alpha_2": 0.8351680708822132,
    "beta_2": 0.54234375,
    "gamma_2": 0.43820224719101125,
    "epsilon_2": -0.08259147512062423,
    "epsilon_prime_2": -0.029373244382022465,
    "f3": 5.0843612624750245e-28,
    "g3": 3.406063526335971e-28,
    "h3": 2.281737146714501e-28,
    "t3": 1.5285336678040278e-28,
    "alpha_3": 0.6737463138903587,
    "beta_3": 0.6669829466846633,
    "gamma_3": 0.6607210151032991,
    "epsilon_3": -0.0019076163913499756,
    "epsilon_prime_3": -0.0017661858306411936,
    "f4": 1.6836642596645525e-81,
    "g4": 1.1278980518831868e-81,
    "h4": 7.555865179965733e-82,
    "t4": 5.061725084301505e-82,
    "alpha_4": 0.6699098176745072,
    "beta_4": 0.669904459817592,
    "gamma_4": 0.6698991029729172,
    "epsilon_4": -1.5111904119920654e-06,
    "epsilon_prime_4": -1.5109049082574515e-06,
    "f5": 6.113785613510715e-242,
    "g5": 4.0956662490794724e-242,
    "h5": 2.743714465024612e-242,
    "t5": 1.838032839535509e-242,
    "alpha_5": 0.6699067497625122,
    "beta_5": 0.6699067497589998,
    "gamma_5": 0.6699067497554874,
    "epsilon_5": -9.906804721300686e-13,
    "epsilon_prime_5": -9.906804721300686e-13,
    "f6": 0.0,
    "g6": 0.0,
    "h6": 0.0,
    "t6": 0.0,
    "alpha_6": 0.6699067497605008,
    "beta_6": 0.669906749760501,
    "gamma_6": 0.6699067497605008,
    "epsilon_6": 6.262796549167548e-17,
    "epsilon_prime_6": -6.262796549167548e-17,
    "f7": 0.0,
    "g7": 0.0,
    "h7": 0.0,
    "t7": 0.0,
    "alpha_7": NaN,
    "beta_7": NaN,
    "gamma_7": NaN,
    "epsilon_7": NaN,
    "epsilon_prime_7": NaN,
    "f8": 0.0,
    "g8": 0.0,
    "h8": 0.0,
    "t8": 0.0,
    "alpha_8": NaN,
    "beta_8": NaN,
    "gamma_8": NaN,
    "epsilon_8": NaN,
    "epsilon_prime_8": NaN,
    "f9": 0.0,
    "g9": 0.0,
    "h9": 0.0,
    "t9": 0.0,
    "alpha_9": NaN,
    "beta_9": NaN,
    "gamma_9": NaN,
    "epsilon_9": NaN,
    "epsilon_prime_9": NaN,
    "f10": 0.0,
    "g10": 0.0,
    "h10": 0.0,
    "t10": 0.0,
    "alpha_10": NaN,
    "beta_10": NaN,
    "gamma_10": NaN,
    "epsilon_10": NaN,
    "epsilon_prime_10": NaN,
    "f11": 0.0,
    "g11": 0.0,
    "h11": 0.0,
    "t11": 0.0,
    "alpha_11": NaN,
    "beta_11": NaN,
    "gamma_11": NaN,
    "epsilon_11": NaN,
    "epsilon_prime_11": NaN,
    "f12": 0.0,
    "g12": 0.0,
    "h12": 0.0,
    "t12": 0.0,
    "alpha_12": NaN,
    "beta_12": NaN,
    "gamma_12": NaN,
    "epsilon_12": NaN,
    "epsilon_prime_12": NaN,
    "f13": 0.0,
    "g13": 0.0,
    "h13": 0.0,
    "t13": 0.0,
    "alpha_13": NaN,
    "beta_13": NaN,
    "gamma_13": NaN,
    "epsilon_13": NaN,
    "epsilon_prime_13": NaN,
    "f14": 0.0,
    "g14": 0.0,
    "h14": 0.0,
    "t14": 0.0,
    "alpha_14": NaN,
    "beta_14": NaN,
    "gamma_14": NaN,
    "epsilon_14": NaN,
    "epsilon_prime_14": NaN,
    "f15": 0.0,
    "g15": 0.0,
    "h15": 0.0,
    "t15": 0.0,
    "alpha_15": NaN,
    "beta_15": NaN,
    "gamma_15": NaN,
    "epsilon_15": NaN,
    "epsilon_prime_15": NaN,
    "f16": 0.0,
    "g16": 0.0,
    "h16": 0.0,
    "t16": 0.0,
    "alpha_16": NaN,
    "beta_16": NaN,
    "gamma_16": NaN,
    "epsilon_16": NaN,
    "epsilon_prime_16": NaN,
    "f17": 0.0,
    "g17": 0.0,
    "h17": 0.0,
    "t17": 0.0,
    "alpha_17": NaN,
    "beta_17": NaN,
    "gamma_17": NaN,
    "epsilon_17": NaN,
    "epsilon_prime_17": NaN,
    "f18": 0.0,
    "g18": 0.0,
    "h18": 0.0,
    "t18": 0.0,
    "alpha_18": NaN,
    "beta_18": NaN,
    "gamma_18": NaN,
    "epsilon_18": NaN,
    "epsilon_prime_18": NaN,
    "f19": 0.0,
    "g19": 0.0,
    "h19": 0.0,
    "t19": 0.0,
    "alpha_19": NaN,
    "beta_19": NaN,
    "gamma_19": NaN,
    "epsilon_19": NaN,
    "epsilon_prime_19": NaN,
    "f20": 0.0,
    "g20": 0.0,
    "h20": 0.0,
    "t20": 0.0,
    "alpha_20": NaN,
    "beta_20": NaN,
    "gamma_20": NaN,
    "epsilon_20": NaN,
    "epsilon_prime_20": NaN
}