{
    "f0": 0.010647999999999996,
    "g0": 0.037751999999999994,
    "h0": 0,
    "t0": 0,
    "f1": 0.0002710795589539838,
    "g1": 0.00022639699230719986,
    "h1": 0.00012278499379660794,
    "t1": 5.3804660203007974e-05,
    "beta_1": 0.54234375,
    "alpha_1": 0.8351680708822132,
    "epsilon_1": -0.08259147512062423,
    "gamma_1": 0.43820224719101125,
    "epsilon_prime_1": -0.029373244382022465,
    "f2": 3.40278199271395e-10,
    "g2": 2.2926118245635132e-10,
    "h2": 1.5291329903514744e-10,
    "t2": 1.0103303016129693e-10,
    "beta_2": 0.6669829466846633,
    "alpha_2": 0.6737463138903587,
    "epsilon_2": -0.0019076163913499756,
    "gamma_2": 0.6607210151032991,
    "epsilon_prime_2": -0.0017661858306411936,
    "f3": 5.0843612624750245e-28,
    "g3": 3.406063526335971e-28,
    "h3": 2.281737146714501e-28,
    "t3": 1.5285336678040278e-28,
    "beta_3": 0.669904459817592,
    "alpha_3": 0.6699098176745072,
    "epsilon_3": -1.5111904119920654e-06,
    "gamma_3": 0.6698991029729172,
    "epsilon_prime_3": -1.5109049082574515e-06,
    "f4": 1.6836642596645525e-81,
    "g4": 1.1278980518831868e-81,
    "h4": 7.555865179965733e-82,
    "t4": 5.061725084301505e-82,
    "beta_4": 0.6699067497589998,
    "alpha_4": 0.6699067497625122,
    "epsilon_4": -9.906804721300686e-13,
    "gamma_4": 0.6699067497554874,
    "epsilon_prime_4": -9.906804721300686e-13,
    "f5": 6.113785613510715e-242,
    "g5": 4.0956662490794724e-242,
    "h5": 2.743714465024612e-242,
    "t5": 1.838032839535509e-242,
    "beta_5": 0.669906749760501,
    "alpha_5": 0.6699067497605008,
    "epsilon_5": 6.262796549167548e-17,
    "gamma_5": 0.6699067497605008,
    "epsilon_prime_5": -6.262796549167548e-17
}