{
    "f0": 0.009260999999999995,
    "g0": 0.03483899999999999,
    "h0": 0,
    "t0": 0,
    "f1": 0.003441465542691205,
    "g1": 0.004317541517129973,
    "h1": 1.1584669864012007e-05,
    "t1": 4.358042472652137e-05,
    "alpha_1": 3.7619047619047628,
    "beta_1": 0.0,
    "gamma_1": 9999,
    "epsilon_1": -0.9999999999999999,
    "epsilon_prime_1": 2657.962025316455,
    "f2": 2.622420124441218e-05,
    "g2": 1.6523154611158333e-05,
    "h2": 1.7628485187296672e-07,
    "t2": 1.6607249369932972e-07,
    "alpha_2": 1.2545647961808974,
    "beta_2": 0.0026831635128578358,
    "gamma_2": 3.7619047619047628,
    "epsilon_2": -0.3327786618484661,
    "epsilon_prime_2": 0.9992867540029111,
    "f3": 3.673987496682886e-12,
    "g3": 9.61080084538387e-13,
    "h3": 3.1972674144146016e-14,
    "t3": 9.54300216283516e-15,
    "alpha_3": 0.6300727506306438,
    "beta_3": 0.01066895856278673,
    "gamma_3": 0.9420689976187168,
    "epsilon_3": -0.16465164092943033,
    "epsilon_prime_3": 0.2475873521541079,
    "f4": 2.017456242528218e-33,
    "g4": 2.4562229579472124e-34,
    "h4": 1.9072948215918454e-35,
    "t4": 2.3803105302490903e-36,
    "alpha_4": 0.26159046142811115,
    "beta_4": 0.03326744010048101,
    "gamma_4": 0.29847369412428143,
    "epsilon_4": -0.060693461365572555,
    "epsilon_prime_4": 0.07049786499366845,
    "f5": 8.752547638461096e-98,
    "g5": 8.592427224246506e-99,
    "h5": 8.385525647711594e-100,
    "t5": 8.234791167121507e-101,
    "alpha_5": 0.12174851211985369,
    "beta_5": 0.07765153466303672,
    "gamma_5": 0.12480034566771706,
    "epsilon_5": -0.011721981349280456,
    "epsilon_prime_5": 0.012533228241750466,
    "f6": 5.1347007601390775e-291,
    "g6": 5.026288215656763e-292,
    "h6": 4.9201645945044155e-293,
    "t6": 4.816281706413787e-294,
    "alpha_6": 0.09817058505901782,
    "beta_6": 0.09759204737921937,
    "gamma_6": 0.09820244446296313,
    "epsilon_6": -0.00015378849716161526,
    "epsilon_prime_6": 0.00016225745264074643,
    "f7": 0.0,
    "g7": 0.0,
    "h7": 0.0,
    "t7": 0.0,
    "alpha_7": 0.09788862974598392,
    "beta_7": 0.09788862841526326,
    "gamma_7": 0.09788862981928165,
    "epsilon_7": -3.5373587129081914e-10,
    "epsilon_prime_7": 3.7322007773317814e-10,
    "f8": 0.0,
    "g8": 0.0,
    "h8": 0.0,
    "t8": 0.0,
    "alpha_8": NaN,
    "beta_8": NaN,
    "gamma_8": NaN,
    "epsilon_8": NaN,
    "epsilon_prime_8": NaN,
    "f9": 0.0,
    "g9": 0.0,
    "h9": 0.0,
    "t9": 0.0,
    "alpha_9": NaN,
    "beta_9": NaN,
    "gamma_9": NaN,
    "epsilon_9": NaN,
    "epsilon_prime_9": NaN,
    "f10": 0.0,
    "g10": 0.0,
    "h10": 0.0,
    "t10": 0.0,
    "alpha_10": NaN,
    "beta_10": NaN,
    "gamma_10": NaN,
    "epsilon_10": NaN,
    "epsilon_prime_10": NaN,
    "f11": 0.0,
    "g11": 0.0,
    "h11": 0.0,
    "t11": 0.0,
    "alpha_11": NaN,
    "beta_11": NaN,
    "gamma_11": NaN,
    "epsilon_11": NaN,
    "epsilon_prime_11": NaN,
    "f12": 0.0,
    "g12": 0.0,
    "h12": 0.0,
    "t12": 0.0,
    "alpha_12": NaN,
    "beta_12": NaN,
    "gamma_12": NaN,
    "epsilon_12": NaN,
    "epsilon_prime_12": NaN,
    "f13": 0.0,
    "g13": 0.0,
    "h13": 0.0,
    "t13": 0.0,
    "alpha_13": NaN,
    "beta_13": NaN,
    "gamma_13": NaN,
    "epsilon_13": NaN,
    "epsilon_prime_13": NaN,
    "f14": 0.0,
    "g14": 0.0,
    "h14": 0.0,
    "t14": 0.0,
    "alpha_14": NaN,
    "beta_14": NaN,
    "gamma_14": NaN,
    "epsilon_14": NaN,
    "epsilon_prime_14": NaN,
    "f15": 0.0,
    "g15": 0.0,
    "h15": 0.0,
    "t15": 0.0,
    "alpha_15": NaN,
    "beta_15": NaN,
    "gamma_15": NaN,
    "epsilon_15": NaN,
    "epsilon_prime_15": NaN,
    "f16": 0.0,
    "g16": 0.0,
    "h16": 0.0,
    "t16": 0.0,
    "alpha_16": NaN,
    "beta_16": NaN,
    "gamma_16": NaN,
    "epsilon_16": NaN,
    "epsilon_prime_16": NaN,
    "f17": 0.0,
    "g17": 0.0,
    "h17": 0.0,
    "t17": 0.0,
    "alpha_17": NaN,
    "beta_17": NaN,
    "gamma_17": NaN,
    "epsilon_17": NaN,
    "epsilon_prime_17": NaN,
    "f18": 0.0,
    "g18": 0.0,
    "h18": 0.0,
    "t18": 0.0,
    "alpha_18": NaN,
    "beta_18": NaN,
    "gamma_18": NaN,
    "epsilon_18": NaN,
    "epsilon_prime_18": NaN,
    "f19": 0.0,
    "g19": 0.0,
    "h19": 0.0,
    "t19": 0.0,
    "alpha_19": NaN,
    "beta_19": NaN,
    "gamma_19": NaN,
    "epsilon_19": NaN,
    "epsilon_prime_19": NaN,
    "f20": 0.0,
    "g20": 0.0,
    "h20": 0.0,
    "t20": 0.0,
    "alpha_20": NaN,
    "beta_20": NaN,
    "gamma_20": NaN,
    "epsilon_20": NaN,
    "epsilon_prime_20": NaN
}