{
    "f0": 0.009260999999999995,
    "g0": 0.03483899999999999,
    "h0": 0,
    "t0": 0,
    "f1": 0.00020445974270656177,
    "g1": 0.0001748085078221998,
    "h1": 9.58126786478189e-05,
    "t1": 4.228604253171896e-05,
    "beta_1": 0.5481007751937985,
    "alpha_1": 0.8549776376911661,
    "epsilon_1": -0.08157486218284452,
    "gamma_1": 0.44134078212290506,
    "epsilon_prime_1": -0.02837923866441471,
    "f2": 1.5187051005609097e-10,
    "g2": 1.0398674352510301e-10,
    "h2": 7.043798732146991e-11,
    "t2": 4.723678776681683e-11,
    "beta_2": 0.6773746819417013,
    "alpha_2": 0.6847066193871157,
    "epsilon_2": -0.0019489960297937256,
    "gamma_2": 0.6706152399164134,
    "epsilon_prime_2": -0.0017968137029246278,
    "f3": 4.6470373597113903e-29,
    "g3": 3.162411458879863e-29,
    "h3": 2.1520709630065564e-29,
    "t3": 1.4645048126428524e-29,
    "beta_3": 0.6805157997273471,
    "alpha_3": 0.6805220647238929,
    "epsilon_3": -1.6653788286219787e-06,
    "gamma_3": 0.6805095360781515,
    "epsilon_prime_3": -1.6650206722608696e-06,
    "f4": 1.3208083587730072e-84,
    "g4": 8.988344614561102e-85,
    "h4": 6.116734375045345e-85,
    "t4": 4.162550616271059e-85,
    "beta_4": 0.6805184533241245,
    "alpha_4": 0.6805184533289155,
    "epsilon_4": -1.2735424529299198e-12,
    "gamma_4": 0.6805184533193336,
    "epsilon_prime_4": -1.2735424529299198e-12,
    "f5": 3.0326881451687323e-251,
    "g5": 2.0638002459707874e-251,
    "h5": 1.4044541513621763e-251,
    "t5": 9.557569668524839e-252,
    "beta_5": 0.6805184533261539,
    "alpha_5": 0.6805184533261537,
    "epsilon_5": 5.902451523323615e-17,
    "gamma_5": 0.6805184533261536,
    "epsilon_prime_5": -8.853677284985423e-17
}