{
    "f1": 9.758297715137987e-06,
    "g1": 2.8457198947799968e-05,
    "h1": 3.372178075314297e-05,
    "t1": 8.457208506343793e-05,
    "alpha_1": 2.9162052417866375,
    "epsilon_1": 0.0,
    "beta_1": 1.1850000000000003,
    "gamma_1": 2.5079365079365084,
    "epsilon_prime_1": -0.35166666666666657,
    "f2": 2.0021899515684306e-13,
    "g2": 3.7124155292656387e-13,
    "h2": 6.849445091170991e-13,
    "t2": 1.2472406308650072e-12,
    "alpha_2": 1.8541774851869026,
    "epsilon_2": 0.0,
    "beta_2": 1.8450103543570444,
    "gamma_2": 1.8209367536542689,
    "epsilon_prime_2": 0.0063993115792188105,
    "f3": 8.35840297615689e-37,
    "g3": 1.54183675431934e-36,
    "h3": 2.844127241458048e-36,
    "t3": 5.246324788710882e-36,
    "alpha_3": 1.844654724972666,
    "epsilon_3": 0.0,
    "beta_3": 1.844635778392517,
    "gamma_3": 1.8446167640591713,
    "epsilon_prime_3": 5.054443041238832e-06,
    "f4": 6.021359052859006e-107,
    "g4": 1.1107238608962275e-106,
    "h4": 2.048885449802645e-106,
    "t4": 3.779455663225792e-106,
    "alpha_4": 1.8446398082985,
    "epsilon_4": 0.0,
    "beta_4": 1.8446398082683018,
    "gamma_4": 1.844639808238104,
    "epsilon_prime_4": 8.027275047204883e-12,
    "f5": 2.2511365e-317,
    "g5": 4.1525373e-317,
    "h5": 7.6599345e-317,
    "t5": 1.4129822e-316,
    "alpha_5": 1.8446403712093296,
    "epsilon_5": 0.0,
    "beta_5": 1.8446395518576286,
    "gamma_5": 1.8446400513935866,
    "epsilon_prime_5": -1.3278803945023602e-07
}