{
    "f0": 0.007999999999999995,
    "g0": 0.03199999999999999,
    "h0": 0,
    "t0": 0,
    "f1": 0.00015206399999999977,
    "g1": 0.0001331199999999998,
    "h1": 7.372799999999991e-05,
    "t1": 3.276799999999996e-05,
    "alpha_1": 4.000000000000001,
    "beta_1": 0.0,
    "gamma_1": 9999,
    "epsilon_1": -1.0,
    "epsilon_prime_1": 2499.7499999999995,
    "f2": 6.502517148798129e-11,
    "g2": 4.5247090158206796e-11,
    "h2": 3.1125252184473477e-11,
    "t2": 2.118395552491102e-11,
    "alpha_2": 0.8754208754208755,
    "beta_2": 0.553846153846154,
    "gamma_2": 0.4444444444444444,
    "epsilon_2": -0.08039368039368038,
    "epsilon_prime_2": -0.027350427350427385,
    "f3": 3.750527372946688e-30,
    "g3": 2.5926573217566933e-30,
    "h3": 1.7922281778532116e-30,
    "t3": 1.2389018108282891e-30,
    "alpha_3": 0.6958396129192814,
    "beta_3": 0.6878951127165038,
    "gamma_3": 0.6806034983863818,
    "epsilon_3": -0.001986125050694398,
    "epsilon_prime_3": -0.0018229035825305102,
    "f4": 7.135185772606747e-88,
    "g4": 4.932367151967689e-88,
    "h4": 3.4096163010893044e-88,
    "t4": 2.3569784978205604e-88,
    "alpha_4": 0.6912780694411284,
    "beta_4": 0.6912707525261614,
    "gamma_4": 0.6912634374001895,
    "epsilon_4": -1.8292287417287496e-06,
    "epsilon_prime_4": -1.828781492990705e-06,
    "f5": 4.9129307066760985e-261,
    "g5": 3.396180395246669e-261,
    "h5": 2.347690607845214e-261,
    "t5": 1.622897063382969e-261,
    "alpha_5": 0.6912738237179371,
    "beta_5": 0.6912738237114187,
    "gamma_5": 0.6912738237048999,
    "epsilon_5": -1.62961311112042e-12,
    "epsilon_prime_5": -1.6296963778472669e-12,
    "f6": 0.0,
    "g6": 0.0,
    "h6": 0.0,
    "t6": 0.0,
    "alpha_6": 0.6912738237141544,
    "beta_6": 0.6912738237141546,
    "gamma_6": 0.6912738237141546,
    "epsilon_6": 5.5511151231257815e-17,
    "epsilon_prime_6": 0.0,
    "f7": 0.0,
    "g7": 0.0,
    "h7": 0.0,
    "t7": 0.0,
    "alpha_7": NaN,
    "beta_7": NaN,
    "gamma_7": NaN,
    "epsilon_7": NaN,
    "epsilon_prime_7": NaN,
    "f8": 0.0,
    "g8": 0.0,
    "h8": 0.0,
    "t8": 0.0,
    "alpha_8": NaN,
    "beta_8": NaN,
    "gamma_8": NaN,
    "epsilon_8": NaN,
    "epsilon_prime_8": NaN,
    "f9": 0.0,
    "g9": 0.0,
    "h9": 0.0,
    "t9": 0.0,
    "alpha_9": NaN,
    "beta_9": NaN,
    "gamma_9": NaN,
    "epsilon_9": NaN,
    "epsilon_prime_9": NaN,
    "f10": 0.0,
    "g10": 0.0,
    "h10": 0.0,
    "t10": 0.0,
    "alpha_10": NaN,
    "beta_10": NaN,
    "gamma_10": NaN,
    "epsilon_10": NaN,
    "epsilon_prime_10": NaN,
    "f11": 0.0,
    "g11": 0.0,
    "h11": 0.0,
    "t11": 0.0,
    "alpha_11": NaN,
    "beta_11": NaN,
    "gamma_11": NaN,
    "epsilon_11": NaN,
    "epsilon_prime_11": NaN,
    "f12": 0.0,
    "g12": 0.0,
    "h12": 0.0,
    "t12": 0.0,
    "alpha_12": NaN,
    "beta_12": NaN,
    "gamma_12": NaN,
    "epsilon_12": NaN,
    "epsilon_prime_12": NaN,
    "f13": 0.0,
    "g13": 0.0,
    "h13": 0.0,
    "t13": 0.0,
    "alpha_13": NaN,
    "beta_13": NaN,
    "gamma_13": NaN,
    "epsilon_13": NaN,
    "epsilon_prime_13": NaN,
    "f14": 0.0,
    "g14": 0.0,
    "h14": 0.0,
    "t14": 0.0,
    "alpha_14": NaN,
    "beta_14": NaN,
    "gamma_14": NaN,
    "epsilon_14": NaN,
    "epsilon_prime_14": NaN,
    "f15": 0.0,
    "g15": 0.0,
    "h15": 0.0,
    "t15": 0.0,
    "alpha_15": NaN,
    "beta_15": NaN,
    "gamma_15": NaN,
    "epsilon_15": NaN,
    "epsilon_prime_15": NaN,
    "f16": 0.0,
    "g16": 0.0,
    "h16": 0.0,
    "t16": 0.0,
    "alpha_16": NaN,
    "beta_16": NaN,
    "gamma_16": NaN,
    "epsilon_16": NaN,
    "epsilon_prime_16": NaN,
    "f17": 0.0,
    "g17": 0.0,
    "h17": 0.0,
    "t17": 0.0,
    "alpha_17": NaN,
    "beta_17": NaN,
    "gamma_17": NaN,
    "epsilon_17": NaN,
    "epsilon_prime_17": NaN,
    "f18": 0.0,
    "g18": 0.0,
    "h18": 0.0,
    "t18": 0.0,
    "alpha_18": NaN,
    "beta_18": NaN,
    "gamma_18": NaN,
    "epsilon_18": NaN,
    "epsilon_prime_18": NaN,
    "f19": 0.0,
    "g19": 0.0,
    "h19": 0.0,
    "t19": 0.0,
    "alpha_19": NaN,
    "beta_19": NaN,
    "gamma_19": NaN,
    "epsilon_19": NaN,
    "epsilon_prime_19": NaN,
    "f20": 0.0,
    "g20": 0.0,
    "h20": 0.0,
    "t20": 0.0,
    "alpha_20": NaN,
    "beta_20": NaN,
    "gamma_20": NaN,
    "epsilon_20": NaN,
    "epsilon_prime_20": NaN
}