{
    "f1": 6.6559999999999885e-06,
    "g1": 2.047999999999997e-05,
    "h1": 2.457599999999997e-05,
    "t1": 6.553599999999992e-05,
    "alpha_1": 3.0769230769230775,
    "epsilon_1": 0.0,
    "beta_1": 1.2000000000000002,
    "gamma_1": 2.666666666666667,
    "epsilon_prime_1": -0.36666666666666664,
    "f2": 7.141094483558367e-14,
    "g2": 1.368645015961594e-13,
    "h2": 2.6134875996159887e-13,
    "t2": 4.918252949995501e-13,
    "alpha_2": 1.916575980212498,
    "epsilon_2": 0.0,
    "beta_2": 1.9095437963362492,
    "gamma_2": 1.8818734593262127,
    "epsilon_prime_2": 0.0069175842525091,
    "f3": 4.104245289611295e-38,
    "g3": 7.829920801277721e-38,
    "h3": 1.493747177120837e-37,
    "t3": 2.8496562400676946e-37,
    "alpha_3": 1.9077614150150555,
    "epsilon_3": 0.0,
    "beta_3": 1.907742383393049,
    "gamma_3": 1.9077232638259045,
    "epsilon_prime_3": 4.779891786099721e-06,
    "f4": 7.720194177460734e-111,
    "g4": 1.4728172045191248e-110,
    "h4": 2.809761604476892e-110,
    "t4": 5.360312365747e-110,
    "alpha_4": 1.9077463217428456,
    "epsilon_4": 0.0,
    "beta_4": 1.907746321712938,
    "gamma_4": 1.9077463216830304,
    "epsilon_prime_4": 7.476907981640578e-12,
    "f5": 0.0,
    "g5": 0.0,
    "h5": 0.0,
    "t5": 0.0,
    "alpha_5": 9999,
    "epsilon_5": 0.0,
    "beta_5": 9999,
    "gamma_5": 9999,
    "epsilon_prime_5": 0.0
}