{
    "f0": 0.007999999999999995,
    "g0": 0.03199999999999999,
    "h0": 0,
    "t0": 0,
    "f1": 0.00015206399999999977,
    "g1": 0.0001331199999999998,
    "h1": 7.372799999999991e-05,
    "t1": 3.276799999999996e-05,
    "beta_1": 0.553846153846154,
    "alpha_1": 0.8754208754208755,
    "epsilon_1": -0.08039368039368038,
    "gamma_1": 0.4444444444444444,
    "epsilon_prime_1": -0.027350427350427385,
    "f2": 6.502517148798129e-11,
    "g2": 4.5247090158206796e-11,
    "h2": 3.1125252184473477e-11,
    "t2": 2.118395552491102e-11,
    "beta_2": 0.6878951127165038,
    "alpha_2": 0.6958396129192814,
    "epsilon_2": -0.001986125050694398,
    "gamma_2": 0.6806034983863818,
    "epsilon_prime_2": -0.0018229035825305102,
    "f3": 3.750527372946688e-30,
    "g3": 2.5926573217566933e-30,
    "h3": 1.7922281778532116e-30,
    "t3": 1.2389018108282891e-30,
    "beta_3": 0.6912707525261614,
    "alpha_3": 0.6912780694411284,
    "epsilon_3": -1.8292287417287496e-06,
    "gamma_3": 0.6912634374001895,
    "epsilon_prime_3": -1.828781492990705e-06,
    "f4": 7.135185772606747e-88,
    "g4": 4.932367151967689e-88,
    "h4": 3.4096163010893044e-88,
    "t4": 2.3569784978205604e-88,
    "beta_4": 0.6912738237114187,
    "alpha_4": 0.6912738237179371,
    "epsilon_4": -1.62961311112042e-12,
    "gamma_4": 0.6912738237048999,
    "epsilon_prime_4": -1.6296963778472669e-12,
    "f5": 4.9129307066760985e-261,
    "g5": 3.396180395246669e-261,
    "h5": 2.347690607845214e-261,
    "t5": 1.622897063382969e-261,
    "beta_5": 0.6912738237141546,
    "alpha_5": 0.6912738237141544,
    "epsilon_5": 5.5511151231257815e-17,
    "gamma_5": 0.6912738237141546,
    "epsilon_prime_5": 0.0
}