{
    "f0": 0.007999999999999995,
    "g0": 0.03199999999999999,
    "h0": 0,
    "t0": 0,
    "f1": 0.002508026907169848,
    "g1": 0.003345443002620837,
    "h1": 8.442758366235549e-06,
    "t1": 3.377103346494221e-05,
    "alpha_1": 4.000000000000001,
    "beta_1": 0.0,
    "gamma_1": 9999,
    "epsilon_1": -1.0,
    "epsilon_prime_1": 2499.7499999999995,
    "f2": 1.1472154170824137e-05,
    "g2": 7.68143513048715e-06,
    "h2": 7.713392925352387e-08,
    "t2": 7.724948787082761e-08,
    "alpha_2": 1.3338943824952665,
    "beta_2": 0.00252365930599369,
    "gamma_2": 4.000000000000002,
    "epsilon_2": -0.33284268079731816,
    "epsilon_prime_2": 0.9993690851735018,
    "f3": 3.4712711940193693e-13,
    "g3": 9.609701118629295e-14,
    "h3": 3.022905970698402e-15,
    "t3": 9.560139655152007e-16,
    "alpha_3": 0.6695721671891837,
    "beta_3": 0.010041603937704816,
    "gamma_3": 1.0014981554605358,
    "epsilon_3": -0.16488264081286969,
    "epsilon_prime_3": 0.24786413788070769,
    "f4": 1.8978573684816223e-36,
    "g4": 2.3870701192047297e-37,
    "h4": 1.7976048295687482e-38,
    "t4": 2.3218619769021752e-39,
    "alpha_4": 0.27683521630882046,
    "beta_4": 0.031456815705102614,
    "gamma_4": 0.31625660036469033,
    "epsilon_4": -0.06134460015092945,
    "epsilon_prime_4": 0.07119994616489692,
    "f5": 7.699430553148895e-107,
    "g5": 7.580675199208888e-108,
    "h5": 7.399018384657495e-109,
    "t5": 7.288168107191259e-110,
    "alpha_5": 0.12577710837745945,
    "beta_5": 0.07530590807142414,
    "gamma_5": 0.12916420442969093,
    "epsilon_5": -0.012617800076508826,
    "epsilon_prime_5": 0.013464574089566694,
    "f6": 3.12246e-318,
    "g6": 3.2861e-319,
    "h6": 1.767e-320,
    "t6": 1.96e-321,
    "alpha_6": 0.09845760860988038,
    "beta_6": 0.09760368555863796,
    "gamma_6": 0.09850182454342736,
    "epsilon_6": -0.00021348076281060483,
    "epsilon_prime_6": 0.00022453474619734884,
    "f7": 0.0,
    "g7": 0.0,
    "h7": 0.0,
    "t7": 0.0,
    "alpha_7": 0.10524008968453764,
    "beta_7": 0.05376554254183519,
    "gamma_7": 0.11101789709172259,
    "epsilon_7": -0.01286863678567561,
    "epsilon_prime_7": 0.014313088637471848,
    "f8": 0.0,
    "g8": 0.0,
    "h8": 0.0,
    "t8": 0.0,
    "alpha_8": NaN,
    "beta_8": NaN,
    "gamma_8": NaN,
    "epsilon_8": NaN,
    "epsilon_prime_8": NaN,
    "f9": 0.0,
    "g9": 0.0,
    "h9": 0.0,
    "t9": 0.0,
    "alpha_9": NaN,
    "beta_9": NaN,
    "gamma_9": NaN,
    "epsilon_9": NaN,
    "epsilon_prime_9": NaN,
    "f10": 0.0,
    "g10": 0.0,
    "h10": 0.0,
    "t10": 0.0,
    "alpha_10": NaN,
    "beta_10": NaN,
    "gamma_10": NaN,
    "epsilon_10": NaN,
    "epsilon_prime_10": NaN,
    "f11": 0.0,
    "g11": 0.0,
    "h11": 0.0,
    "t11": 0.0,
    "alpha_11": NaN,
    "beta_11": NaN,
    "gamma_11": NaN,
    "epsilon_11": NaN,
    "epsilon_prime_11": NaN,
    "f12": 0.0,
    "g12": 0.0,
    "h12": 0.0,
    "t12": 0.0,
    "alpha_12": NaN,
    "beta_12": NaN,
    "gamma_12": NaN,
    "epsilon_12": NaN,
    "epsilon_prime_12": NaN,
    "f13": 0.0,
    "g13": 0.0,
    "h13": 0.0,
    "t13": 0.0,
    "alpha_13": NaN,
    "beta_13": NaN,
    "gamma_13": NaN,
    "epsilon_13": NaN,
    "epsilon_prime_13": NaN,
    "f14": 0.0,
    "g14": 0.0,
    "h14": 0.0,
    "t14": 0.0,
    "alpha_14": NaN,
    "beta_14": NaN,
    "gamma_14": NaN,
    "epsilon_14": NaN,
    "epsilon_prime_14": NaN,
    "f15": 0.0,
    "g15": 0.0,
    "h15": 0.0,
    "t15": 0.0,
    "alpha_15": NaN,
    "beta_15": NaN,
    "gamma_15": NaN,
    "epsilon_15": NaN,
    "epsilon_prime_15": NaN,
    "f16": 0.0,
    "g16": 0.0,
    "h16": 0.0,
    "t16": 0.0,
    "alpha_16": NaN,
    "beta_16": NaN,
    "gamma_16": NaN,
    "epsilon_16": NaN,
    "epsilon_prime_16": NaN,
    "f17": 0.0,
    "g17": 0.0,
    "h17": 0.0,
    "t17": 0.0,
    "alpha_17": NaN,
    "beta_17": NaN,
    "gamma_17": NaN,
    "epsilon_17": NaN,
    "epsilon_prime_17": NaN,
    "f18": 0.0,
    "g18": 0.0,
    "h18": 0.0,
    "t18": 0.0,
    "alpha_18": NaN,
    "beta_18": NaN,
    "gamma_18": NaN,
    "epsilon_18": NaN,
    "epsilon_prime_18": NaN,
    "f19": 0.0,
    "g19": 0.0,
    "h19": 0.0,
    "t19": 0.0,
    "alpha_19": NaN,
    "beta_19": NaN,
    "gamma_19": NaN,
    "epsilon_19": NaN,
    "epsilon_prime_19": NaN,
    "f20": 0.0,
    "g20": 0.0,
    "h20": 0.0,
    "t20": 0.0,
    "alpha_20": NaN,
    "beta_20": NaN,
    "gamma_20": NaN,
    "epsilon_20": NaN,
    "epsilon_prime_20": NaN
}