{
    "f1": 4.44969351674199e-06,
    "g1": 1.4480722171799975e-05,
    "h1": 1.759407743873697e-05,
    "t1": 5.0004220089041926e-05,
    "alpha_1": 3.2543190036159113,
    "epsilon_1": 0.0,
    "beta_1": 1.215,
    "gamma_1": 2.8421052631578956,
    "epsilon_prime_1": -0.3816666666666667,
    "f2": 2.412601379603874e-14,
    "g2": 4.784070287990534e-14,
    "h2": 9.467274175475578e-14,
    "t2": 1.843030398226412e-13,
    "alpha_2": 1.982950987442456,
    "epsilon_2": 0.0,
    "beta_2": 1.9789161959516575,
    "gamma_2": 1.9467381677829452,
    "epsilon_prime_2": 0.007547932533401646,
    "f3": 1.718020047391832e-39,
    "g3": 3.393513118128214e-39,
    "h3": 6.702961187463952e-39,
    "t3": 1.3239748062409958e-38,
    "alpha_3": 1.975246518968151,
    "epsilon_3": 0.0,
    "beta_3": 1.9752277224615993,
    "gamma_3": 1.9752088207181133,
    "epsilon_prime_3": 4.433742299174647e-06,
    "f4": 6.152166353653401e-115,
    "g4": 1.2151952791065676e-114,
    "h4": 2.4002919970858426e-114,
    "t4": 4.741132367981871e-114,
    "alpha_4": 1.9752315026152312,
    "epsilon_4": 0.0,
    "beta_4": 1.9752315025866283,
    "gamma_4": 1.9752315025580247,
    "epsilon_prime_4": 6.709477966356968e-12,
    "f5": 0.0,
    "g5": 0.0,
    "h5": 0.0,
    "t5": 0.0,
    "alpha_5": 9999,
    "epsilon_5": 0.0,
    "beta_5": 9999,
    "gamma_5": 9999,
    "epsilon_prime_5": 0.0
}