{
    "f0": 0.0068589999999999944,
    "g0": 0.029240999999999986,
    "h0": 0,
    "t0": 0,
    "f1": 0.00011136315174095781,
    "g1": 9.984076865819985e-05,
    "h1": 5.586891256862092e-05,
    "t1": 2.5002110044520963e-05,
    "beta_1": 0.5595801526717558,
    "alpha_1": 0.8965332526726596,
    "epsilon_1": -0.07903838148169347,
    "gamma_1": 0.4475138121546961,
    "epsilon_prime_1": -0.026287166294125097,
    "f2": 2.659726834151418e-11,
    "g2": 1.880834829778613e-11,
    "h2": 1.3138552518548408e-11,
    "t2": 9.074644994470325e-12,
    "beta_2": 0.6985489799811345,
    "alpha_2": 0.7071533834333369,
    "epsilon_2": -0.00201831685915858,
    "gamma_2": 0.6906883373689116,
    "epsilon_prime_2": -0.0018438544399041524,
    "f3": 2.6395280107051566e-31,
    "g3": 1.8534332720455245e-31,
    "h3": 1.3014346207900382e-31,
    "t3": 9.138238286242173e-32,
    "beta_3": 0.7021750609633342,
    "alpha_3": 0.7021835966614255,
    "epsilon_3": -2.002200786857224e-06,
    "gamma_3": 0.7021665276350794,
    "epsilon_prime_3": -2.0016448992716045e-06,
    "f4": 2.556111858529058e-91,
    "g4": 1.7948470750311375e-91,
    "h4": 1.2603032265423118e-91,
    "t4": 8.849579693497791e-92,
    "beta_4": 0.7021786112448871,
    "alpha_4": 0.702178611253735,
    "epsilon_4": -2.0754385864228823e-12,
    "gamma_4": 0.7021786112360386,
    "epsilon_prime_4": -2.0755687977652766e-12,
    "f5": 2.3213281773277282e-271,
    "g5": 1.6299869958081507e-271,
    "h5": 1.1445420050697913e-271,
    "t5": 8.036729156355565e-272,
    "beta_5": 0.7021786112485672,
    "alpha_5": 0.7021786112485667,
    "epsilon_5": 1.0416907391544676e-16,
    "gamma_5": 0.7021786112485671,
    "epsilon_prime_5": -2.604226847886169e-17
}