{
    "f0": 0.0068589999999999944,
    "g0": 0.029240999999999986,
    "h0": 0,
    "t0": 0,
    "f1": 0.00011136315174095781,
    "g1": 9.984076865819985e-05,
    "h1": 5.586891256862092e-05,
    "t1": 2.5002110044520963e-05,
    "alpha_1": 4.263157894736843,
    "beta_1": 0.0,
    "gamma_1": 9999,
    "epsilon_1": -1.0,
    "epsilon_prime_1": 2345.444444444444,
    "f2": 2.659726834151418e-11,
    "g2": 1.880834829778613e-11,
    "h2": 1.3138552518548408e-11,
    "t2": 9.074644994470325e-12,
    "alpha_2": 0.8965332526726596,
    "beta_2": 0.5595801526717558,
    "gamma_2": 0.4475138121546961,
    "epsilon_2": -0.07903838148169347,
    "epsilon_prime_2": -0.026287166294125097,
    "f3": 2.6395280107051566e-31,
    "g3": 1.8534332720455245e-31,
    "h3": 1.3014346207900382e-31,
    "t3": 9.138238286242173e-32,
    "alpha_3": 0.7071533834333369,
    "beta_3": 0.6985489799811345,
    "gamma_3": 0.6906883373689116,
    "epsilon_3": -0.00201831685915858,
    "epsilon_prime_3": -0.0018438544399041524,
    "f4": 2.556111858529058e-91,
    "g4": 1.7948470750311375e-91,
    "h4": 1.2603032265423118e-91,
    "t4": 8.849579693497791e-92,
    "alpha_4": 0.7021835966614255,
    "beta_4": 0.7021750609633342,
    "gamma_4": 0.7021665276350794,
    "epsilon_4": -2.002200786857224e-06,
    "epsilon_prime_4": -2.0016448992716045e-06,
    "f5": 2.3213281773277282e-271,
    "g5": 1.6299869958081507e-271,
    "h5": 1.1445420050697913e-271,
    "t5": 8.036729156355565e-272,
    "alpha_5": 0.702178611253735,
    "beta_5": 0.7021786112448871,
    "gamma_5": 0.7021786112360386,
    "epsilon_5": -2.0754385864228823e-12,
    "epsilon_prime_5": -2.0755687977652766e-12,
    "f6": 0.0,
    "g6": 0.0,
    "h6": 0.0,
    "t6": 0.0,
    "alpha_6": 0.7021786112485667,
    "beta_6": 0.7021786112485672,
    "gamma_6": 0.7021786112485671,
    "epsilon_6": 1.0416907391544676e-16,
    "epsilon_prime_6": -2.604226847886169e-17,
    "f7": 0.0,
    "g7": 0.0,
    "h7": 0.0,
    "t7": 0.0,
    "alpha_7": NaN,
    "beta_7": NaN,
    "gamma_7": NaN,
    "epsilon_7": NaN,
    "epsilon_prime_7": NaN,
    "f8": 0.0,
    "g8": 0.0,
    "h8": 0.0,
    "t8": 0.0,
    "alpha_8": NaN,
    "beta_8": NaN,
    "gamma_8": NaN,
    "epsilon_8": NaN,
    "epsilon_prime_8": NaN,
    "f9": 0.0,
    "g9": 0.0,
    "h9": 0.0,
    "t9": 0.0,
    "alpha_9": NaN,
    "beta_9": NaN,
    "gamma_9": NaN,
    "epsilon_9": NaN,
    "epsilon_prime_9": NaN,
    "f10": 0.0,
    "g10": 0.0,
    "h10": 0.0,
    "t10": 0.0,
    "alpha_10": NaN,
    "beta_10": NaN,
    "gamma_10": NaN,
    "epsilon_10": NaN,
    "epsilon_prime_10": NaN,
    "f11": 0.0,
    "g11": 0.0,
    "h11": 0.0,
    "t11": 0.0,
    "alpha_11": NaN,
    "beta_11": NaN,
    "gamma_11": NaN,
    "epsilon_11": NaN,
    "epsilon_prime_11": NaN,
    "f12": 0.0,
    "g12": 0.0,
    "h12": 0.0,
    "t12": 0.0,
    "alpha_12": NaN,
    "beta_12": NaN,
    "gamma_12": NaN,
    "epsilon_12": NaN,
    "epsilon_prime_12": NaN,
    "f13": 0.0,
    "g13": 0.0,
    "h13": 0.0,
    "t13": 0.0,
    "alpha_13": NaN,
    "beta_13": NaN,
    "gamma_13": NaN,
    "epsilon_13": NaN,
    "epsilon_prime_13": NaN,
    "f14": 0.0,
    "g14": 0.0,
    "h14": 0.0,
    "t14": 0.0,
    "alpha_14": NaN,
    "beta_14": NaN,
    "gamma_14": NaN,
    "epsilon_14": NaN,
    "epsilon_prime_14": NaN,
    "f15": 0.0,
    "g15": 0.0,
    "h15": 0.0,
    "t15": 0.0,
    "alpha_15": NaN,
    "beta_15": NaN,
    "gamma_15": NaN,
    "epsilon_15": NaN,
    "epsilon_prime_15": NaN,
    "f16": 0.0,
    "g16": 0.0,
    "h16": 0.0,
    "t16": 0.0,
    "alpha_16": NaN,
    "beta_16": NaN,
    "gamma_16": NaN,
    "epsilon_16": NaN,
    "epsilon_prime_16": NaN,
    "f17": 0.0,
    "g17": 0.0,
    "h17": 0.0,
    "t17": 0.0,
    "alpha_17": NaN,
    "beta_17": NaN,
    "gamma_17": NaN,
    "epsilon_17": NaN,
    "epsilon_prime_17": NaN,
    "f18": 0.0,
    "g18": 0.0,
    "h18": 0.0,
    "t18": 0.0,
    "alpha_18": NaN,
    "beta_18": NaN,
    "gamma_18": NaN,
    "epsilon_18": NaN,
    "epsilon_prime_18": NaN,
    "f19": 0.0,
    "g19": 0.0,
    "h19": 0.0,
    "t19": 0.0,
    "alpha_19": NaN,
    "beta_19": NaN,
    "gamma_19": NaN,
    "epsilon_19": NaN,
    "epsilon_prime_19": NaN,
    "f20": 0.0,
    "g20": 0.0,
    "h20": 0.0,
    "t20": 0.0,
    "alpha_20": NaN,
    "beta_20": NaN,
    "gamma_20": NaN,
    "epsilon_20": NaN,
    "epsilon_prime_20": NaN
}