{
    "f0": 0.0068589999999999944,
    "g0": 0.029240999999999986,
    "h0": 0,
    "t0": 0,
    "f1": 0.0017954634129610963,
    "g1": 0.002552393193246511,
    "h1": 6.044211608564978e-06,
    "t1": 2.5767428436513862e-05,
    "alpha_1": 4.263157894736843,
    "beta_1": 0.0,
    "gamma_1": 9999,
    "epsilon_1": -1.0,
    "epsilon_prime_1": 2345.444444444444,
    "f2": 4.779733034879582e-06,
    "g2": 3.4091593409899577e-06,
    "h2": 3.214286252989257e-08,
    "t2": 3.430271138649702e-08,
    "alpha_2": 1.421579061328283,
    "beta_2": 0.0023680566240960143,
    "gamma_2": 4.263157894736843,
    "epsilon_2": -0.3329013467824635,
    "epsilon_prime_2": 0.9994445299276812,
    "f3": 2.847016015343346e-14,
    "g3": 8.36350283945303e-15,
    "h3": 2.4808283686589335e-16,
    "t3": 8.33506000624574e-17,
    "alpha_3": 0.713253086754425,
    "beta_3": 0.00942838374945504,
    "gamma_3": 1.067195286499322,
    "epsilon_3": -0.16509468342091882,
    "epsilon_prime_3": 0.2481181623734255,
    "f4": 1.1744589270795105e-39,
    "g4": 1.5314922327076818e-40,
    "h4": 1.1143686631015546e-41,
    "t4": 1.4949868255105458e-42,
    "alpha_4": 0.29376381426658055,
    "beta_4": 0.02966255187905429,
    "gamma_4": 0.33597890573749933,
    "epsilon_4": -0.06194967883164194,
    "epsilon_prime_4": 0.07185198423840067,
    "f5": 1.940553949085655e-116,
    "g5": 1.9172753225222302e-117,
    "h5": 1.870341618501211e-118,
    "t5": 1.8490401001337758e-119,
    "alpha_5": 0.13039981198116435,
    "beta_5": 0.07276358569128022,
    "gamma_5": 0.13415549763842424,
    "epsilon_5": -0.013519608635898742,
    "epsilon_prime_5": 0.014400571938218963,
    "f6": 0.0,
    "g6": 0.0,
    "h6": 0.0,
    "t6": 0.0,
    "alpha_6": 0.09880041332659711,
    "beta_6": 0.0975520623736357,
    "gamma_6": 0.09886108943111126,
    "epsilon_6": -0.00029282306304033147,
    "epsilon_prime_6": 0.00030705572953130324,
    "f7": 0.0,
    "g7": 0.0,
    "h7": 0.0,
    "t7": 0.0,
    "alpha_7": NaN,
    "beta_7": NaN,
    "gamma_7": NaN,
    "epsilon_7": NaN,
    "epsilon_prime_7": NaN,
    "f8": 0.0,
    "g8": 0.0,
    "h8": 0.0,
    "t8": 0.0,
    "alpha_8": NaN,
    "beta_8": NaN,
    "gamma_8": NaN,
    "epsilon_8": NaN,
    "epsilon_prime_8": NaN,
    "f9": 0.0,
    "g9": 0.0,
    "h9": 0.0,
    "t9": 0.0,
    "alpha_9": NaN,
    "beta_9": NaN,
    "gamma_9": NaN,
    "epsilon_9": NaN,
    "epsilon_prime_9": NaN,
    "f10": 0.0,
    "g10": 0.0,
    "h10": 0.0,
    "t10": 0.0,
    "alpha_10": NaN,
    "beta_10": NaN,
    "gamma_10": NaN,
    "epsilon_10": NaN,
    "epsilon_prime_10": NaN,
    "f11": 0.0,
    "g11": 0.0,
    "h11": 0.0,
    "t11": 0.0,
    "alpha_11": NaN,
    "beta_11": NaN,
    "gamma_11": NaN,
    "epsilon_11": NaN,
    "epsilon_prime_11": NaN,
    "f12": 0.0,
    "g12": 0.0,
    "h12": 0.0,
    "t12": 0.0,
    "alpha_12": NaN,
    "beta_12": NaN,
    "gamma_12": NaN,
    "epsilon_12": NaN,
    "epsilon_prime_12": NaN,
    "f13": 0.0,
    "g13": 0.0,
    "h13": 0.0,
    "t13": 0.0,
    "alpha_13": NaN,
    "beta_13": NaN,
    "gamma_13": NaN,
    "epsilon_13": NaN,
    "epsilon_prime_13": NaN,
    "f14": 0.0,
    "g14": 0.0,
    "h14": 0.0,
    "t14": 0.0,
    "alpha_14": NaN,
    "beta_14": NaN,
    "gamma_14": NaN,
    "epsilon_14": NaN,
    "epsilon_prime_14": NaN,
    "f15": 0.0,
    "g15": 0.0,
    "h15": 0.0,
    "t15": 0.0,
    "alpha_15": NaN,
    "beta_15": NaN,
    "gamma_15": NaN,
    "epsilon_15": NaN,
    "epsilon_prime_15": NaN,
    "f16": 0.0,
    "g16": 0.0,
    "h16": 0.0,
    "t16": 0.0,
    "alpha_16": NaN,
    "beta_16": NaN,
    "gamma_16": NaN,
    "epsilon_16": NaN,
    "epsilon_prime_16": NaN,
    "f17": 0.0,
    "g17": 0.0,
    "h17": 0.0,
    "t17": 0.0,
    "alpha_17": NaN,
    "beta_17": NaN,
    "gamma_17": NaN,
    "epsilon_17": NaN,
    "epsilon_prime_17": NaN,
    "f18": 0.0,
    "g18": 0.0,
    "h18": 0.0,
    "t18": 0.0,
    "alpha_18": NaN,
    "beta_18": NaN,
    "gamma_18": NaN,
    "epsilon_18": NaN,
    "epsilon_prime_18": NaN,
    "f19": 0.0,
    "g19": 0.0,
    "h19": 0.0,
    "t19": 0.0,
    "alpha_19": NaN,
    "beta_19": NaN,
    "gamma_19": NaN,
    "epsilon_19": NaN,
    "epsilon_prime_19": NaN,
    "f20": 0.0,
    "g20": 0.0,
    "h20": 0.0,
    "t20": 0.0,
    "alpha_20": NaN,
    "beta_20": NaN,
    "gamma_20": NaN,
    "epsilon_20": NaN,
    "epsilon_prime_20": NaN
}