{
    "f1": 2.9092695920640065e-06,
    "g1": 1.0040408524800018e-05,
    "h1": 1.2349702485504024e-05,
    "t1": 3.750650384486405e-05,
    "alpha_1": 3.45117845117845,
    "epsilon_1": 0.0,
    "beta_1": 1.2300000000000002,
    "gamma_1": 3.037037037037035,
    "epsilon_prime_1": -0.39666666666666633,
    "f2": 7.676401780878776e-15,
    "g2": 1.576548086062692e-14,
    "h2": 3.238006534141248e-14,
    "t2": 6.527788302958979e-14,
    "alpha_2": 2.053759210454214,
    "epsilon_2": 0.0,
    "beta_2": 2.053858402903473,
    "gamma_2": 2.0159898487327217,
    "epsilon_prime_2": 0.00831260945211619,
    "f3": 6.027165152517998e-41,
    "g3": 1.234182536677814e-40,
    "h3": 2.5272130124230713e-40,
    "t3": 5.174881687588453e-40,
    "alpha_3": 2.0476998811990472,
    "epsilon_3": 0.0,
    "beta_3": 2.047681714267203,
    "gamma_3": 2.0476634387960906,
    "epsilon_prime_3": 4.011688780779267e-06,
    "f4": 2.8964910863864976e-119,
    "g4": 5.931102109420081e-119,
    "h4": 1.2145030377360522e-118,
    "t4": 2.4869199710936683e-118,
    "alpha_4": 2.0476852621077444,
    "epsilon_4": 0.0,
    "beta_4": 2.047685262081589,
    "gamma_4": 2.0476852620554338,
    "epsilon_prime_4": 5.741358608047895e-12,
    "f5": 0.0,
    "g5": 0.0,
    "h5": 0.0,
    "t5": 0.0,
    "alpha_5": 9999,
    "epsilon_5": 0.0,
    "beta_5": 9999,
    "gamma_5": 9999,
    "epsilon_prime_5": 0.0
}