{
    "f0": 0.005832000000000005,
    "g0": 0.026568000000000015,
    "h0": 0,
    "t0": 0,
    "f1": 8.017579119513616e-05,
    "g1": 7.362966251520014e-05,
    "h1": 4.162307134003208e-05,
    "t1": 1.8753251922432034e-05,
    "beta_1": 0.5653030303030303,
    "alpha_1": 0.9183528022317397,
    "epsilon_1": -0.07749873042337525,
    "gamma_1": 0.4505494505494505,
    "epsilon_prime_1": -0.02518981018981021,
    "f2": 1.0342438722198e-11,
    "g2": 7.432660637540253e-12,
    "h2": 5.27229251776734e-12,
    "t2": 3.695204082314075e-12,
    "beta_2": 0.709341213715381,
    "alpha_2": 0.7186564829808966,
    "epsilon_2": -0.002044815204625382,
    "gamma_2": 0.7008723567331361,
    "epsilon_prime_2": -0.0018590173863464346,
    "f3": 1.5963643819757933e-32,
    "g3": 1.1385984010433692e-32,
    "h3": 8.120879256409652e-33,
    "t3": 5.792012390940817e-33,
    "beta_3": 0.7132347321907339,
    "alpha_3": 0.7132446789085491,
    "epsilon_3": -2.1834258618929513e-06,
    "gamma_3": 0.7132247886051617,
    "epsilon_prime_3": -2.182738296327493e-06,
    "f4": 5.8120546682108285e-95,
    "g4": 4.145383081290151e-95,
    "h4": 2.9566481857693658e-95,
    "t4": 2.1087962976743146e-95,
    "beta_4": 0.7132388316809505,
    "alpha_4": 0.7132388316929333,
    "epsilon_4": -2.6303837157184928e-12,
    "gamma_4": 0.7132388316689674,
    "epsilon_prime_4": -2.6304324572171346e-12,
    "f5": 2.8049037647037374e-282,
    "g5": 2.000566284128645e-282,
    "h5": 1.4268815592020946e-282,
    "t5": 1.0177073362394414e-282,
    "beta_5": 0.7132388316858889,
    "alpha_5": 0.7132388316858888,
    "epsilon_5": 2.437074932104003e-17,
    "gamma_5": 0.7132388316858889,
    "epsilon_prime_5": 0.0
}