{
    "f0": 0.005831999999999994,
    "g0": 0.026567999999999984,
    "h0": 0,
    "t0": 0,
    "f1": 8.017579119513584e-05,
    "g1": 7.362966251519986e-05,
    "h1": 4.162307134003192e-05,
    "t1": 1.8753251922431966e-05,
    "alpha_1": 4.555555555555557,
    "beta_1": 0.0,
    "gamma_1": 9999,
    "epsilon_1": -1.0,
    "epsilon_prime_1": 2194.9024390243894,
    "f2": 1.0342438722197879e-11,
    "g2": 7.432660637540167e-12,
    "h2": 5.272292517767278e-12,
    "t2": 3.695204082314033e-12,
    "alpha_2": 0.9183528022317399,
    "beta_2": 0.5653030303030303,
    "gamma_2": 0.45054945054945056,
    "epsilon_2": -0.07749873042337524,
    "epsilon_prime_2": -0.025189810189810178,
    "f3": 1.5963643819757377e-32,
    "g3": 1.1385984010433298e-32,
    "h3": 8.120879256409373e-33,
    "t3": 5.7920123909406166e-33,
    "alpha_3": 0.7186564829808967,
    "beta_3": 0.7093412137153808,
    "gamma_3": 0.7008723567331363,
    "epsilon_3": -0.0020448152046254288,
    "epsilon_prime_3": -0.0018590173863463602,
    "f4": 5.8120546682102244e-95,
    "g4": 4.14538308128972e-95,
    "h4": 2.9566481857690588e-95,
    "t4": 2.1087962976740967e-95,
    "alpha_4": 0.7132446789085494,
    "beta_4": 0.713234732190734,
    "gamma_4": 0.7132247886051616,
    "epsilon_4": -2.1834258619173204e-06,
    "epsilon_prime_4": -2.182738296376233e-06,
    "f5": 2.8049037647028624e-282,
    "g5": 2.0005662841280214e-282,
    "h5": 1.42688155920165e-282,
    "t5": 1.0177073362391243e-282,
    "alpha_5": 0.7132388316929333,
    "beta_5": 0.7132388316809506,
    "gamma_5": 0.7132388316689677,
    "epsilon_5": -2.6303593449691696e-12,
    "epsilon_prime_5": -2.6303837157184908e-12,
    "f6": 0.0,
    "g6": 0.0,
    "h6": 0.0,
    "t6": 0.0,
    "alpha_6": 0.713238831685889,
    "beta_6": 0.7132388316858889,
    "gamma_6": 0.7132388316858889,
    "epsilon_6": -2.4370749321040012e-17,
    "epsilon_prime_6": 0.0,
    "f7": 0.0,
    "g7": 0.0,
    "h7": 0.0,
    "t7": 0.0,
    "alpha_7": NaN,
    "beta_7": NaN,
    "gamma_7": NaN,
    "epsilon_7": NaN,
    "epsilon_prime_7": NaN,
    "f8": 0.0,
    "g8": 0.0,
    "h8": 0.0,
    "t8": 0.0,
    "alpha_8": NaN,
    "beta_8": NaN,
    "gamma_8": NaN,
    "epsilon_8": NaN,
    "epsilon_prime_8": NaN,
    "f9": 0.0,
    "g9": 0.0,
    "h9": 0.0,
    "t9": 0.0,
    "alpha_9": NaN,
    "beta_9": NaN,
    "gamma_9": NaN,
    "epsilon_9": NaN,
    "epsilon_prime_9": NaN,
    "f10": 0.0,
    "g10": 0.0,
    "h10": 0.0,
    "t10": 0.0,
    "alpha_10": NaN,
    "beta_10": NaN,
    "gamma_10": NaN,
    "epsilon_10": NaN,
    "epsilon_prime_10": NaN,
    "f11": 0.0,
    "g11": 0.0,
    "h11": 0.0,
    "t11": 0.0,
    "alpha_11": NaN,
    "beta_11": NaN,
    "gamma_11": NaN,
    "epsilon_11": NaN,
    "epsilon_prime_11": NaN,
    "f12": 0.0,
    "g12": 0.0,
    "h12": 0.0,
    "t12": 0.0,
    "alpha_12": NaN,
    "beta_12": NaN,
    "gamma_12": NaN,
    "epsilon_12": NaN,
    "epsilon_prime_12": NaN,
    "f13": 0.0,
    "g13": 0.0,
    "h13": 0.0,
    "t13": 0.0,
    "alpha_13": NaN,
    "beta_13": NaN,
    "gamma_13": NaN,
    "epsilon_13": NaN,
    "epsilon_prime_13": NaN,
    "f14": 0.0,
    "g14": 0.0,
    "h14": 0.0,
    "t14": 0.0,
    "alpha_14": NaN,
    "beta_14": NaN,
    "gamma_14": NaN,
    "epsilon_14": NaN,
    "epsilon_prime_14": NaN,
    "f15": 0.0,
    "g15": 0.0,
    "h15": 0.0,
    "t15": 0.0,
    "alpha_15": NaN,
    "beta_15": NaN,
    "gamma_15": NaN,
    "epsilon_15": NaN,
    "epsilon_prime_15": NaN,
    "f16": 0.0,
    "g16": 0.0,
    "h16": 0.0,
    "t16": 0.0,
    "alpha_16": NaN,
    "beta_16": NaN,
    "gamma_16": NaN,
    "epsilon_16": NaN,
    "epsilon_prime_16": NaN,
    "f17": 0.0,
    "g17": 0.0,
    "h17": 0.0,
    "t17": 0.0,
    "alpha_17": NaN,
    "beta_17": NaN,
    "gamma_17": NaN,
    "epsilon_17": NaN,
    "epsilon_prime_17": NaN,
    "f18": 0.0,
    "g18": 0.0,
    "h18": 0.0,
    "t18": 0.0,
    "alpha_18": NaN,
    "beta_18": NaN,
    "gamma_18": NaN,
    "epsilon_18": NaN,
    "epsilon_prime_18": NaN,
    "f19": 0.0,
    "g19": 0.0,
    "h19": 0.0,
    "t19": 0.0,
    "alpha_19": NaN,
    "beta_19": NaN,
    "gamma_19": NaN,
    "epsilon_19": NaN,
    "epsilon_prime_19": NaN,
    "f20": 0.0,
    "g20": 0.0,
    "h20": 0.0,
    "t20": 0.0,
    "alpha_20": NaN,
    "beta_20": NaN,
    "gamma_20": NaN,
    "epsilon_20": NaN,
    "epsilon_prime_20": NaN
}