{
    "f0": 0.005831999999999994,
    "g0": 0.026567999999999984,
    "h0": 0,
    "t0": 0,
    "f1": 0.001260249578073626,
    "g1": 0.0019143331870773818,
    "h1": 4.242576252441763e-06,
    "t1": 1.932729181667915e-05,
    "alpha_1": 4.555555555555557,
    "beta_1": 0.0,
    "gamma_1": 9999,
    "epsilon_1": -1.0,
    "epsilon_prime_1": 2194.9024390243894,
    "f2": 1.8869319664551381e-06,
    "g2": 1.4374865576825007e-06,
    "h2": 1.269143434447048e-08,
    "t2": 1.4470831645901141e-08,
    "alpha_2": 1.5190111707901266,
    "beta_2": 0.002216216216216215,
    "gamma_2": 4.555555555555558,
    "epsilon_2": -0.3329549900284192,
    "epsilon_prime_2": 0.9995135135135137,
    "f3": 1.9971491749359598e-15,
    "g3": 6.244176365936991e-16,
    "h3": 1.7412668104280956e-17,
    "t3": 6.233067487585646e-18,
    "alpha_3": 0.7618115455338951,
    "beta_3": 0.008828906452475955,
    "gamma_3": 1.1402045862693153,
    "epsilon_3": -0.1652888719934822,
    "epsilon_prime_3": 0.24835075898418413,
    "f4": 4.575692443367683e-43,
    "g4": 6.210073048481054e-44,
    "h4": 4.348638955861815e-45,
    "t4": 6.082921222761757e-46,
    "alpha_4": 0.3126544799107065,
    "beta_4": 0.027886252859976736,
    "gamma_4": 0.35796165471351443,
    "epsilon_4": -0.06251009862089187,
    "epsilon_prime_4": 0.07245557601663019,
    "f5": 1.2293005688886068e-126,
    "g5": 1.2197436808717595e-127,
    "h5": 1.1882061478875206e-128,
    "t5": 1.1799472813614142e-129,
    "alpha_5": 0.13571876006400632,
    "beta_5": 0.07002556849030087,
    "gamma_5": 0.13988103598626392,
    "epsilon_5": -0.014420456686910948,
    "epsilon_prime_5": 0.015334127011308957,
    "f6": 0.0,
    "g6": 0.0,
    "h6": 0.0,
    "t6": 0.0,
    "alpha_6": 0.09922257515706777,
    "beta_6": 0.0974144130870431,
    "gamma_6": 0.09930492982713567,
    "epsilon_6": -0.00039691362512736614,
    "epsilon_prime_6": 0.0004149914795325142,
    "f7": 0.0,
    "g7": 0.0,
    "h7": 0.0,
    "t7": 0.0,
    "alpha_7": NaN,
    "beta_7": NaN,
    "gamma_7": NaN,
    "epsilon_7": NaN,
    "epsilon_prime_7": NaN,
    "f8": 0.0,
    "g8": 0.0,
    "h8": 0.0,
    "t8": 0.0,
    "alpha_8": NaN,
    "beta_8": NaN,
    "gamma_8": NaN,
    "epsilon_8": NaN,
    "epsilon_prime_8": NaN,
    "f9": 0.0,
    "g9": 0.0,
    "h9": 0.0,
    "t9": 0.0,
    "alpha_9": NaN,
    "beta_9": NaN,
    "gamma_9": NaN,
    "epsilon_9": NaN,
    "epsilon_prime_9": NaN,
    "f10": 0.0,
    "g10": 0.0,
    "h10": 0.0,
    "t10": 0.0,
    "alpha_10": NaN,
    "beta_10": NaN,
    "gamma_10": NaN,
    "epsilon_10": NaN,
    "epsilon_prime_10": NaN,
    "f11": 0.0,
    "g11": 0.0,
    "h11": 0.0,
    "t11": 0.0,
    "alpha_11": NaN,
    "beta_11": NaN,
    "gamma_11": NaN,
    "epsilon_11": NaN,
    "epsilon_prime_11": NaN,
    "f12": 0.0,
    "g12": 0.0,
    "h12": 0.0,
    "t12": 0.0,
    "alpha_12": NaN,
    "beta_12": NaN,
    "gamma_12": NaN,
    "epsilon_12": NaN,
    "epsilon_prime_12": NaN,
    "f13": 0.0,
    "g13": 0.0,
    "h13": 0.0,
    "t13": 0.0,
    "alpha_13": NaN,
    "beta_13": NaN,
    "gamma_13": NaN,
    "epsilon_13": NaN,
    "epsilon_prime_13": NaN,
    "f14": 0.0,
    "g14": 0.0,
    "h14": 0.0,
    "t14": 0.0,
    "alpha_14": NaN,
    "beta_14": NaN,
    "gamma_14": NaN,
    "epsilon_14": NaN,
    "epsilon_prime_14": NaN,
    "f15": 0.0,
    "g15": 0.0,
    "h15": 0.0,
    "t15": 0.0,
    "alpha_15": NaN,
    "beta_15": NaN,
    "gamma_15": NaN,
    "epsilon_15": NaN,
    "epsilon_prime_15": NaN,
    "f16": 0.0,
    "g16": 0.0,
    "h16": 0.0,
    "t16": 0.0,
    "alpha_16": NaN,
    "beta_16": NaN,
    "gamma_16": NaN,
    "epsilon_16": NaN,
    "epsilon_prime_16": NaN,
    "f17": 0.0,
    "g17": 0.0,
    "h17": 0.0,
    "t17": 0.0,
    "alpha_17": NaN,
    "beta_17": NaN,
    "gamma_17": NaN,
    "epsilon_17": NaN,
    "epsilon_prime_17": NaN,
    "f18": 0.0,
    "g18": 0.0,
    "h18": 0.0,
    "t18": 0.0,
    "alpha_18": NaN,
    "beta_18": NaN,
    "gamma_18": NaN,
    "epsilon_18": NaN,
    "epsilon_prime_18": NaN,
    "f19": 0.0,
    "g19": 0.0,
    "h19": 0.0,
    "t19": 0.0,
    "alpha_19": NaN,
    "beta_19": NaN,
    "gamma_19": NaN,
    "epsilon_19": NaN,
    "epsilon_prime_19": NaN,
    "f20": 0.0,
    "g20": 0.0,
    "h20": 0.0,
    "t20": 0.0,
    "alpha_20": NaN,
    "beta_20": NaN,
    "gamma_20": NaN,
    "epsilon_20": NaN,
    "epsilon_prime_20": NaN
}