{
    "f0": 0.004912999999999994,
    "g0": 0.02398699999999998,
    "h0": 0,
    "t0": 0,
    "f1": 0.0008653879412538852,
    "g1": 0.0014087742605960601,
    "h1": 2.9133526039880407e-06,
    "t1": 1.4224015654765146e-05,
    "alpha_1": 4.882352941176473,
    "beta_1": 0.0,
    "gamma_1": 9999,
    "epsilon_1": -1.0,
    "epsilon_prime_1": 2047.987951807228,
    "f2": 7.016117980231339e-07,
    "g2": 5.725905762318874e-07,
    "h2": 4.719744058754361e-09,
    "t2": 5.7666586481497235e-09,
    "alpha_2": 1.6279106669256878,
    "beta_2": 0.002068005276271434,
    "gamma_2": 4.882352941176473,
    "epsilon_2": -0.33300391865108514,
    "epsilon_prime_2": 0.9995764326542577,
    "f3": 1.177627427683426e-16,
    "g3": 3.9315204500058635e-17,
    "h3": 1.0272811818639033e-18,
    "t3": 3.9303931939750217e-19,
    "alpha_3": 0.8161073942103346,
    "beta_3": 0.008242790319418323,
    "gamma_3": 1.221815966366546,
    "epsilon_3": -0.16546624417042857,
    "epsilon_prime_3": 0.2485631806361586,
    "f4": 1.0659998955143824e-46,
    "g4": 1.5122209780488288e-47,
    "h4": 1.0146257624451894e-48,
    "t4": 1.4861435826634768e-49,
    "alpha_4": 0.3338509580861043,
    "beta_4": 0.02612936127198248,
    "gamma_4": 0.38260149833988977,
    "epsilon_4": -0.06302731501012132,
    "epsilon_prime_4": 0.07301236542354725,
    "f5": 1.67857569725245e-137,
    "g5": 1.6744832324153898e-138,
    "h5": 1.626935008254913e-139,
    "t5": 1.6247677457143789e-140,
    "alpha_5": 0.14185939270839507,
    "beta_5": 0.06709507255707622,
    "gamma_5": 0.14647209224038987,
    "epsilon_5": -0.015313174006896623,
    "epsilon_prime_5": 0.01625794379055821,
    "f6": 0.0,
    "g6": 0.0,
    "h6": 0.0,
    "t6": 0.0,
    "alpha_6": 0.09975619420418401,
    "beta_6": 0.09716042398992017,
    "gamma_6": 0.09986678862219218,
    "epsilon_6": -0.0005316637788251237,
    "epsilon_prime_6": 0.000554315647573786,
    "f7": 0.0,
    "g7": 0.0,
    "h7": 0.0,
    "t7": 0.0,
    "alpha_7": NaN,
    "beta_7": NaN,
    "gamma_7": NaN,
    "epsilon_7": NaN,
    "epsilon_prime_7": NaN,
    "f8": 0.0,
    "g8": 0.0,
    "h8": 0.0,
    "t8": 0.0,
    "alpha_8": NaN,
    "beta_8": NaN,
    "gamma_8": NaN,
    "epsilon_8": NaN,
    "epsilon_prime_8": NaN,
    "f9": 0.0,
    "g9": 0.0,
    "h9": 0.0,
    "t9": 0.0,
    "alpha_9": NaN,
    "beta_9": NaN,
    "gamma_9": NaN,
    "epsilon_9": NaN,
    "epsilon_prime_9": NaN,
    "f10": 0.0,
    "g10": 0.0,
    "h10": 0.0,
    "t10": 0.0,
    "alpha_10": NaN,
    "beta_10": NaN,
    "gamma_10": NaN,
    "epsilon_10": NaN,
    "epsilon_prime_10": NaN,
    "f11": 0.0,
    "g11": 0.0,
    "h11": 0.0,
    "t11": 0.0,
    "alpha_11": NaN,
    "beta_11": NaN,
    "gamma_11": NaN,
    "epsilon_11": NaN,
    "epsilon_prime_11": NaN,
    "f12": 0.0,
    "g12": 0.0,
    "h12": 0.0,
    "t12": 0.0,
    "alpha_12": NaN,
    "beta_12": NaN,
    "gamma_12": NaN,
    "epsilon_12": NaN,
    "epsilon_prime_12": NaN,
    "f13": 0.0,
    "g13": 0.0,
    "h13": 0.0,
    "t13": 0.0,
    "alpha_13": NaN,
    "beta_13": NaN,
    "gamma_13": NaN,
    "epsilon_13": NaN,
    "epsilon_prime_13": NaN,
    "f14": 0.0,
    "g14": 0.0,
    "h14": 0.0,
    "t14": 0.0,
    "alpha_14": NaN,
    "beta_14": NaN,
    "gamma_14": NaN,
    "epsilon_14": NaN,
    "epsilon_prime_14": NaN,
    "f15": 0.0,
    "g15": 0.0,
    "h15": 0.0,
    "t15": 0.0,
    "alpha_15": NaN,
    "beta_15": NaN,
    "gamma_15": NaN,
    "epsilon_15": NaN,
    "epsilon_prime_15": NaN,
    "f16": 0.0,
    "g16": 0.0,
    "h16": 0.0,
    "t16": 0.0,
    "alpha_16": NaN,
    "beta_16": NaN,
    "gamma_16": NaN,
    "epsilon_16": NaN,
    "epsilon_prime_16": NaN,
    "f17": 0.0,
    "g17": 0.0,
    "h17": 0.0,
    "t17": 0.0,
    "alpha_17": NaN,
    "beta_17": NaN,
    "gamma_17": NaN,
    "epsilon_17": NaN,
    "epsilon_prime_17": NaN,
    "f18": 0.0,
    "g18": 0.0,
    "h18": 0.0,
    "t18": 0.0,
    "alpha_18": NaN,
    "beta_18": NaN,
    "gamma_18": NaN,
    "epsilon_18": NaN,
    "epsilon_prime_18": NaN,
    "f19": 0.0,
    "g19": 0.0,
    "h19": 0.0,
    "t19": 0.0,
    "alpha_19": NaN,
    "beta_19": NaN,
    "gamma_19": NaN,
    "epsilon_19": NaN,
    "epsilon_prime_19": NaN,
    "f20": 0.0,
    "g20": 0.0,
    "h20": 0.0,
    "t20": 0.0,
    "alpha_20": NaN,
    "beta_20": NaN,
    "gamma_20": NaN,
    "epsilon_20": NaN,
    "epsilon_prime_20": NaN
}