{
    "f1": 1.8555514793060035e-06,
    "g1": 6.811621971800012e-06,
    "h1": 8.480469354891014e-06,
    "t1": 2.7603096331606036e-05,
    "alpha_1": 3.67094206103494,
    "epsilon_1": 0.0,
    "beta_1": 1.2449999999999999,
    "gamma_1": 3.2549019607843124,
    "epsilon_prime_1": -0.41166666666666657,
    "f2": 2.2847687804188296e-15,
    "g2": 4.865485230716379e-15,
    "h2": 1.0389111930258435e-14,
    "t2": 2.171492983708775e-14,
    "alpha_2": 2.129530687050297,
    "epsilon_2": 0.0,
    "beta_2": 2.135267386009262,
    "gamma_2": 2.0901622759345493,
    "epsilon_prime_2": 0.00923839603939902,
    "f3": 1.7371070799167562e-42,
    "g3": 3.6927940841884755e-42,
    "h3": 7.850188859745851e-42,
    "t3": 1.668789723259161e-41,
    "alpha_3": 2.125829850607389,
    "epsilon_3": 0.0,
    "beta_3": 2.1258127804521223,
    "gamma_3": 2.1257956376264655,
    "epsilon_prime_3": 3.5111811586197837e-06,
    "f4": 7.592202569114757e-124,
    "g4": 1.6139625840793957e-123,
    "h4": 3.43098751524006e-123,
    "t4": 7.293648220676022e-123,
    "alpha_4": 2.12581601898378,
    "epsilon_4": 0.0,
    "beta_4": 2.1258160189612423,
    "gamma_4": 2.1258160189387048,
    "epsilon_prime_4": 4.616120069857128e-12,
    "f5": 0.0,
    "g5": 0.0,
    "h5": 0.0,
    "t5": 0.0,
    "alpha_5": 9999,
    "epsilon_5": 0.0,
    "beta_5": 9999,
    "gamma_5": 9999,
    "epsilon_prime_5": 0.0
}