{
    "f0": 0.004913000000000003,
    "g0": 0.02398700000000001,
    "h0": 0,
    "t0": 0,
    "f1": 5.663701947839407e-05,
    "g1": 5.3290924838200054e-05,
    "h1": 3.042991944990303e-05,
    "t1": 1.3801548165803014e-05,
    "beta_1": 0.571015037593985,
    "alpha_1": 0.9409203614347946,
    "epsilon_1": -0.07576374102763574,
    "gamma_1": 0.453551912568306,
    "epsilon_prime_1": -0.024058712354657143,
    "f2": 3.801532486630836e-12,
    "g2": 2.7764795262076655e-12,
    "h2": 1.9998341891013606e-12,
    "t2": 1.4221985056708416e-12,
    "beta_2": 0.7202769443190858,
    "alpha_2": 0.7303579637874834,
    "epsilon_2": -0.002064787120033237,
    "gamma_2": 0.7111582117265014,
    "epsilon_prime_2": -0.0018676922177582602,
    "f3": 8.155928619299687e-34,
    "g3": 5.908706318400063e-34,
    "h3": 4.280598075026323e-34,
    "t3": 3.1010556505386502e-34,
    "beta_3": 0.7244560559214605,
    "alpha_3": 0.7244676350425707,
    "epsilon_3": -2.3716272153569698e-06,
    "gamma_3": 0.7244444809314597,
    "epsilon_prime_3": -2.3707810844820996e-06,
    "f4": 7.968018693762299e-99,
    "g4": 5.772517073976247e-99,
    "h4": 4.1819622479912506e-99,
    "t4": 3.029667650889498e-99,
    "beta_4": 0.724460784506717,
    "alpha_4": 0.72446078452291,
    "epsilon_4": -3.3166254214230133e-12,
    "gamma_4": 0.7244607844905243,
    "epsilon_prime_4": -3.3165799424075466e-12,
    "f5": 7.429774998402045e-294,
    "g5": 5.3825806240998645e-294,
    "h5": 3.8994685816416346e-294,
    "t5": 2.8250120678411776e-294,
    "beta_5": 0.7244607845133295,
    "alpha_5": 0.7244607845133292,
    "epsilon_5": 6.821852319985903e-17,
    "gamma_5": 0.7244607845133292,
    "epsilon_prime_5": -6.821852319985903e-17
}