{
    "f0": 0.004096000000000002,
    "g0": 0.02150400000000001,
    "h0": 0,
    "t0": 0,
    "f1": 3.916795425587205e-05,
    "g1": 3.776886865920005e-05,
    "h1": 2.178192664166403e-05,
    "t1": 9.943923032064013e-06,
    "alpha_1": 5.249999999999999,
    "beta_1": 0.0,
    "gamma_1": 9999,
    "epsilon_1": -1.0,
    "epsilon_prime_1": 1904.5714285714291,
    "f2": 1.311934174705006e-12,
    "g2": 9.738059935512632e-13,
    "h2": 7.122042265439039e-13,
    "t2": 5.138899735545324e-13,
    "alpha_2": 0.9642798399035036,
    "beta_2": 0.5767164179104477,
    "gamma_2": 0.45652173913043476,
    "epsilon_2": -0.07382160418915353,
    "epsilon_prime_2": -0.02289422452952628,
    "f3": 3.449526213372896e-35,
    "g3": 2.53836522180986e-35,
    "h3": 1.8678449406909822e-35,
    "t3": 1.3744203830183887e-35,
    "alpha_3": 0.7422674188438056,
    "beta_3": 0.7313615147783663,
    "gamma_3": 0.7215486154136908,
    "epsilon_3": -0.0020773150600836847,
    "epsilon_prime_3": -0.0018691236885096296,
    "f4": 6.198307124201216e-103,
    "g4": 4.561030946476907e-103,
    "h4": 3.3562395146374085e-103,
    "t4": 2.469692447050863e-103,
    "alpha_4": 0.7358590904366209,
    "beta_4": 0.7358456240427075,
    "gamma_4": 0.7358321630862688,
    "epsilon_4": -2.5650274120798895e-06,
    "epsilon_prime_4": -2.563991702614608e-06,
    "f5": 3.595900601865998e-306,
    "g5": 2.646047315280391e-306,
    "h5": 1.9470967554190147e-306,
    "t5": 1.4327732361662313e-306,
    "alpha_5": 0.7358510727337819,
    "beta_5": 0.7358510727119446,
    "gamma_5": 0.7358510726901076,
    "epsilon_5": -4.159487569192304e-12,
    "epsilon_prime_5": -4.1594241278766115e-12,
    "f6": 0.0,
    "g6": 0.0,
    "h6": 0.0,
    "t6": 0.0,
    "alpha_6": 0.7358510727207794,
    "beta_6": 0.7358510727207797,
    "gamma_6": 0.7358510727207795,
    "epsilon_6": 4.2294210461910735e-17,
    "epsilon_prime_6": -2.1147105230955368e-17,
    "f7": 0.0,
    "g7": 0.0,
    "h7": 0.0,
    "t7": 0.0,
    "alpha_7": NaN,
    "beta_7": NaN,
    "gamma_7": NaN,
    "epsilon_7": NaN,
    "epsilon_prime_7": NaN,
    "f8": 0.0,
    "g8": 0.0,
    "h8": 0.0,
    "t8": 0.0,
    "alpha_8": NaN,
    "beta_8": NaN,
    "gamma_8": NaN,
    "epsilon_8": NaN,
    "epsilon_prime_8": NaN,
    "f9": 0.0,
    "g9": 0.0,
    "h9": 0.0,
    "t9": 0.0,
    "alpha_9": NaN,
    "beta_9": NaN,
    "gamma_9": NaN,
    "epsilon_9": NaN,
    "epsilon_prime_9": NaN,
    "f10": 0.0,
    "g10": 0.0,
    "h10": 0.0,
    "t10": 0.0,
    "alpha_10": NaN,
    "beta_10": NaN,
    "gamma_10": NaN,
    "epsilon_10": NaN,
    "epsilon_prime_10": NaN,
    "f11": 0.0,
    "g11": 0.0,
    "h11": 0.0,
    "t11": 0.0,
    "alpha_11": NaN,
    "beta_11": NaN,
    "gamma_11": NaN,
    "epsilon_11": NaN,
    "epsilon_prime_11": NaN,
    "f12": 0.0,
    "g12": 0.0,
    "h12": 0.0,
    "t12": 0.0,
    "alpha_12": NaN,
    "beta_12": NaN,
    "gamma_12": NaN,
    "epsilon_12": NaN,
    "epsilon_prime_12": NaN,
    "f13": 0.0,
    "g13": 0.0,
    "h13": 0.0,
    "t13": 0.0,
    "alpha_13": NaN,
    "beta_13": NaN,
    "gamma_13": NaN,
    "epsilon_13": NaN,
    "epsilon_prime_13": NaN,
    "f14": 0.0,
    "g14": 0.0,
    "h14": 0.0,
    "t14": 0.0,
    "alpha_14": NaN,
    "beta_14": NaN,
    "gamma_14": NaN,
    "epsilon_14": NaN,
    "epsilon_prime_14": NaN,
    "f15": 0.0,
    "g15": 0.0,
    "h15": 0.0,
    "t15": 0.0,
    "alpha_15": NaN,
    "beta_15": NaN,
    "gamma_15": NaN,
    "epsilon_15": NaN,
    "epsilon_prime_15": NaN,
    "f16": 0.0,
    "g16": 0.0,
    "h16": 0.0,
    "t16": 0.0,
    "alpha_16": NaN,
    "beta_16": NaN,
    "gamma_16": NaN,
    "epsilon_16": NaN,
    "epsilon_prime_16": NaN,
    "f17": 0.0,
    "g17": 0.0,
    "h17": 0.0,
    "t17": 0.0,
    "alpha_17": NaN,
    "beta_17": NaN,
    "gamma_17": NaN,
    "epsilon_17": NaN,
    "epsilon_prime_17": NaN,
    "f18": 0.0,
    "g18": 0.0,
    "h18": 0.0,
    "t18": 0.0,
    "alpha_18": NaN,
    "beta_18": NaN,
    "gamma_18": NaN,
    "epsilon_18": NaN,
    "epsilon_prime_18": NaN,
    "f19": 0.0,
    "g19": 0.0,
    "h19": 0.0,
    "t19": 0.0,
    "alpha_19": NaN,
    "beta_19": NaN,
    "gamma_19": NaN,
    "epsilon_19": NaN,
    "epsilon_prime_19": NaN,
    "f20": 0.0,
    "g20": 0.0,
    "h20": 0.0,
    "t20": 0.0,
    "alpha_20": NaN,
    "beta_20": NaN,
    "gamma_20": NaN,
    "epsilon_20": NaN,
    "epsilon_prime_20": NaN
}