{
    "f1": 1.1510512353280018e-06,
    "g1": 4.5097156608000055e-06,
    "h1": 5.682241732608007e-06,
    "t1": 1.988784606412802e-05,
    "alpha_1": 3.917910447761193,
    "epsilon_1": 0.0,
    "beta_1": 1.26,
    "gamma_1": 3.499999999999999,
    "epsilon_prime_1": -0.42666666666666664,
    "f2": 6.310556965179193e-16,
    "g2": 1.3951910567702054e-15,
    "h2": 3.103264344573079e-15,
    "t2": 6.733711087522824e-15,
    "alpha_2": 2.210884181013946,
    "epsilon_2": 0.0,
    "beta_2": 2.2242576237242906,
    "gamma_2": 2.1698799521537993,
    "epsilon_prime_2": 0.010357651727712637,
    "f3": 4.0173018567363875e-44,
    "g3": 8.8802296286983e-44,
    "h3": 1.9629574740940935e-43,
    "t3": 4.339049071644691e-43,
    "alpha_3": 2.210495985958223,
    "epsilon_3": 0.0,
    "beta_3": 2.2104805350420107,
    "gamma_3": 2.2104651419650168,
    "epsilon_prime_3": 2.932014665512655e-06,
    "f4": 1.0328521897381395e-128,
    "g4": 2.2831026147677742e-128,
    "h4": 5.04676041867983e-128,
    "t4": 1.1155780103181122e-127,
    "alpha_4": 2.2104833948666096,
    "epsilon_4": 0.0,
    "beta_4": 2.210483394848707,
    "gamma_4": 2.2104833948308045,
    "epsilon_prime_4": 3.410013012702015e-12,
    "f5": 0.0,
    "g5": 0.0,
    "h5": 0.0,
    "t5": 0.0,
    "alpha_5": 9999,
    "epsilon_5": 0.0,
    "beta_5": 9999,
    "gamma_5": 9999,
    "epsilon_prime_5": 0.0
}