{
    "f0": 0.004095999999999994,
    "g0": 0.02150399999999998,
    "h0": 0,
    "t0": 0,
    "f1": 0.0005798322486212251,
    "g1": 0.0010149543155534503,
    "h1": 1.9520586721577513e-06,
    "t1": 1.02483080288282e-05,
    "alpha_1": 5.2500000000000036,
    "beta_1": 0.0,
    "gamma_1": 9999,
    "epsilon_1": -1.0,
    "epsilon_prime_1": 1904.5714285714273,
    "f2": 2.439735425189543e-07,
    "g2": 2.1401737008813414e-07,
    "h2": 1.6414412136000103e-09,
    "t2": 2.1562658550055623e-09,
    "alpha_2": 1.7504275037597439,
    "beta_2": 0.0019232970807097874,
    "gamma_2": 5.250000000000003,
    "epsilon_2": -0.3330484203198158,
    "epsilon_prime_2": 0.9996336576989122,
    "f3": 5.718197588675479e-18,
    "g3": 2.0458738363878574e-18,
    "h3": 4.9905338556645006e-20,
    "t3": 2.0480867528186355e-20,
    "alpha_3": 0.8772154877060374,
    "beta_3": 0.007669663508733198,
    "gamma_3": 1.3136418393421707,
    "epsilon_3": -0.16562777603758164,
    "epsilon_prime_3": 0.2487566049206546,
    "f4": 1.397281191799677e-50,
    "g4": 2.081638117698737e-51,
    "h4": 1.3317820596775317e-52,
    "t4": 2.0521705545139814e-53,
    "alpha_4": 0.35778299099694955,
    "beta_4": 0.02439316524266061,
    "gamma_4": 0.41039432093902267,
    "epsilon_4": -0.06350282395319785,
    "epsilon_prime_4": 0.07352402965644987,
    "f5": 4.119421071222928e-149,
    "g5": 4.137745403361828e-150,
    "h5": 4.003279282871539e-151,
    "t5": 4.02697172439507e-152,
    "alpha_5": 0.14897775264673954,
    "beta_5": 0.06397759765995371,
    "gamma_5": 0.15409207081606727,
    "epsilon_5": -0.016190505711768718,
    "epsilon_prime_5": 0.01716466155354543,
    "f6": 0.0,
    "g6": 0.0,
    "h6": 0.0,
    "t6": 0.0,
    "alpha_6": 0.10044482784891567,
    "beta_6": 0.09675025630187302,
    "gamma_6": 0.10059182584699754,
    "epsilon_6": -0.00070372791372241,
    "epsilon_prime_6": 0.0007317275324046697,
    "f7": 0.0,
    "g7": 0.0,
    "h7": 0.0,
    "t7": 0.0,
    "alpha_7": NaN,
    "beta_7": NaN,
    "gamma_7": NaN,
    "epsilon_7": NaN,
    "epsilon_prime_7": NaN,
    "f8": 0.0,
    "g8": 0.0,
    "h8": 0.0,
    "t8": 0.0,
    "alpha_8": NaN,
    "beta_8": NaN,
    "gamma_8": NaN,
    "epsilon_8": NaN,
    "epsilon_prime_8": NaN,
    "f9": 0.0,
    "g9": 0.0,
    "h9": 0.0,
    "t9": 0.0,
    "alpha_9": NaN,
    "beta_9": NaN,
    "gamma_9": NaN,
    "epsilon_9": NaN,
    "epsilon_prime_9": NaN,
    "f10": 0.0,
    "g10": 0.0,
    "h10": 0.0,
    "t10": 0.0,
    "alpha_10": NaN,
    "beta_10": NaN,
    "gamma_10": NaN,
    "epsilon_10": NaN,
    "epsilon_prime_10": NaN,
    "f11": 0.0,
    "g11": 0.0,
    "h11": 0.0,
    "t11": 0.0,
    "alpha_11": NaN,
    "beta_11": NaN,
    "gamma_11": NaN,
    "epsilon_11": NaN,
    "epsilon_prime_11": NaN,
    "f12": 0.0,
    "g12": 0.0,
    "h12": 0.0,
    "t12": 0.0,
    "alpha_12": NaN,
    "beta_12": NaN,
    "gamma_12": NaN,
    "epsilon_12": NaN,
    "epsilon_prime_12": NaN,
    "f13": 0.0,
    "g13": 0.0,
    "h13": 0.0,
    "t13": 0.0,
    "alpha_13": NaN,
    "beta_13": NaN,
    "gamma_13": NaN,
    "epsilon_13": NaN,
    "epsilon_prime_13": NaN,
    "f14": 0.0,
    "g14": 0.0,
    "h14": 0.0,
    "t14": 0.0,
    "alpha_14": NaN,
    "beta_14": NaN,
    "gamma_14": NaN,
    "epsilon_14": NaN,
    "epsilon_prime_14": NaN,
    "f15": 0.0,
    "g15": 0.0,
    "h15": 0.0,
    "t15": 0.0,
    "alpha_15": NaN,
    "beta_15": NaN,
    "gamma_15": NaN,
    "epsilon_15": NaN,
    "epsilon_prime_15": NaN,
    "f16": 0.0,
    "g16": 0.0,
    "h16": 0.0,
    "t16": 0.0,
    "alpha_16": NaN,
    "beta_16": NaN,
    "gamma_16": NaN,
    "epsilon_16": NaN,
    "epsilon_prime_16": NaN,
    "f17": 0.0,
    "g17": 0.0,
    "h17": 0.0,
    "t17": 0.0,
    "alpha_17": NaN,
    "beta_17": NaN,
    "gamma_17": NaN,
    "epsilon_17": NaN,
    "epsilon_prime_17": NaN,
    "f18": 0.0,
    "g18": 0.0,
    "h18": 0.0,
    "t18": 0.0,
    "alpha_18": NaN,
    "beta_18": NaN,
    "gamma_18": NaN,
    "epsilon_18": NaN,
    "epsilon_prime_18": NaN,
    "f19": 0.0,
    "g19": 0.0,
    "h19": 0.0,
    "t19": 0.0,
    "alpha_19": NaN,
    "beta_19": NaN,
    "gamma_19": NaN,
    "epsilon_19": NaN,
    "epsilon_prime_19": NaN,
    "f20": 0.0,
    "g20": 0.0,
    "h20": 0.0,
    "t20": 0.0,
    "alpha_20": NaN,
    "beta_20": NaN,
    "gamma_20": NaN,
    "epsilon_20": NaN,
    "epsilon_prime_20": NaN
}