{
    "f0": 0.004096000000000002,
    "g0": 0.02150400000000001,
    "h0": 0,
    "t0": 0,
    "f1": 3.916795425587205e-05,
    "g1": 3.776886865920005e-05,
    "h1": 2.178192664166403e-05,
    "t1": 9.943923032064013e-06,
    "beta_1": 0.5767164179104477,
    "alpha_1": 0.9642798399035036,
    "epsilon_1": -0.07382160418915353,
    "gamma_1": 0.45652173913043476,
    "epsilon_prime_1": -0.02289422452952628,
    "f2": 1.311934174705006e-12,
    "g2": 9.738059935512632e-13,
    "h2": 7.122042265439039e-13,
    "t2": 5.138899735545324e-13,
    "beta_2": 0.7313615147783663,
    "alpha_2": 0.7422674188438056,
    "epsilon_2": -0.0020773150600836847,
    "gamma_2": 0.7215486154136908,
    "epsilon_prime_2": -0.0018691236885096296,
    "f3": 3.449526213372896e-35,
    "g3": 2.53836522180986e-35,
    "h3": 1.8678449406909822e-35,
    "t3": 1.3744203830183887e-35,
    "beta_3": 0.7358456240427075,
    "alpha_3": 0.7358590904366209,
    "epsilon_3": -2.5650274120798895e-06,
    "gamma_3": 0.7358321630862688,
    "epsilon_prime_3": -2.563991702614608e-06,
    "f4": 6.198307124201216e-103,
    "g4": 4.561030946476907e-103,
    "h4": 3.3562395146374085e-103,
    "t4": 2.469692447050863e-103,
    "beta_4": 0.7358510727119446,
    "alpha_4": 0.7358510727337819,
    "epsilon_4": -4.159487569192304e-12,
    "gamma_4": 0.7358510726901076,
    "epsilon_prime_4": -4.1594241278766115e-12,
    "f5": 3.595900601865998e-306,
    "g5": 2.646047315280391e-306,
    "h5": 1.9470967554190147e-306,
    "t5": 1.4327732361662313e-306,
    "beta_5": 0.7358510727207797,
    "alpha_5": 0.7358510727207794,
    "epsilon_5": 4.2294210461910735e-17,
    "gamma_5": 0.7358510727207795,
    "epsilon_prime_5": -2.1147105230955368e-17
}