{
    "f0": 0.0033750000000000017,
    "g0": 0.019125000000000003,
    "h0": 0,
    "t0": 0,
    "f1": 2.6446183593750016e-05,
    "g1": 2.6141484375000012e-05,
    "h1": 1.5224994140625007e-05,
    "t1": 6.995267578125003e-06,
    "beta_1": 0.5824074074074074,
    "alpha_1": 0.9884785183589964,
    "epsilon_1": -0.0716596078149863,
    "gamma_1": 0.45945945945945943,
    "epsilon_prime_1": -0.021696696696696702,
    "f2": 4.2167938505697035e-13,
    "g2": 3.1811283083237427e-13,
    "h2": 2.3623074521206816e-13,
    "t2": 1.7293185271012259e-13,
    "beta_2": 0.7426004936485794,
    "alpha_2": 0.75439502642368,
    "epsilon_2": -0.002081388136782453,
    "gamma_2": 0.7320463411944066,
    "epsilon_prime_2": -0.0018624974919128465,
    "f3": 1.1789470241852578e-36,
    "g3": 8.811756571311241e-37,
    "h3": 6.585998079187751e-37,
    "t3": 4.92234013736011e-37,
    "beta_3": 0.7474103518281503,
    "alpha_3": 0.7474259988400103,
    "epsilon_3": -2.7612373870526436e-06,
    "gamma_3": 0.7473947119594637,
    "epsilon_prime_3": -2.759976827043327e-06,
    "f4": 2.5445722391708554e-107,
    "g4": 1.9018555930654175e-107,
    "h4": 1.4214784870523405e-107,
    "t4": 1.062436652099511e-107,
    "beta_4": 0.74741662418291,
    "alpha_4": 0.7474166242123014,
    "epsilon_4": -5.1867138035491105e-12,
    "gamma_4": 0.7474166241535184,
    "epsilon_prime_4": -5.186752987891156e-12,
    "f5": 2.5584e-319,
    "g5": 1.9121e-319,
    "h5": 1.42923e-319,
    "t5": 1.0681e-319,
    "beta_5": 0.74747422547221,
    "alpha_5": 0.747368827607516,
    "epsilon_5": 1.8599623181292383e-05,
    "gamma_5": 0.7473382190265486,
    "epsilon_prime_5": -2.40011374696523e-05
}