{
    "f1": 6.919804687500008e-07,
    "g1": 2.9046093750000025e-06,
    "h1": 3.703376953125003e-06,
    "t1": 1.3990535156250011e-05,
    "alpha_1": 4.19753086419753,
    "epsilon_1": 0.0,
    "beta_1": 1.275,
    "gamma_1": 3.7777777777777777,
    "epsilon_prime_1": -0.44166666666666676,
    "f2": 1.6021111958472123e-16,
    "g2": 3.682527275065945e-16,
    "h2": 8.551686330979802e-16,
    "t2": 1.929156347443111e-15,
    "alpha_2": 2.2985466206161727,
    "epsilon_2": 0.0,
    "beta_2": 2.3222329916963513,
    "gamma_2": 2.2558782826896313,
    "epsilon_prime_2": 0.011709654530597654,
    "f3": 7.248097065918321e-46,
    "g3": 1.6690581235773336e-45,
    "h3": 3.8434073098595125e-45,
    "t3": 8.85031910223274e-45,
    "alpha_3": 2.3027535481354193,
    "epsilon_3": 0.0,
    "beta_3": 2.302740243474471,
    "gamma_3": 2.3027273428785366,
    "epsilon_prime_3": 2.2765757530893984e-06,
    "f4": 6.70680148719325e-134,
    "g4": 1.5444038065497484e-133,
    "h4": 3.556364568456061e-133,
    "t4": 8.189392495707225e-133,
    "alpha_4": 2.302742685166414,
    "epsilon_4": 0.0,
    "beta_4": 2.3027426851537633,
    "gamma_4": 2.3027426851411126,
    "epsilon_prime_4": 2.2324887037056593e-12,
    "f5": 0.0,
    "g5": 0.0,
    "h5": 0.0,
    "t5": 0.0,
    "alpha_5": 9999,
    "epsilon_5": 0.0,
    "beta_5": 9999,
    "gamma_5": 9999,
    "epsilon_prime_5": 0.0
}