{
    "f0": 0.0033750000000000017,
    "g0": 0.019125000000000003,
    "h0": 0,
    "t0": 0,
    "f1": 0.0003778966707362888,
    "g1": 0.0007139544984973707,
    "h1": 1.2722459616829462e-06,
    "t1": 7.209393782870025e-06,
    "alpha_1": 5.666666666666664,
    "beta_1": 0.0,
    "gamma_1": 9999,
    "epsilon_1": -0.9999999999999998,
    "epsilon_prime_1": 1764.5294117647063,
    "f2": 7.867031198737665e-08,
    "g2": 7.446124189755418e-08,
    "h2": 5.293571861997614e-10,
    "t2": 7.504827144048096e-10,
    "alpha_2": 1.889284965401551,
    "beta_2": 0.0017819706498951788,
    "gamma_2": 5.666666666666664,
    "epsilon_2": -0.3330887637797041,
    "epsilon_prime_2": 0.9996855345911948,
    "f3": 2.2310239420461477e-19,
    "g3": 8.58933030477713e-20,
    "h3": 1.947957547566589e-21,
    "t3": 8.6093551927976e-22,
    "alpha_3": 0.9464973509893052,
    "beta_3": 0.007109164079321501,
    "gamma_3": 1.4177246176490046,
    "epsilon_3": -0.16577438592529128,
    "epsilon_prime_3": 0.24893213886523824,
    "f4": 9.581503854664086e-55,
    "g4": 1.5068899353821663e-55,
    "h4": 9.143949269974199e-57,
    "t4": 1.489981393397072e-57,
    "alpha_4": 0.3849949856163159,
    "beta_4": 0.022678805895765736,
    "gamma_4": 0.44196831720242086,
    "epsilon_4": -0.06393814936245004,
    "epsilon_prime_4": 0.07399226670117445,
    "f5": 1.4622607855200721e-161,
    "g5": 1.481964504088531e-162,
    "h5": 1.424646651813949e-163,
    "t5": 1.4465997471865355e-164,
    "alpha_5": 0.15727071222213643,
    "beta_5": 0.06068093664488627,
    "gamma_5": 0.16294725062503287,
    "epsilon_5": -0.017045254513632382,
    "epsilon_prime_5": 0.01804699658473176,
    "f6": 0.0,
    "g6": 0.0,
    "h6": 0.0,
    "t6": 0.0,
    "alpha_6": 0.1013474832098059,
    "beta_6": 0.09613230599542363,
    "gamma_6": 0.10154095019594049,
    "epsilon_6": -0.0009203253907733408,
    "epsilon_prime_6": 0.0009544666236206221,
    "f7": 0.0,
    "g7": 0.0,
    "h7": 0.0,
    "t7": 0.0,
    "alpha_7": NaN,
    "beta_7": NaN,
    "gamma_7": NaN,
    "epsilon_7": NaN,
    "epsilon_prime_7": NaN,
    "f8": 0.0,
    "g8": 0.0,
    "h8": 0.0,
    "t8": 0.0,
    "alpha_8": NaN,
    "beta_8": NaN,
    "gamma_8": NaN,
    "epsilon_8": NaN,
    "epsilon_prime_8": NaN,
    "f9": 0.0,
    "g9": 0.0,
    "h9": 0.0,
    "t9": 0.0,
    "alpha_9": NaN,
    "beta_9": NaN,
    "gamma_9": NaN,
    "epsilon_9": NaN,
    "epsilon_prime_9": NaN,
    "f10": 0.0,
    "g10": 0.0,
    "h10": 0.0,
    "t10": 0.0,
    "alpha_10": NaN,
    "beta_10": NaN,
    "gamma_10": NaN,
    "epsilon_10": NaN,
    "epsilon_prime_10": NaN,
    "f11": 0.0,
    "g11": 0.0,
    "h11": 0.0,
    "t11": 0.0,
    "alpha_11": NaN,
    "beta_11": NaN,
    "gamma_11": NaN,
    "epsilon_11": NaN,
    "epsilon_prime_11": NaN,
    "f12": 0.0,
    "g12": 0.0,
    "h12": 0.0,
    "t12": 0.0,
    "alpha_12": NaN,
    "beta_12": NaN,
    "gamma_12": NaN,
    "epsilon_12": NaN,
    "epsilon_prime_12": NaN,
    "f13": 0.0,
    "g13": 0.0,
    "h13": 0.0,
    "t13": 0.0,
    "alpha_13": NaN,
    "beta_13": NaN,
    "gamma_13": NaN,
    "epsilon_13": NaN,
    "epsilon_prime_13": NaN,
    "f14": 0.0,
    "g14": 0.0,
    "h14": 0.0,
    "t14": 0.0,
    "alpha_14": NaN,
    "beta_14": NaN,
    "gamma_14": NaN,
    "epsilon_14": NaN,
    "epsilon_prime_14": NaN,
    "f15": 0.0,
    "g15": 0.0,
    "h15": 0.0,
    "t15": 0.0,
    "alpha_15": NaN,
    "beta_15": NaN,
    "gamma_15": NaN,
    "epsilon_15": NaN,
    "epsilon_prime_15": NaN,
    "f16": 0.0,
    "g16": 0.0,
    "h16": 0.0,
    "t16": 0.0,
    "alpha_16": NaN,
    "beta_16": NaN,
    "gamma_16": NaN,
    "epsilon_16": NaN,
    "epsilon_prime_16": NaN,
    "f17": 0.0,
    "g17": 0.0,
    "h17": 0.0,
    "t17": 0.0,
    "alpha_17": NaN,
    "beta_17": NaN,
    "gamma_17": NaN,
    "epsilon_17": NaN,
    "epsilon_prime_17": NaN,
    "f18": 0.0,
    "g18": 0.0,
    "h18": 0.0,
    "t18": 0.0,
    "alpha_18": NaN,
    "beta_18": NaN,
    "gamma_18": NaN,
    "epsilon_18": NaN,
    "epsilon_prime_18": NaN,
    "f19": 0.0,
    "g19": 0.0,
    "h19": 0.0,
    "t19": 0.0,
    "alpha_19": NaN,
    "beta_19": NaN,
    "gamma_19": NaN,
    "epsilon_19": NaN,
    "epsilon_prime_19": NaN,
    "f20": 0.0,
    "g20": 0.0,
    "h20": 0.0,
    "t20": 0.0,
    "alpha_20": NaN,
    "beta_20": NaN,
    "gamma_20": NaN,
    "epsilon_20": NaN,
    "epsilon_prime_20": NaN
}