{
    "f0": 0.0033750000000000017,
    "g0": 0.019125000000000003,
    "h0": 0,
    "t0": 0,
    "f1": 2.6446183593750016e-05,
    "g1": 2.6141484375000012e-05,
    "h1": 1.5224994140625007e-05,
    "t1": 6.995267578125003e-06,
    "alpha_1": 5.666666666666664,
    "beta_1": 0.0,
    "gamma_1": 9999,
    "epsilon_1": -0.9999999999999998,
    "epsilon_prime_1": 1764.5294117647063,
    "f2": 4.2167938505697035e-13,
    "g2": 3.1811283083237427e-13,
    "h2": 2.3623074521206816e-13,
    "t2": 1.7293185271012259e-13,
    "alpha_2": 0.9884785183589964,
    "beta_2": 0.5824074074074074,
    "gamma_2": 0.45945945945945943,
    "epsilon_2": -0.0716596078149863,
    "epsilon_prime_2": -0.021696696696696702,
    "f3": 1.1789470241852578e-36,
    "g3": 8.811756571311241e-37,
    "h3": 6.585998079187751e-37,
    "t3": 4.92234013736011e-37,
    "alpha_3": 0.75439502642368,
    "beta_3": 0.7426004936485794,
    "gamma_3": 0.7320463411944066,
    "epsilon_3": -0.002081388136782453,
    "epsilon_prime_3": -0.0018624974919128465,
    "f4": 2.5445722391708554e-107,
    "g4": 1.9018555930654175e-107,
    "h4": 1.4214784870523405e-107,
    "t4": 1.062436652099511e-107,
    "alpha_4": 0.7474259988400103,
    "beta_4": 0.7474103518281503,
    "gamma_4": 0.7473947119594637,
    "epsilon_4": -2.7612373870526436e-06,
    "epsilon_prime_4": -2.759976827043327e-06,
    "f5": 2.5584e-319,
    "g5": 1.9121e-319,
    "h5": 1.42923e-319,
    "t5": 1.0681e-319,
    "alpha_5": 0.7474166242123014,
    "beta_5": 0.74741662418291,
    "gamma_5": 0.7474166241535184,
    "epsilon_5": -5.1867138035491105e-12,
    "epsilon_prime_5": -5.186752987891156e-12,
    "f6": 0.0,
    "g6": 0.0,
    "h6": 0.0,
    "t6": 0.0,
    "alpha_6": 0.747368827607516,
    "beta_6": 0.74747422547221,
    "gamma_6": 0.7473382190265486,
    "epsilon_6": 1.8599623181292383e-05,
    "epsilon_prime_6": -2.40011374696523e-05,
    "f7": 0.0,
    "g7": 0.0,
    "h7": 0.0,
    "t7": 0.0,
    "alpha_7": NaN,
    "beta_7": NaN,
    "gamma_7": NaN,
    "epsilon_7": NaN,
    "epsilon_prime_7": NaN,
    "f8": 0.0,
    "g8": 0.0,
    "h8": 0.0,
    "t8": 0.0,
    "alpha_8": NaN,
    "beta_8": NaN,
    "gamma_8": NaN,
    "epsilon_8": NaN,
    "epsilon_prime_8": NaN,
    "f9": 0.0,
    "g9": 0.0,
    "h9": 0.0,
    "t9": 0.0,
    "alpha_9": NaN,
    "beta_9": NaN,
    "gamma_9": NaN,
    "epsilon_9": NaN,
    "epsilon_prime_9": NaN,
    "f10": 0.0,
    "g10": 0.0,
    "h10": 0.0,
    "t10": 0.0,
    "alpha_10": NaN,
    "beta_10": NaN,
    "gamma_10": NaN,
    "epsilon_10": NaN,
    "epsilon_prime_10": NaN,
    "f11": 0.0,
    "g11": 0.0,
    "h11": 0.0,
    "t11": 0.0,
    "alpha_11": NaN,
    "beta_11": NaN,
    "gamma_11": NaN,
    "epsilon_11": NaN,
    "epsilon_prime_11": NaN,
    "f12": 0.0,
    "g12": 0.0,
    "h12": 0.0,
    "t12": 0.0,
    "alpha_12": NaN,
    "beta_12": NaN,
    "gamma_12": NaN,
    "epsilon_12": NaN,
    "epsilon_prime_12": NaN,
    "f13": 0.0,
    "g13": 0.0,
    "h13": 0.0,
    "t13": 0.0,
    "alpha_13": NaN,
    "beta_13": NaN,
    "gamma_13": NaN,
    "epsilon_13": NaN,
    "epsilon_prime_13": NaN,
    "f14": 0.0,
    "g14": 0.0,
    "h14": 0.0,
    "t14": 0.0,
    "alpha_14": NaN,
    "beta_14": NaN,
    "gamma_14": NaN,
    "epsilon_14": NaN,
    "epsilon_prime_14": NaN,
    "f15": 0.0,
    "g15": 0.0,
    "h15": 0.0,
    "t15": 0.0,
    "alpha_15": NaN,
    "beta_15": NaN,
    "gamma_15": NaN,
    "epsilon_15": NaN,
    "epsilon_prime_15": NaN,
    "f16": 0.0,
    "g16": 0.0,
    "h16": 0.0,
    "t16": 0.0,
    "alpha_16": NaN,
    "beta_16": NaN,
    "gamma_16": NaN,
    "epsilon_16": NaN,
    "epsilon_prime_16": NaN,
    "f17": 0.0,
    "g17": 0.0,
    "h17": 0.0,
    "t17": 0.0,
    "alpha_17": NaN,
    "beta_17": NaN,
    "gamma_17": NaN,
    "epsilon_17": NaN,
    "epsilon_prime_17": NaN,
    "f18": 0.0,
    "g18": 0.0,
    "h18": 0.0,
    "t18": 0.0,
    "alpha_18": NaN,
    "beta_18": NaN,
    "gamma_18": NaN,
    "epsilon_18": NaN,
    "epsilon_prime_18": NaN,
    "f19": 0.0,
    "g19": 0.0,
    "h19": 0.0,
    "t19": 0.0,
    "alpha_19": NaN,
    "beta_19": NaN,
    "gamma_19": NaN,
    "epsilon_19": NaN,
    "epsilon_prime_19": NaN,
    "f20": 0.0,
    "g20": 0.0,
    "h20": 0.0,
    "t20": 0.0,
    "alpha_20": NaN,
    "beta_20": NaN,
    "gamma_20": NaN,
    "epsilon_20": NaN,
    "epsilon_prime_20": NaN
}