{
    "f0": 0.0027440000000000008,
    "g0": 0.016856000000000003,
    "h0": 0,
    "t0": 0,
    "f1": 0.0002386617206605718,
    "g1": 0.0004887754870513112,
    "h1": 8.035031218047226e-07,
    "t1": 4.935804891086152e-06,
    "alpha_1": 6.142857142857142,
    "beta_1": 0.0,
    "gamma_1": 9999,
    "epsilon_1": -1.0,
    "epsilon_prime_1": 1627.7441860465117,
    "f2": 2.3283732350508093e-08,
    "g2": 2.3882207137220805e-08,
    "h2": 1.5668972714277624e-10,
    "t2": 2.4078358124969174e-10,
    "alpha_2": 2.047984426235051,
    "beta_2": 0.00164391043145822,
    "gamma_2": 6.1428571428571415,
    "epsilon_2": -0.33312520024709646,
    "epsilon_prime_2": 0.9997323866739486,
    "f3": 6.78994722481862e-21,
    "g3": 2.8258875388603097e-21,
    "h3": 5.930770742710992e-23,
    "t3": 2.8356867985778545e-23,
    "alpha_3": 1.0257035589356296,
    "beta_3": 0.006560939960133449,
    "gamma_3": 1.536690283660325,
    "epsilon_3": -0.16590693797275521,
    "epsilon_prime_3": 0.24909082339305444,
    "f4": 3.147995115835258e-59,
    "g4": 5.256855622614303e-60,
    "h4": 3.0077163478311093e-61,
    "t4": 5.2124367007286875e-62,
    "alpha_4": 0.41618696659837406,
    "beta_4": 0.02098728509593447,
    "gamma_4": 0.47813124492511483,
    "epsilon_4": -0.06433483187249017,
    "epsilon_prime_4": 0.07441878415823867,
    "f5": 5.775082753596314e-175,
    "g5": 5.9220095119992615e-176,
    "h5": 5.6401706109859755e-177,
    "t5": 5.797892641624611e-178,
    "alpha_5": 0.1669905901750264,
    "beta_5": 0.057215121809552995,
    "gamma_5": 0.17330213683505832,
    "epsilon_5": -0.01787042508275149,
    "epsilon_prime_5": 0.01889788616694273,
    "f6": 0.0,
    "g6": 0.0,
    "h6": 0.0,
    "t6": 0.0,
    "alpha_6": 0.10254414983597337,
    "beta_6": 0.09524082322998266,
    "gamma_6": 0.10279640531319076,
    "epsilon_6": -0.0011889136335333722,
    "epsilon_prime_6": 0.0012299784786617834,
    "f7": 0.0,
    "g7": 0.0,
    "h7": 0.0,
    "t7": 0.0,
    "alpha_7": NaN,
    "beta_7": NaN,
    "gamma_7": NaN,
    "epsilon_7": NaN,
    "epsilon_prime_7": NaN,
    "f8": 0.0,
    "g8": 0.0,
    "h8": 0.0,
    "t8": 0.0,
    "alpha_8": NaN,
    "beta_8": NaN,
    "gamma_8": NaN,
    "epsilon_8": NaN,
    "epsilon_prime_8": NaN,
    "f9": 0.0,
    "g9": 0.0,
    "h9": 0.0,
    "t9": 0.0,
    "alpha_9": NaN,
    "beta_9": NaN,
    "gamma_9": NaN,
    "epsilon_9": NaN,
    "epsilon_prime_9": NaN,
    "f10": 0.0,
    "g10": 0.0,
    "h10": 0.0,
    "t10": 0.0,
    "alpha_10": NaN,
    "beta_10": NaN,
    "gamma_10": NaN,
    "epsilon_10": NaN,
    "epsilon_prime_10": NaN,
    "f11": 0.0,
    "g11": 0.0,
    "h11": 0.0,
    "t11": 0.0,
    "alpha_11": NaN,
    "beta_11": NaN,
    "gamma_11": NaN,
    "epsilon_11": NaN,
    "epsilon_prime_11": NaN,
    "f12": 0.0,
    "g12": 0.0,
    "h12": 0.0,
    "t12": 0.0,
    "alpha_12": NaN,
    "beta_12": NaN,
    "gamma_12": NaN,
    "epsilon_12": NaN,
    "epsilon_prime_12": NaN,
    "f13": 0.0,
    "g13": 0.0,
    "h13": 0.0,
    "t13": 0.0,
    "alpha_13": NaN,
    "beta_13": NaN,
    "gamma_13": NaN,
    "epsilon_13": NaN,
    "epsilon_prime_13": NaN,
    "f14": 0.0,
    "g14": 0.0,
    "h14": 0.0,
    "t14": 0.0,
    "alpha_14": NaN,
    "beta_14": NaN,
    "gamma_14": NaN,
    "epsilon_14": NaN,
    "epsilon_prime_14": NaN,
    "f15": 0.0,
    "g15": 0.0,
    "h15": 0.0,
    "t15": 0.0,
    "alpha_15": NaN,
    "beta_15": NaN,
    "gamma_15": NaN,
    "epsilon_15": NaN,
    "epsilon_prime_15": NaN,
    "f16": 0.0,
    "g16": 0.0,
    "h16": 0.0,
    "t16": 0.0,
    "alpha_16": NaN,
    "beta_16": NaN,
    "gamma_16": NaN,
    "epsilon_16": NaN,
    "epsilon_prime_16": NaN,
    "f17": 0.0,
    "g17": 0.0,
    "h17": 0.0,
    "t17": 0.0,
    "alpha_17": NaN,
    "beta_17": NaN,
    "gamma_17": NaN,
    "epsilon_17": NaN,
    "epsilon_prime_17": NaN,
    "f18": 0.0,
    "g18": 0.0,
    "h18": 0.0,
    "t18": 0.0,
    "alpha_18": NaN,
    "beta_18": NaN,
    "gamma_18": NaN,
    "epsilon_18": NaN,
    "epsilon_prime_18": NaN,
    "f19": 0.0,
    "g19": 0.0,
    "h19": 0.0,
    "t19": 0.0,
    "alpha_19": NaN,
    "beta_19": NaN,
    "gamma_19": NaN,
    "epsilon_19": NaN,
    "epsilon_prime_19": NaN,
    "f20": 0.0,
    "g20": 0.0,
    "h20": 0.0,
    "t20": 0.0,
    "alpha_20": NaN,
    "beta_20": NaN,
    "gamma_20": NaN,
    "epsilon_20": NaN,
    "epsilon_prime_20": NaN
}