{
    "f0": 0.0027440000000000008,
    "g0": 0.016856000000000003,
    "h0": 0,
    "t0": 0,
    "f1": 1.737732577996801e-05,
    "g1": 1.761309061120001e-05,
    "h1": 1.0358051375616006e-05,
    "t1": 4.789206550016002e-06,
    "beta_1": 0.5880882352941177,
    "alpha_1": 1.0135673828192702,
    "epsilon_1": -0.06926404727153646,
    "gamma_1": 0.46236559139784944,
    "epsilon_prime_1": -0.020466476913345997,
    "f2": 1.2500969710895922e-13,
    "g2": 9.585138514708131e-14,
    "h2": 7.227191458370872e-14,
    "t2": 5.367304274370341e-14,
    "beta_2": 0.7539996889226948,
    "alpha_2": 0.7667515989862502,
    "epsilon_2": -0.002075892335927635,
    "gamma_2": 0.74265422540504,
    "epsilon_prime_2": -0.0018469359214786808,
    "f3": 3.162323102712889e-38,
    "g3": 2.400758747937728e-38,
    "h3": 1.8225540113768328e-38,
    "t3": 1.383572458581897e-38,
    "beta_3": 0.7591575009119189,
    "alpha_3": 0.7591756661038742,
    "epsilon_3": -2.9571242717929292e-06,
    "gamma_3": 0.7591393450867824,
    "epsilon_prime_3": -2.955599440831174e-06,
    "f4": 5.050854328337741e-112,
    "g4": 3.834430386290488e-112,
    "h4": 2.910964250949174e-112,
    "t4": 2.2099013454931947e-112,
    "beta_4": 0.7591647148835853,
    "alpha_4": 0.7591647149230725,
    "epsilon_4": -6.428147420041474e-12,
    "gamma_4": 0.7591647148440985,
    "epsilon_prime_4": -6.428075126449173e-12,
    "f5": 0.0,
    "g5": 0.0,
    "h5": 0.0,
    "t5": 0.0,
    "beta_5": 9999,
    "alpha_5": 9999,
    "epsilon_5": 0.0,
    "gamma_5": 9999,
    "epsilon_prime_5": 0.0
}