{
    "f1": 4.014146232320003e-07,
    "g1": 1.8131122688000011e-06,
    "h1": 2.3389148267520013e-06,
    "t1": 9.578413100032004e-06,
    "alpha_1": 4.516806722689075,
    "epsilon_1": 0.0,
    "beta_1": 1.29,
    "gamma_1": 4.095238095238095,
    "epsilon_prime_1": -0.45666666666666667,
    "f2": 3.695911825802135e-17,
    "g2": 8.845713618279228e-17,
    "h2": 2.150383593529044e-16,
    "t2": 5.051314242602716e-16,
    "alpha_2": 2.393377882157515,
    "epsilon_2": 0.0,
    "beta_2": 2.430989387996219,
    "gamma_2": 2.349029381456956,
    "epsilon_prime_2": 0.013342326645926526,
    "f3": 9.861855357192127e-48,
    "g3": 2.3707063615934023e-47,
    "h3": 5.69895149103403e-47,
    "t3": 1.3699680429655025e-46,
    "alpha_3": 2.4039151617291528,
    "epsilon_3": 0.0,
    "beta_3": 2.403904415730189,
    "gamma_3": 2.4038949008792714,
    "epsilon_prime_3": 1.548929219180724e-06,
    "f4": 1.8789561607379263e-139,
    "g4": 4.516834884636275e-139,
    "h4": 1.0858048634296704e-138,
    "t4": 2.6101733438476155e-138,
    "alpha_4": 2.403906476914485,
    "epsilon_4": 0.0,
    "beta_4": 2.403906476907018,
    "gamma_4": 2.4039064768995493,
    "epsilon_prime_4": 1.2158336353211273e-12,
    "f5": 0.0,
    "g5": 0.0,
    "h5": 0.0,
    "t5": 0.0,
    "alpha_5": 9999,
    "epsilon_5": 0.0,
    "beta_5": 9999,
    "gamma_5": 9999,
    "epsilon_prime_5": 0.0
}