{
    "f0": 0.002197,
    "g0": 0.014703,
    "h0": 0,
    "t0": 0,
    "f1": 0.00014538696986779746,
    "g1": 0.0003243735395568789,
    "h1": 4.894816187309273e-07,
    "t1": 3.2757616022762063e-06,
    "alpha_1": 6.6923076923076925,
    "beta_1": 0.0,
    "gamma_1": 9999,
    "epsilon_1": -1.0,
    "epsilon_prime_1": 1494.103448275862,
    "f2": 6.2463481272685386e-09,
    "g2": 6.977941461208286e-09,
    "h2": 4.203964722033594e-11,
    "t2": 7.037322757661801e-11,
    "alpha_2": 2.2311046158526904,
    "beta_2": 0.0015090060040026684,
    "gamma_2": 6.6923076923076925,
    "epsilon_2": -0.33315796469003384,
    "epsilon_prime_2": 0.9997745163442295,
    "f3": 1.5545132751906707e-22,
    "g3": 7.03066605519168e-23,
    "h3": 1.358287653892513e-24,
    "t3": 7.062273852345167e-25,
    "alpha_3": 1.1171233685721045,
    "beta_3": 0.006024648881628256,
    "gamma_3": 1.67397283825389,
    "epsilon_3": -0.1660262454709907,
    "epsilon_prime_3": 0.24923363749240696,
    "f4": 4.45034070900713e-64,
    "g4": 7.942368228181628e-65,
    "h4": 4.2564983910592133e-66,
    "t4": 7.89588548236149e-67,
    "alpha_4": 0.4522744300353,
    "beta_4": 0.019319473336235442,
    "gamma_4": 0.5199394864634495,
    "epsilon_4": -0.0646944188171016,
    "epsilon_prime_4": 0.07480528931785958,
    "f5": 1.840908162588362e-189,
    "g5": 1.9171889816106818e-190,
    "h5": 1.8020358221683784e-191,
    "t5": 1.8825814726934747e-192,
    "alpha_5": 0.1784665208240555,
    "beta_5": 0.053592307341732516,
    "gamma_5": 0.18550190219610607,
    "epsilon_5": -0.018659365232990794,
    "epsilon_prime_5": 0.019710629116170764,
    "f6": 0.0,
    "g6": 0.0,
    "h6": 0.0,
    "t6": 0.0,
    "alpha_6": 0.10414365151790446,
    "beta_6": 0.09399364587701937,
    "gamma_6": 0.10446970307328166,
    "epsilon_6": -0.0015166675095575415,
    "epsilon_prime_6": 0.0015653878569127548,
    "f7": 0.0,
    "g7": 0.0,
    "h7": 0.0,
    "t7": 0.0,
    "alpha_7": NaN,
    "beta_7": NaN,
    "gamma_7": NaN,
    "epsilon_7": NaN,
    "epsilon_prime_7": NaN,
    "f8": 0.0,
    "g8": 0.0,
    "h8": 0.0,
    "t8": 0.0,
    "alpha_8": NaN,
    "beta_8": NaN,
    "gamma_8": NaN,
    "epsilon_8": NaN,
    "epsilon_prime_8": NaN,
    "f9": 0.0,
    "g9": 0.0,
    "h9": 0.0,
    "t9": 0.0,
    "alpha_9": NaN,
    "beta_9": NaN,
    "gamma_9": NaN,
    "epsilon_9": NaN,
    "epsilon_prime_9": NaN,
    "f10": 0.0,
    "g10": 0.0,
    "h10": 0.0,
    "t10": 0.0,
    "alpha_10": NaN,
    "beta_10": NaN,
    "gamma_10": NaN,
    "epsilon_10": NaN,
    "epsilon_prime_10": NaN,
    "f11": 0.0,
    "g11": 0.0,
    "h11": 0.0,
    "t11": 0.0,
    "alpha_11": NaN,
    "beta_11": NaN,
    "gamma_11": NaN,
    "epsilon_11": NaN,
    "epsilon_prime_11": NaN,
    "f12": 0.0,
    "g12": 0.0,
    "h12": 0.0,
    "t12": 0.0,
    "alpha_12": NaN,
    "beta_12": NaN,
    "gamma_12": NaN,
    "epsilon_12": NaN,
    "epsilon_prime_12": NaN,
    "f13": 0.0,
    "g13": 0.0,
    "h13": 0.0,
    "t13": 0.0,
    "alpha_13": NaN,
    "beta_13": NaN,
    "gamma_13": NaN,
    "epsilon_13": NaN,
    "epsilon_prime_13": NaN,
    "f14": 0.0,
    "g14": 0.0,
    "h14": 0.0,
    "t14": 0.0,
    "alpha_14": NaN,
    "beta_14": NaN,
    "gamma_14": NaN,
    "epsilon_14": NaN,
    "epsilon_prime_14": NaN,
    "f15": 0.0,
    "g15": 0.0,
    "h15": 0.0,
    "t15": 0.0,
    "alpha_15": NaN,
    "beta_15": NaN,
    "gamma_15": NaN,
    "epsilon_15": NaN,
    "epsilon_prime_15": NaN,
    "f16": 0.0,
    "g16": 0.0,
    "h16": 0.0,
    "t16": 0.0,
    "alpha_16": NaN,
    "beta_16": NaN,
    "gamma_16": NaN,
    "epsilon_16": NaN,
    "epsilon_prime_16": NaN,
    "f17": 0.0,
    "g17": 0.0,
    "h17": 0.0,
    "t17": 0.0,
    "alpha_17": NaN,
    "beta_17": NaN,
    "gamma_17": NaN,
    "epsilon_17": NaN,
    "epsilon_prime_17": NaN,
    "f18": 0.0,
    "g18": 0.0,
    "h18": 0.0,
    "t18": 0.0,
    "alpha_18": NaN,
    "beta_18": NaN,
    "gamma_18": NaN,
    "epsilon_18": NaN,
    "epsilon_prime_18": NaN,
    "f19": 0.0,
    "g19": 0.0,
    "h19": 0.0,
    "t19": 0.0,
    "alpha_19": NaN,
    "beta_19": NaN,
    "gamma_19": NaN,
    "epsilon_19": NaN,
    "epsilon_prime_19": NaN,
    "f20": 0.0,
    "g20": 0.0,
    "h20": 0.0,
    "t20": 0.0,
    "alpha_20": NaN,
    "beta_20": NaN,
    "gamma_20": NaN,
    "epsilon_20": NaN,
    "epsilon_prime_20": NaN
}