{
    "f0": 0.002197,
    "g0": 0.014703,
    "h0": 0,
    "t0": 0,
    "f1": 1.1067844076146002e-05,
    "g1": 1.1506147294200003e-05,
    "h1": 6.831879939027002e-06,
    "t1": 3.1784682069270007e-06,
    "beta_1": 0.5937591240875912,
    "alpha_1": 1.0396014991753142,
    "epsilon_1": -0.06662012501310803,
    "gamma_1": 0.4652406417112299,
    "epsilon_prime_1": -0.019203911159686175,
    "f2": 3.377764745917254e-14,
    "g2": 2.63245635077582e-14,
    "h2": 2.0153168749039622e-14,
    "t2": 1.5182896932536673e-14,
    "beta_2": 0.7655651628601634,
    "alpha_2": 0.7793486369818096,
    "epsilon_2": -0.002059599581395403,
    "gamma_2": 0.7533751700094407,
    "epsilon_prime_2": -0.0018214931845907563,
    "f3": 6.423945975291811e-40,
    "g3": 4.953606085506824e-40,
    "h3": 3.819699419253003e-40,
    "t3": 2.945269552880803e-40,
    "beta_3": 0.7710947042052081,
    "alpha_3": 0.7711157759669366,
    "epsilon_3": -3.1486540513846435e-06,
    "gamma_3": 0.7710736447049523,
    "epsilon_prime_3": -3.146821877299144e-06,
    "f4": 4.355596875469036e-117,
    "g4": 3.358613791601348e-117,
    "h4": 2.5898371504239204e-117,
    "t4": 1.9970311805506225e-117,
    "beta_4": 0.77110299400906,
    "alpha_4": 0.7711029940620189,
    "epsilon_4": -7.91339280183117e-12,
    "gamma_4": 0.7711029939561012,
    "epsilon_prime_4": -7.91339280183117e-12,
    "f5": 0.0,
    "g5": 0.0,
    "h5": 0.0,
    "t5": 0.0,
    "beta_5": 9999,
    "alpha_5": 9999,
    "epsilon_5": 0.0,
    "gamma_5": 9999,
    "epsilon_prime_5": 0.0
}