{
    "f1": 2.2351021755400003e-07,
    "g1": 1.0918241958000002e-06,
    "h1": 1.4248305755190003e-06,
    "t1": 6.356936413854001e-06,
    "alpha_1": 4.8848961257720385,
    "epsilon_1": 0.0,
    "beta_1": 1.305,
    "gamma_1": 4.461538461538462,
    "epsilon_prime_1": -0.4716666666666668,
    "f2": 7.63927412311602e-18,
    "g2": 1.9070704666998513e-17,
    "h2": 4.868492755396178e-17,
    "t2": 1.1929635048380613e-16,
    "alpha_2": 2.4964027157098103,
    "epsilon_2": 0.0,
    "beta_2": 2.5528646373623576,
    "gamma_2": 2.4503754339899038,
    "epsilon_prime_2": 0.015314478664849423,
    "f3": 9.708014452903243e-50,
    "g3": 2.4421850871566352e-49,
    "h3": 6.143633905335099e-49,
    "t3": 1.545507847544656e-48,
    "alpha_3": 2.515638083363467,
    "epsilon_3": 0.0,
    "beta_3": 2.5156299322456155,
    "gamma_3": 2.5156249076015826,
    "epsilon_prime_3": 7.508088784714196e-07,
    "f4": 2.0073271232133657e-145,
    "g4": 5.049695999636934e-145,
    "h4": 1.2703175976567506e-144,
    "t4": 3.1956513798659594e-144,
    "alpha_4": 2.5156318276381824,
    "epsilon_4": 0.0,
    "beta_4": 2.51563182763494,
    "gamma_4": 2.515631827631698,
    "epsilon_prime_4": 4.844809100517126e-13,
    "f5": 0.0,
    "g5": 0.0,
    "h5": 0.0,
    "t5": 0.0,
    "alpha_5": 9999,
    "epsilon_5": 0.0,
    "beta_5": 9999,
    "gamma_5": 9999,
    "epsilon_prime_5": 0.0
}