{
    "f0": 0.002197,
    "g0": 0.014703,
    "h0": 0,
    "t0": 0,
    "f1": 1.1067844076146002e-05,
    "g1": 1.1506147294200003e-05,
    "h1": 6.831879939027002e-06,
    "t1": 3.1784682069270007e-06,
    "alpha_1": 6.6923076923076925,
    "beta_1": 0.0,
    "gamma_1": 9999,
    "epsilon_1": -1.0,
    "epsilon_prime_1": 1494.103448275862,
    "f2": 3.377764745917254e-14,
    "g2": 2.63245635077582e-14,
    "h2": 2.0153168749039622e-14,
    "t2": 1.5182896932536673e-14,
    "alpha_2": 1.0396014991753142,
    "beta_2": 0.5937591240875912,
    "gamma_2": 0.4652406417112299,
    "epsilon_2": -0.06662012501310803,
    "epsilon_prime_2": -0.019203911159686175,
    "f3": 6.423945975291811e-40,
    "g3": 4.953606085506824e-40,
    "h3": 3.819699419253003e-40,
    "t3": 2.945269552880803e-40,
    "alpha_3": 0.7793486369818096,
    "beta_3": 0.7655651628601634,
    "gamma_3": 0.7533751700094407,
    "epsilon_3": -0.002059599581395403,
    "epsilon_prime_3": -0.0018214931845907563,
    "f4": 4.355596875469036e-117,
    "g4": 3.358613791601348e-117,
    "h4": 2.5898371504239204e-117,
    "t4": 1.9970311805506225e-117,
    "alpha_4": 0.7711157759669366,
    "beta_4": 0.7710947042052081,
    "gamma_4": 0.7710736447049523,
    "epsilon_4": -3.1486540513846435e-06,
    "epsilon_prime_4": -3.146821877299144e-06,
    "f5": 0.0,
    "g5": 0.0,
    "h5": 0.0,
    "t5": 0.0,
    "alpha_5": 0.7711029940620189,
    "beta_5": 0.77110299400906,
    "gamma_5": 0.7711029939561012,
    "epsilon_5": -7.91339280183117e-12,
    "epsilon_prime_5": -7.91339280183117e-12,
    "f6": 0.0,
    "g6": 0.0,
    "h6": 0.0,
    "t6": 0.0,
    "alpha_6": NaN,
    "beta_6": NaN,
    "gamma_6": NaN,
    "epsilon_6": NaN,
    "epsilon_prime_6": NaN,
    "f7": 0.0,
    "g7": 0.0,
    "h7": 0.0,
    "t7": 0.0,
    "alpha_7": NaN,
    "beta_7": NaN,
    "gamma_7": NaN,
    "epsilon_7": NaN,
    "epsilon_prime_7": NaN,
    "f8": 0.0,
    "g8": 0.0,
    "h8": 0.0,
    "t8": 0.0,
    "alpha_8": NaN,
    "beta_8": NaN,
    "gamma_8": NaN,
    "epsilon_8": NaN,
    "epsilon_prime_8": NaN,
    "f9": 0.0,
    "g9": 0.0,
    "h9": 0.0,
    "t9": 0.0,
    "alpha_9": NaN,
    "beta_9": NaN,
    "gamma_9": NaN,
    "epsilon_9": NaN,
    "epsilon_prime_9": NaN,
    "f10": 0.0,
    "g10": 0.0,
    "h10": 0.0,
    "t10": 0.0,
    "alpha_10": NaN,
    "beta_10": NaN,
    "gamma_10": NaN,
    "epsilon_10": NaN,
    "epsilon_prime_10": NaN,
    "f11": 0.0,
    "g11": 0.0,
    "h11": 0.0,
    "t11": 0.0,
    "alpha_11": NaN,
    "beta_11": NaN,
    "gamma_11": NaN,
    "epsilon_11": NaN,
    "epsilon_prime_11": NaN,
    "f12": 0.0,
    "g12": 0.0,
    "h12": 0.0,
    "t12": 0.0,
    "alpha_12": NaN,
    "beta_12": NaN,
    "gamma_12": NaN,
    "epsilon_12": NaN,
    "epsilon_prime_12": NaN,
    "f13": 0.0,
    "g13": 0.0,
    "h13": 0.0,
    "t13": 0.0,
    "alpha_13": NaN,
    "beta_13": NaN,
    "gamma_13": NaN,
    "epsilon_13": NaN,
    "epsilon_prime_13": NaN,
    "f14": 0.0,
    "g14": 0.0,
    "h14": 0.0,
    "t14": 0.0,
    "alpha_14": NaN,
    "beta_14": NaN,
    "gamma_14": NaN,
    "epsilon_14": NaN,
    "epsilon_prime_14": NaN,
    "f15": 0.0,
    "g15": 0.0,
    "h15": 0.0,
    "t15": 0.0,
    "alpha_15": NaN,
    "beta_15": NaN,
    "gamma_15": NaN,
    "epsilon_15": NaN,
    "epsilon_prime_15": NaN,
    "f16": 0.0,
    "g16": 0.0,
    "h16": 0.0,
    "t16": 0.0,
    "alpha_16": NaN,
    "beta_16": NaN,
    "gamma_16": NaN,
    "epsilon_16": NaN,
    "epsilon_prime_16": NaN,
    "f17": 0.0,
    "g17": 0.0,
    "h17": 0.0,
    "t17": 0.0,
    "alpha_17": NaN,
    "beta_17": NaN,
    "gamma_17": NaN,
    "epsilon_17": NaN,
    "epsilon_prime_17": NaN,
    "f18": 0.0,
    "g18": 0.0,
    "h18": 0.0,
    "t18": 0.0,
    "alpha_18": NaN,
    "beta_18": NaN,
    "gamma_18": NaN,
    "epsilon_18": NaN,
    "epsilon_prime_18": NaN,
    "f19": 0.0,
    "g19": 0.0,
    "h19": 0.0,
    "t19": 0.0,
    "alpha_19": NaN,
    "beta_19": NaN,
    "gamma_19": NaN,
    "epsilon_19": NaN,
    "epsilon_prime_19": NaN,
    "f20": 0.0,
    "g20": 0.0,
    "h20": 0.0,
    "t20": 0.0,
    "alpha_20": NaN,
    "beta_20": NaN,
    "gamma_20": NaN,
    "epsilon_20": NaN,
    "epsilon_prime_20": NaN
}