{
    "f0": 0.0017279999999999997,
    "g0": 0.012672,
    "h0": 0,
    "t0": 0,
    "f1": 6.7992527831039985e-06,
    "g1": 7.252357939199999e-06,
    "h1": 4.347210498047999e-06,
    "t1": 2.0348644884479997e-06,
    "beta_1": 0.5994202898550725,
    "alpha_1": 1.066640433963855,
    "epsilon_1": -0.06371183783301582,
    "gamma_1": 0.46808510638297873,
    "epsilon_prime_1": -0.01790934320074005,
    "f2": 8.19653881649787e-15,
    "g2": 6.493284838852487e-15,
    "h2": 5.0472513945104486e-15,
    "t2": 3.857170816492549e-15,
    "beta_2": 0.7773032478585082,
    "alpha_2": 0.7921983881517038,
    "epsilon_2": -0.0020311554945266737,
    "gamma_2": 0.7642121453842641,
    "epsilon_prime_2": -0.0017851503373969315,
    "f3": 9.454991875852983e-42,
    "g3": 7.405664160083433e-42,
    "h3": 5.80033828795244e-42,
    "t3": 4.542857335153628e-42,
    "beta_3": 0.7832299929581323,
    "alpha_3": 0.7832544181234773,
    "epsilon_3": -3.330704365221073e-06,
    "gamma_3": 0.7832055838172998,
    "epsilon_prime_3": -3.328519204441478e-06,
    "f4": 1.4289202386730483e-122,
    "g4": 1.1191867895524899e-122,
    "h4": 8.765913141230326e-123,
    "t4": 6.865809524374639e-123,
    "beta_4": 0.7832395113183387,
    "alpha_4": 0.7832395113892507,
    "epsilon_4": -9.66982554634848e-12,
    "gamma_4": 0.7832395112474271,
    "epsilon_prime_4": -9.669764988728957e-12,
    "f5": 0.0,
    "g5": 0.0,
    "h5": 0.0,
    "t5": 0.0,
    "beta_5": 9999,
    "alpha_5": 9999,
    "epsilon_5": 0.0,
    "gamma_5": 9999,
    "epsilon_prime_5": 0.0
}