{
    "f0": 0.0017279999999999997,
    "g0": 0.012672,
    "h0": 0,
    "t0": 0,
    "f1": 8.493997372201351e-05,
    "g1": 0.00020765704462809913,
    "h1": 2.859752727272727e-07,
    "t1": 2.0971519999999995e-06,
    "alpha_1": 7.333333333333334,
    "beta_1": 0.0,
    "gamma_1": 9999,
    "epsilon_1": -1.0,
    "epsilon_prime_1": 1363.5,
    "f2": 1.4954727850402648e-09,
    "g2": 1.8301733042083276e-09,
    "h2": 1.0065876809421712e-11,
    "t2": 1.8462337751985454e-11,
    "alpha_2": 2.4447505164965877,
    "beta_2": 0.001377151799687011,
    "gamma_2": 7.333333333333333,
    "epsilon_2": -0.33318727700412276,
    "epsilon_prime_2": 0.9998122065727698,
    "f3": 2.559416730251221e-24,
    "g3": 1.2655755823398066e-24,
    "h3": 2.2370462917909242e-26,
    "t3": 1.2724356011261711e-26,
    "alpha_3": 1.2238091675864573,
    "beta_3": 0.005499958275140439,
    "gamma_3": 1.8341509737834871,
    "epsilon_3": -0.16613307399699773,
    "epsilon_prime_3": 0.24936150211477454,
    "f4": 2.3690237116418836e-69,
    "g4": 4.55175955766294e-70,
    "h4": 2.2679865771662915e-71,
    "t4": 4.536110421936151e-72,
    "alpha_4": 0.4944781236213859,
    "beta_4": 0.017676117673312362,
    "gamma_4": 0.5688016407150388,
    "epsilon_4": -0.06501845535655548,
    "epsilon_prime_4": 0.07515348041478087,
    "f5": 3.179981262403375e-205,
    "g5": 3.380165059673102e-206,
    "h5": 3.119571039971246e-207,
    "t5": 3.3289951823984975e-208,
    "alpha_5": 0.19213651325204686,
    "beta_5": 0.04982659010070314,
    "gamma_5": 0.20000605239929328,
    "epsilon_5": -0.01940589861154687,
    "epsilon_prime_5": 0.02047901758617138,
    "f6": 0.0,
    "g6": 0.0,
    "h6": 0.0,
    "t6": 0.0,
    "alpha_6": 0.10629512505738575,
    "beta_6": 0.09229049424802177,
    "gamma_6": 0.10671323524112411,
    "epsilon_6": -0.0019097223830950884,
    "epsilon_prime_6": 0.0019667374081503187,
    "f7": 0.0,
    "g7": 0.0,
    "h7": 0.0,
    "t7": 0.0,
    "alpha_7": NaN,
    "beta_7": NaN,
    "gamma_7": NaN,
    "epsilon_7": NaN,
    "epsilon_prime_7": NaN,
    "f8": 0.0,
    "g8": 0.0,
    "h8": 0.0,
    "t8": 0.0,
    "alpha_8": NaN,
    "beta_8": NaN,
    "gamma_8": NaN,
    "epsilon_8": NaN,
    "epsilon_prime_8": NaN,
    "f9": 0.0,
    "g9": 0.0,
    "h9": 0.0,
    "t9": 0.0,
    "alpha_9": NaN,
    "beta_9": NaN,
    "gamma_9": NaN,
    "epsilon_9": NaN,
    "epsilon_prime_9": NaN,
    "f10": 0.0,
    "g10": 0.0,
    "h10": 0.0,
    "t10": 0.0,
    "alpha_10": NaN,
    "beta_10": NaN,
    "gamma_10": NaN,
    "epsilon_10": NaN,
    "epsilon_prime_10": NaN,
    "f11": 0.0,
    "g11": 0.0,
    "h11": 0.0,
    "t11": 0.0,
    "alpha_11": NaN,
    "beta_11": NaN,
    "gamma_11": NaN,
    "epsilon_11": NaN,
    "epsilon_prime_11": NaN,
    "f12": 0.0,
    "g12": 0.0,
    "h12": 0.0,
    "t12": 0.0,
    "alpha_12": NaN,
    "beta_12": NaN,
    "gamma_12": NaN,
    "epsilon_12": NaN,
    "epsilon_prime_12": NaN,
    "f13": 0.0,
    "g13": 0.0,
    "h13": 0.0,
    "t13": 0.0,
    "alpha_13": NaN,
    "beta_13": NaN,
    "gamma_13": NaN,
    "epsilon_13": NaN,
    "epsilon_prime_13": NaN,
    "f14": 0.0,
    "g14": 0.0,
    "h14": 0.0,
    "t14": 0.0,
    "alpha_14": NaN,
    "beta_14": NaN,
    "gamma_14": NaN,
    "epsilon_14": NaN,
    "epsilon_prime_14": NaN,
    "f15": 0.0,
    "g15": 0.0,
    "h15": 0.0,
    "t15": 0.0,
    "alpha_15": NaN,
    "beta_15": NaN,
    "gamma_15": NaN,
    "epsilon_15": NaN,
    "epsilon_prime_15": NaN,
    "f16": 0.0,
    "g16": 0.0,
    "h16": 0.0,
    "t16": 0.0,
    "alpha_16": NaN,
    "beta_16": NaN,
    "gamma_16": NaN,
    "epsilon_16": NaN,
    "epsilon_prime_16": NaN,
    "f17": 0.0,
    "g17": 0.0,
    "h17": 0.0,
    "t17": 0.0,
    "alpha_17": NaN,
    "beta_17": NaN,
    "gamma_17": NaN,
    "epsilon_17": NaN,
    "epsilon_prime_17": NaN,
    "f18": 0.0,
    "g18": 0.0,
    "h18": 0.0,
    "t18": 0.0,
    "alpha_18": NaN,
    "beta_18": NaN,
    "gamma_18": NaN,
    "epsilon_18": NaN,
    "epsilon_prime_18": NaN,
    "f19": 0.0,
    "g19": 0.0,
    "h19": 0.0,
    "t19": 0.0,
    "alpha_19": NaN,
    "beta_19": NaN,
    "gamma_19": NaN,
    "epsilon_19": NaN,
    "epsilon_prime_19": NaN,
    "f20": 0.0,
    "g20": 0.0,
    "h20": 0.0,
    "t20": 0.0,
    "alpha_20": NaN,
    "beta_20": NaN,
    "gamma_20": NaN,
    "epsilon_20": NaN,
    "epsilon_prime_20": NaN
}