{
    "f1": 1.1867494809599997e-07,
    "g1": 6.306398207999998e-07,
    "h1": 8.324445634559998e-07,
    "t1": 4.069728976895999e-06,
    "alpha_1": 5.314009661835748,
    "epsilon_1": 0.0,
    "beta_1": 1.32,
    "gamma_1": 4.888888888888889,
    "epsilon_prime_1": -0.48666666666666664,
    "f2": 1.3903399416026472e-18,
    "g2": 3.627191604000417e-18,
    "h2": 9.760639277317606e-18,
    "t2": 2.4998679256466947e-17,
    "alpha_2": 2.6088523356520614,
    "epsilon_2": 0.0,
    "beta_2": 2.690963241796389,
    "gamma_2": 2.5611723316689377,
    "epsilon_prime_2": 0.0176987604719252,
    "f3": 6.567698868742718e-52,
    "g3": 1.7339057989517533e-51,
    "h3": 4.5775880129850645e-51,
    "t3": 1.2085039219893267e-50,
    "alpha_3": 2.640050699041386,
    "epsilon_3": 0.0,
    "beta_3": 2.6400442375545903,
    "gamma_3": 2.6400451909634746,
    "epsilon_prime_3": -1.3001030240257125e-07,
    "f4": 7.0168000349831885e-152,
    "g4": 1.8524678912542568e-151,
    "h4": 4.890601514961432e-151,
    "t4": 1.2911415788125766e-150,
    "alpha_4": 2.6400465768135506,
    "epsilon_4": 0.0,
    "beta_4": 2.6400465768128027,
    "gamma_4": 2.6400465768120522,
    "epsilon_prime_4": 1.0234237699726442e-13,
    "f5": 0.0,
    "g5": 0.0,
    "h5": 0.0,
    "t5": 0.0,
    "alpha_5": 9999,
    "epsilon_5": 0.0,
    "beta_5": 9999,
    "gamma_5": 9999,
    "epsilon_prime_5": 0.0
}