{
    "f0": 0.0013309999999999995,
    "g0": 0.010768999999999999,
    "h0": 0,
    "t0": 0,
    "f1": 4.003837696781999e-06,
    "g1": 4.383196226199998e-06,
    "h1": 2.652149054708999e-06,
    "t1": 1.2488955866089996e-06,
    "beta_1": 0.6050719424460431,
    "alpha_1": 1.094748728132237,
    "epsilon_1": -0.060521849916271145,
    "gamma_1": 0.47089947089947093,
    "epsilon_prime_1": -0.01658311446081229,
    "f2": 1.7533254458759475e-15,
    "g2": 1.4119773755723839e-15,
    "h2": 1.1143615799388802e-15,
    "t2": 8.638176524978424e-16,
    "beta_2": 0.7892205634577842,
    "alpha_2": 0.8053139129951834,
    "epsilon_2": -0.0019890656731616934,
    "gamma_2": 0.7751681932045975,
    "epsilon_prime_2": -0.0017368098065736405,
    "f3": 9.535376016051517e-44,
    "g3": 7.586346291398309e-44,
    "h3": 6.03548337318791e-44,
    "t3": 4.801489895678938e-44,
    "beta_3": 0.7955718261940102,
    "alpha_3": 0.7956001188236017,
    "epsilon_3": -3.4968418596205525e-06,
    "gamma_3": 0.7955435544747126,
    "epsilon_prime_3": -3.49425744128204e-06,
    "f4": 1.5083843832635734e-128,
    "g4": 1.2000445911291878e-128,
    "h4": 9.547347721878151e-129,
    "t4": 7.595705125075376e-129,
    "beta_4": 0.7955827468789746,
    "alpha_4": 0.7955827469737821,
    "epsilon_4": -1.1717780304118174e-11,
    "gamma_4": 0.7955827467841667,
    "epsilon_prime_4": -1.1717821469690998e-11,
    "f5": 0.0,
    "g5": 0.0,
    "h5": 0.0,
    "t5": 0.0,
    "beta_5": 9999,
    "alpha_5": 9999,
    "epsilon_5": 0.0,
    "gamma_5": 9999,
    "epsilon_prime_5": 0.0
}