{
    "f0": 0.0013309999999999995,
    "g0": 0.010768999999999999,
    "h0": 0,
    "t0": 0,
    "f1": 4.725002164334702e-05,
    "g1": 0.0001274449844993141,
    "h1": 1.590827997256515e-07,
    "t1": 1.2871244705075442e-06,
    "alpha_1": 8.090909090909093,
    "beta_1": 0.0,
    "gamma_1": 9999,
    "epsilon_1": -1.0000000000000002,
    "epsilon_prime_1": 1235.8314606741571,
    "f2": 3.1331979253296673e-10,
    "g2": 4.2295770378249516e-10,
    "h2": 2.109097684521738e-12,
    "t2": 4.2676924896188496e-12,
    "alpha_2": 2.6972471136901337,
    "beta_2": 0.0012482468443197753,
    "gamma_2": 8.090909090909093,
    "epsilon_2": -0.3332133430933028,
    "epsilon_prime_2": 0.9998457223001405,
    "f3": 2.8631167639418547e-26,
    "g3": 1.558860562492551e-26,
    "h3": 2.5031948503733273e-28,
    "t3": 1.5685985657056313e-28,
    "alpha_3": 1.3499233494417453,
    "beta_3": 0.004986545145436896,
    "gamma_3": 2.0234683869498427,
    "epsilon_3": -0.1662281443512291,
    "epsilon_prime_3": 0.24947528381852202,
    "f4": 4.0128018924635927e-75,
    "g4": 8.370584438194891e-76,
    "h4": 3.844925355675081e-77,
    "t4": 8.360423260358934e-78,
    "alpha_4": 0.5444627973699395,
    "beta_4": 0.01605784962813368,
    "gamma_4": 0.6266386196311047,
    "epsilon_4": -0.06530847668718948,
    "epsilon_prime_4": 0.07546503898913123,
    "f5": 1.8004202762183195e-222,
    "g5": 1.9661562511641158e-223,
    "h5": 1.7697869981064495e-224,
    "t5": 1.9421267951002736e-225,
    "alpha_5": 0.2085970018583676,
    "beta_5": 0.04593377420733881,
    "gamma_5": 0.21744045688738828,
    "epsilon_5": -0.020104443866981087,
    "epsilon_prime_5": 0.02119745516270274,
    "f6": 0.0,
    "g6": 0.0,
    "h6": 0.0,
    "t6": 0.0,
    "alpha_6": 0.10920540482325133,
    "beta_6": 0.09001253064493728,
    "gamma_6": 0.10973788355198766,
    "epsilon_6": -0.0023721529883309507,
    "epsilon_prime_6": 0.002437964966039934,
    "f7": 0.0,
    "g7": 0.0,
    "h7": 0.0,
    "t7": 0.0,
    "alpha_7": NaN,
    "beta_7": NaN,
    "gamma_7": NaN,
    "epsilon_7": NaN,
    "epsilon_prime_7": NaN,
    "f8": 0.0,
    "g8": 0.0,
    "h8": 0.0,
    "t8": 0.0,
    "alpha_8": NaN,
    "beta_8": NaN,
    "gamma_8": NaN,
    "epsilon_8": NaN,
    "epsilon_prime_8": NaN,
    "f9": 0.0,
    "g9": 0.0,
    "h9": 0.0,
    "t9": 0.0,
    "alpha_9": NaN,
    "beta_9": NaN,
    "gamma_9": NaN,
    "epsilon_9": NaN,
    "epsilon_prime_9": NaN,
    "f10": 0.0,
    "g10": 0.0,
    "h10": 0.0,
    "t10": 0.0,
    "alpha_10": NaN,
    "beta_10": NaN,
    "gamma_10": NaN,
    "epsilon_10": NaN,
    "epsilon_prime_10": NaN,
    "f11": 0.0,
    "g11": 0.0,
    "h11": 0.0,
    "t11": 0.0,
    "alpha_11": NaN,
    "beta_11": NaN,
    "gamma_11": NaN,
    "epsilon_11": NaN,
    "epsilon_prime_11": NaN,
    "f12": 0.0,
    "g12": 0.0,
    "h12": 0.0,
    "t12": 0.0,
    "alpha_12": NaN,
    "beta_12": NaN,
    "gamma_12": NaN,
    "epsilon_12": NaN,
    "epsilon_prime_12": NaN,
    "f13": 0.0,
    "g13": 0.0,
    "h13": 0.0,
    "t13": 0.0,
    "alpha_13": NaN,
    "beta_13": NaN,
    "gamma_13": NaN,
    "epsilon_13": NaN,
    "epsilon_prime_13": NaN,
    "f14": 0.0,
    "g14": 0.0,
    "h14": 0.0,
    "t14": 0.0,
    "alpha_14": NaN,
    "beta_14": NaN,
    "gamma_14": NaN,
    "epsilon_14": NaN,
    "epsilon_prime_14": NaN,
    "f15": 0.0,
    "g15": 0.0,
    "h15": 0.0,
    "t15": 0.0,
    "alpha_15": NaN,
    "beta_15": NaN,
    "gamma_15": NaN,
    "epsilon_15": NaN,
    "epsilon_prime_15": NaN,
    "f16": 0.0,
    "g16": 0.0,
    "h16": 0.0,
    "t16": 0.0,
    "alpha_16": NaN,
    "beta_16": NaN,
    "gamma_16": NaN,
    "epsilon_16": NaN,
    "epsilon_prime_16": NaN,
    "f17": 0.0,
    "g17": 0.0,
    "h17": 0.0,
    "t17": 0.0,
    "alpha_17": NaN,
    "beta_17": NaN,
    "gamma_17": NaN,
    "epsilon_17": NaN,
    "epsilon_prime_17": NaN,
    "f18": 0.0,
    "g18": 0.0,
    "h18": 0.0,
    "t18": 0.0,
    "alpha_18": NaN,
    "beta_18": NaN,
    "gamma_18": NaN,
    "epsilon_18": NaN,
    "epsilon_prime_18": NaN,
    "f19": 0.0,
    "g19": 0.0,
    "h19": 0.0,
    "t19": 0.0,
    "alpha_19": NaN,
    "beta_19": NaN,
    "gamma_19": NaN,
    "epsilon_19": NaN,
    "epsilon_prime_19": NaN,
    "f20": 0.0,
    "g20": 0.0,
    "h20": 0.0,
    "t20": 0.0,
    "alpha_20": NaN,
    "beta_20": NaN,
    "gamma_20": NaN,
    "epsilon_20": NaN,
    "epsilon_prime_20": NaN
}