{
    "f1": 5.959176891799994e-08,
    "g1": 3.468716437999997e-07,
    "h1": 4.630736444729997e-07,
    "t1": 2.4977911732179984e-06,
    "alpha_1": 5.820797907128843,
    "epsilon_1": 0.0,
    "beta_1": 1.3350000000000002,
    "gamma_1": 5.3939393939393945,
    "epsilon_prime_1": -0.5016666666666667,
    "f2": 2.179699866489811e-19,
    "g2": 5.955417980114103e-19,
    "h2": 1.6969984925161044e-18,
    "t2": 4.5529578051893135e-18,
    "alpha_2": 2.732219270951605,
    "epsilon_2": 0.0,
    "beta_2": 2.8495035918261284,
    "gamma_2": 2.6829474659336543,
    "epsilon_prime_2": 0.02058558859345186,
    "f3": 2.861937348938235e-54,
    "g3": 7.956016974813525e-54,
    "h3": 2.2117195284750353e-53,
    "t3": 6.148452993588437e-53,
    "alpha_3": 2.7799409996746323,
    "epsilon_3": 0.0,
    "beta_3": 2.7799331442815003,
    "gamma_3": 2.7799424449752683,
    "epsilon_prime_3": -1.149523948857997e-06,
    "f4": 6.617101366300923e-159,
    "g4": 1.839512771869873e-158,
    "h4": 5.113730394255639e-158,
    "t4": 1.4215850493145477e-157,
    "alpha_4": 2.7799374228087324,
    "epsilon_4": 0.0,
    "beta_4": 2.7799374228087093,
    "gamma_4": 2.779937422808688,
    "epsilon_prime_4": 2.6345966606835173e-15,
    "f5": 0.0,
    "g5": 0.0,
    "h5": 0.0,
    "t5": 0.0,
    "alpha_5": 9999,
    "epsilon_5": 0.0,
    "beta_5": 9999,
    "gamma_5": 9999,
    "epsilon_prime_5": 0.0
}