{
    "f0": 0.0009999999999999994,
    "g0": 0.008999999999999996,
    "h0": 0,
    "t0": 0,
    "f1": 2.4794419039904152e-05,
    "g1": 7.438944078062525e-05,
    "h1": 8.347942232239739e-08,
    "t1": 7.513148009015767e-07,
    "alpha_1": 9.000000000000002,
    "beta_1": 0.0,
    "gamma_1": 9999,
    "epsilon_1": -0.9999999999999999,
    "epsilon_prime_1": 1110.9999999999998,
    "f2": 5.601288528084193e-11,
    "g2": 8.409177015379885e-11,
    "h2": 3.77075563542742e-13,
    "t2": 8.486712556864212e-13,
    "alpha_2": 3.000249397289884,
    "beta_2": 0.0011221945137157103,
    "gamma_2": 9.000000000000002,
    "epsilon_2": -0.33323635586401856,
    "epsilon_prime_2": 0.9998753117206981,
    "f3": 2.0227657039228355e-28,
    "g3": 1.2228816245241683e-28,
    "h3": 1.7689218693827866e-30,
    "t3": 1.2314169207438855e-30,
    "alpha_3": 1.5012933137111708,
    "beta_3": 0.004484095921076381,
    "gamma_3": 2.250666279492872,
    "epsilon_3": -0.16631213531001043,
    "epsilon_prime_3": 0.24957579817464384,
    "f4": 1.7415780977185656e-81,
    "g4": 3.982677903374741e-82,
    "h4": 1.669980169823666e-83,
    "t4": 3.9859186852995853e-84,
    "alpha_4": 0.6045592043372013,
    "beta_4": 0.014465192982772036,
    "gamma_4": 0.6961398024738946,
    "epsilon_4": -0.06556600126160324,
    "epsilon_prime_4": 0.07574162327679138,
    "f5": 1.7492629466931936e-241,
    "g5": 1.9795787193331194e-242,
    "h5": 1.722712186347049e-243,
    "t5": 1.9611499406122413e-244,
    "alpha_5": 0.22868213079803734,
    "beta_5": 0.04193108783435889,
    "gamma_5": 0.2386805997654727,
    "epsilon_5": -0.020750115884853156,
    "epsilon_prime_5": 0.021861056881234863,
    "f6": 0.0,
    "g6": 0.0,
    "h6": 0.0,
    "t6": 0.0,
    "alpha_6": 0.11316644664973409,
    "beta_6": 0.08702418193944803,
    "gamma_6": 0.11384083517576964,
    "epsilon_6": -0.002904696078920673,
    "epsilon_prime_6": 0.002979628137369067,
    "f7": 0.0,
    "g7": 0.0,
    "h7": 0.0,
    "t7": 0.0,
    "alpha_7": NaN,
    "beta_7": NaN,
    "gamma_7": NaN,
    "epsilon_7": NaN,
    "epsilon_prime_7": NaN,
    "f8": 0.0,
    "g8": 0.0,
    "h8": 0.0,
    "t8": 0.0,
    "alpha_8": NaN,
    "beta_8": NaN,
    "gamma_8": NaN,
    "epsilon_8": NaN,
    "epsilon_prime_8": NaN,
    "f9": 0.0,
    "g9": 0.0,
    "h9": 0.0,
    "t9": 0.0,
    "alpha_9": NaN,
    "beta_9": NaN,
    "gamma_9": NaN,
    "epsilon_9": NaN,
    "epsilon_prime_9": NaN,
    "f10": 0.0,
    "g10": 0.0,
    "h10": 0.0,
    "t10": 0.0,
    "alpha_10": NaN,
    "beta_10": NaN,
    "gamma_10": NaN,
    "epsilon_10": NaN,
    "epsilon_prime_10": NaN,
    "f11": 0.0,
    "g11": 0.0,
    "h11": 0.0,
    "t11": 0.0,
    "alpha_11": NaN,
    "beta_11": NaN,
    "gamma_11": NaN,
    "epsilon_11": NaN,
    "epsilon_prime_11": NaN,
    "f12": 0.0,
    "g12": 0.0,
    "h12": 0.0,
    "t12": 0.0,
    "alpha_12": NaN,
    "beta_12": NaN,
    "gamma_12": NaN,
    "epsilon_12": NaN,
    "epsilon_prime_12": NaN,
    "f13": 0.0,
    "g13": 0.0,
    "h13": 0.0,
    "t13": 0.0,
    "alpha_13": NaN,
    "beta_13": NaN,
    "gamma_13": NaN,
    "epsilon_13": NaN,
    "epsilon_prime_13": NaN,
    "f14": 0.0,
    "g14": 0.0,
    "h14": 0.0,
    "t14": 0.0,
    "alpha_14": NaN,
    "beta_14": NaN,
    "gamma_14": NaN,
    "epsilon_14": NaN,
    "epsilon_prime_14": NaN,
    "f15": 0.0,
    "g15": 0.0,
    "h15": 0.0,
    "t15": 0.0,
    "alpha_15": NaN,
    "beta_15": NaN,
    "gamma_15": NaN,
    "epsilon_15": NaN,
    "epsilon_prime_15": NaN,
    "f16": 0.0,
    "g16": 0.0,
    "h16": 0.0,
    "t16": 0.0,
    "alpha_16": NaN,
    "beta_16": NaN,
    "gamma_16": NaN,
    "epsilon_16": NaN,
    "epsilon_prime_16": NaN,
    "f17": 0.0,
    "g17": 0.0,
    "h17": 0.0,
    "t17": 0.0,
    "alpha_17": NaN,
    "beta_17": NaN,
    "gamma_17": NaN,
    "epsilon_17": NaN,
    "epsilon_prime_17": NaN,
    "f18": 0.0,
    "g18": 0.0,
    "h18": 0.0,
    "t18": 0.0,
    "alpha_18": NaN,
    "beta_18": NaN,
    "gamma_18": NaN,
    "epsilon_18": NaN,
    "epsilon_prime_18": NaN,
    "f19": 0.0,
    "g19": 0.0,
    "h19": 0.0,
    "t19": 0.0,
    "alpha_19": NaN,
    "beta_19": NaN,
    "gamma_19": NaN,
    "epsilon_19": NaN,
    "epsilon_prime_19": NaN,
    "f20": 0.0,
    "g20": 0.0,
    "h20": 0.0,
    "t20": 0.0,
    "alpha_20": NaN,
    "beta_20": NaN,
    "gamma_20": NaN,
    "epsilon_20": NaN,
    "epsilon_prime_20": NaN
}