{
    "f1": 2.7999999999999953e-08,
    "g1": 1.7999999999999973e-07,
    "h1": 2.429999999999997e-07,
    "t1": 1.4579999999999984e-06,
    "alpha_1": 6.42857142857143,
    "epsilon_1": 0.0,
    "beta_1": 1.35,
    "gamma_1": 6.000000000000001,
    "epsilon_prime_1": -0.5166666666666665,
    "f2": 2.861732799999987e-20,
    "g2": 8.208395999999964e-20,
    "h2": 2.4907337999999897e-19,
    "t2": 7.017835139999971e-19,
    "alpha_2": 2.868330684122571,
    "epsilon_2": 0.0,
    "beta_2": 3.034373341637027,
    "gamma_2": 2.817577350096586,
    "epsilon_prime_2": 0.024088443504493455,
    "f3": 7.390666589298479e-57,
    "g3": 2.172151308605712e-56,
    "h3": 6.384016210291936e-56,
    "t3": 1.876295283491528e-55,
    "alpha_3": 2.9390465425012393,
    "epsilon_3": 0.0,
    "beta_3": 2.939029240274145,
    "gamma_3": 2.9390515651678246,
    "epsilon_prime_3": -2.4805437421646394e-06,
    "f4": 1.313571081136587e-166,
    "g4": 3.860636625343188e-166,
    "h4": 1.1346561573238079e-165,
    "t4": 3.3347986881266767e-165,
    "alpha_4": 2.9390389913294332,
    "epsilon_4": 0.0,
    "beta_4": 2.9390389913294253,
    "gamma_4": 2.9390389913294173,
    "epsilon_prime_4": 8.881784197001249e-16,
    "f5": 0.0,
    "g5": 0.0,
    "h5": 0.0,
    "t5": 0.0,
    "alpha_5": 9999,
    "epsilon_5": 0.0,
    "beta_5": 9999,
    "gamma_5": 9999,
    "epsilon_prime_5": 0.0
}