{
    "f0": 0.0009999999999999994,
    "g0": 0.008999999999999996,
    "h0": 0,
    "t0": 0,
    "f1": 2.2419999999999965e-06,
    "g1": 2.5199999999999966e-06,
    "h1": 1.5389999999999979e-06,
    "t1": 7.28999999999999e-07,
    "beta_1": 0.6107142857142857,
    "alpha_1": 1.1239964317573599,
    "epsilon_1": -0.05703134956034156,
    "gamma_1": 0.47368421052631576,
    "epsilon_prime_1": -0.015225563909774427,
    "f2": 3.227938599159986e-16,
    "g2": 2.6427428899199883e-16,
    "h2": 2.1176933948999916e-16,
    "t2": 1.6650288703799931e-16,
    "beta_2": 0.8013240345768585,
    "alpha_2": 0.8187091571716127,
    "epsilon_2": -0.0019316802883060239,
    "gamma_2": 0.7862464294358459,
    "epsilon_prime_2": -0.001675289460112515,
    "f3": 6.132515631294285e-46,
    "g3": 4.95606532668763e-46,
    "h3": 4.005140724853151e-46,
    "t3": 3.236539795243061e-46,
    "beta_3": 0.8081291227712638,
    "alpha_3": 0.8081618742880625,
    "epsilon_3": -3.6390574220791615e-06,
    "gamma_3": 0.8080963985008864,
    "epsilon_prime_3": -3.6360300419301248e-06,
    "f4": 4.130336200007259e-135,
    "g4": 3.3378966853417604e-135,
    "h4": 2.6974933130748173e-135,
    "t4": 2.179956678976311e-135,
    "beta_4": 0.8081416434848782,
    "alpha_4": 0.8081416436114557,
    "epsilon_4": -1.4064169582026247e-11,
    "gamma_4": 0.8081416433583011,
    "epsilon_prime_4": -1.4064120238780708e-11,
    "f5": 0.0,
    "g5": 0.0,
    "h5": 0.0,
    "t5": 0.0,
    "beta_5": 9999,
    "alpha_5": 9999,
    "epsilon_5": 0.0,
    "gamma_5": 9999,
    "epsilon_prime_5": 0.0
}