{
    "f1": 1.2139175321999967e-08,
    "g1": 8.70500357999998e-08,
    "h1": 1.1882329886699972e-07,
    "t1": 8.009570516219985e-07,
    "alpha_1": 7.171000788022067,
    "epsilon_1": 0.0,
    "beta_1": 1.365,
    "gamma_1": 6.740740740740744,
    "epsilon_prime_1": -0.5316666666666668,
    "f2": 3.0318224970295114e-21,
    "g2": 9.154429906376285e-21,
    "h2": 2.9789016839355834e-20,
    "t2": 8.839573452841491e-20,
    "alpha_2": 3.019447845428128,
    "epsilon_2": 0.0,
    "beta_2": 3.254054828537936,
    "gamma_2": 2.967393486166709,
    "epsilon_prime_2": 0.028351121772978483,
    "f3": 1.0135949021798838e-59,
    "g3": 3.164968059301005e-59,
    "h3": 9.882522168891516e-59,
    "t3": 3.085835122827626e-58,
    "alpha_3": 3.1225177361234544,
    "epsilon_3": 0.0,
    "beta_3": 3.1224713752953663,
    "gamma_3": 3.1225177845199332,
    "epsilon_prime_3": -4.589923308813307e-06,
    "f4": 3.9601460967430223e-175,
    "g4": 1.2365536411030627e-174,
    "h4": 3.861132569279753e-174,
    "t4": 1.2056367165958434e-173,
    "alpha_4": 3.1224950062323518,
    "epsilon_4": 0.0,
    "beta_4": 3.1224950062299324,
    "gamma_4": 3.1224950062275125,
    "epsilon_prime_4": 2.393250432995265e-13,
    "f5": 0.0,
    "g5": 0.0,
    "h5": 0.0,
    "t5": 0.0,
    "alpha_5": 9999,
    "epsilon_5": 0.0,
    "beta_5": 9999,
    "gamma_5": 9999,
    "epsilon_prime_5": 0.0
}