{
    "f0": 0.0007289999999999993,
    "g0": 0.007370999999999995,
    "h0": 0,
    "t0": 0,
    "f1": 1.2123988593538663e-05,
    "g1": 4.086502336589022e-05,
    "h1": 4.08201660405709e-08,
    "t1": 4.12737234410217e-07,
    "alpha_1": 10.111111111111114,
    "beta_1": 0.0,
    "gamma_1": 9999,
    "epsilon_1": -1.0,
    "epsilon_prime_1": 988.9120879120876,
    "f2": 8.264853239834625e-12,
    "g2": 1.3937323411036123e-11,
    "h2": 5.564206387211944e-14,
    "t2": 1.4068377285378142e-13,
    "alpha_2": 3.370592363281235,
    "beta_2": 0.0009989023051591654,
    "gamma_2": 10.111111111111114,
    "epsilon_2": -0.3332564961404909,
    "epsilon_prime_2": 0.9999012074643249,
    "f3": 8.19692692719843e-31,
    "g3": 5.558615676226544e-31,
    "h3": 7.169820126897341e-33,
    "t3": 5.6009914941051e-33,
    "alpha_3": 1.6863364667942973,
    "beta_3": 0.00399230628659014,
    "gamma_3": 2.528370859447466,
    "epsilon_3": -0.16638568620405889,
    "epsilon_prime_3": 0.24966381294997664,
    "f4": 1.4559170719846735e-88,
    "g4": 3.6921459608283856e-89,
    "h4": 1.3969922094059847e-90,
    "t4": 3.7018942928274364e-91,
    "alpha_4": 0.678134101425543,
    "beta_4": 0.012898571415112765,
    "gamma_4": 0.7811899594374994,
    "epsilon_4": -0.06579252494608649,
    "epsilon_prime_4": 0.07598486255166459,
    "f5": 1.2436500177482985e-262,
    "g5": 1.474976911417162e-263,
    "h5": 1.2268633224075577e-264,
    "t5": 1.4655077576888755e-265,
    "alpha_5": 0.253595897175334,
    "beta_5": 0.03783686301211531,
    "gamma_5": 0.26499033193617594,
    "epsilon_5": -0.02133880557658206,
    "epsilon_prime_5": 0.022465727695786208,
    "f6": 0.0,
    "g6": 0.0,
    "h6": 0.0,
    "t6": 0.0,
    "alpha_6": 0.1186006424932711,
    "beta_6": 0.0831784764162026,
    "gamma_6": 0.11945159097372066,
    "epsilon_6": -0.0035032911504793004,
    "epsilon_prime_6": 0.0035874508903039823,
    "f7": 0.0,
    "g7": 0.0,
    "h7": 0.0,
    "t7": 0.0,
    "alpha_7": NaN,
    "beta_7": NaN,
    "gamma_7": NaN,
    "epsilon_7": NaN,
    "epsilon_prime_7": NaN,
    "f8": 0.0,
    "g8": 0.0,
    "h8": 0.0,
    "t8": 0.0,
    "alpha_8": NaN,
    "beta_8": NaN,
    "gamma_8": NaN,
    "epsilon_8": NaN,
    "epsilon_prime_8": NaN,
    "f9": 0.0,
    "g9": 0.0,
    "h9": 0.0,
    "t9": 0.0,
    "alpha_9": NaN,
    "beta_9": NaN,
    "gamma_9": NaN,
    "epsilon_9": NaN,
    "epsilon_prime_9": NaN,
    "f10": 0.0,
    "g10": 0.0,
    "h10": 0.0,
    "t10": 0.0,
    "alpha_10": NaN,
    "beta_10": NaN,
    "gamma_10": NaN,
    "epsilon_10": NaN,
    "epsilon_prime_10": NaN,
    "f11": 0.0,
    "g11": 0.0,
    "h11": 0.0,
    "t11": 0.0,
    "alpha_11": NaN,
    "beta_11": NaN,
    "gamma_11": NaN,
    "epsilon_11": NaN,
    "epsilon_prime_11": NaN,
    "f12": 0.0,
    "g12": 0.0,
    "h12": 0.0,
    "t12": 0.0,
    "alpha_12": NaN,
    "beta_12": NaN,
    "gamma_12": NaN,
    "epsilon_12": NaN,
    "epsilon_prime_12": NaN,
    "f13": 0.0,
    "g13": 0.0,
    "h13": 0.0,
    "t13": 0.0,
    "alpha_13": NaN,
    "beta_13": NaN,
    "gamma_13": NaN,
    "epsilon_13": NaN,
    "epsilon_prime_13": NaN,
    "f14": 0.0,
    "g14": 0.0,
    "h14": 0.0,
    "t14": 0.0,
    "alpha_14": NaN,
    "beta_14": NaN,
    "gamma_14": NaN,
    "epsilon_14": NaN,
    "epsilon_prime_14": NaN,
    "f15": 0.0,
    "g15": 0.0,
    "h15": 0.0,
    "t15": 0.0,
    "alpha_15": NaN,
    "beta_15": NaN,
    "gamma_15": NaN,
    "epsilon_15": NaN,
    "epsilon_prime_15": NaN,
    "f16": 0.0,
    "g16": 0.0,
    "h16": 0.0,
    "t16": 0.0,
    "alpha_16": NaN,
    "beta_16": NaN,
    "gamma_16": NaN,
    "epsilon_16": NaN,
    "epsilon_prime_16": NaN,
    "f17": 0.0,
    "g17": 0.0,
    "h17": 0.0,
    "t17": 0.0,
    "alpha_17": NaN,
    "beta_17": NaN,
    "gamma_17": NaN,
    "epsilon_17": NaN,
    "epsilon_prime_17": NaN,
    "f18": 0.0,
    "g18": 0.0,
    "h18": 0.0,
    "t18": 0.0,
    "alpha_18": NaN,
    "beta_18": NaN,
    "gamma_18": NaN,
    "epsilon_18": NaN,
    "epsilon_prime_18": NaN,
    "f19": 0.0,
    "g19": 0.0,
    "h19": 0.0,
    "t19": 0.0,
    "alpha_19": NaN,
    "beta_19": NaN,
    "gamma_19": NaN,
    "epsilon_19": NaN,
    "epsilon_prime_19": NaN,
    "f20": 0.0,
    "g20": 0.0,
    "h20": 0.0,
    "t20": 0.0,
    "alpha_20": NaN,
    "beta_20": NaN,
    "gamma_20": NaN,
    "epsilon_20": NaN,
    "epsilon_prime_20": NaN
}