{
    "f0": 0.0007289999999999993,
    "g0": 0.007370999999999995,
    "h0": 0,
    "t0": 0,
    "f1": 1.1813178783779974e-06,
    "g1": 1.3637838941999972e-06,
    "h1": 8.405648179109982e-07,
    "t1": 4.0047852581099915e-07,
    "beta_1": 0.6163475177304965,
    "alpha_1": 1.154459709077233,
    "epsilon_1": -0.053219887056270634,
    "gamma_1": 0.47643979057591623,
    "epsilon_prime_1": -0.013837027960343093,
    "f2": 4.955916016327519e-17,
    "g2": 4.125299693264725e-17,
    "h2": 3.356430094954404e-17,
    "t2": 2.6765853384442537e-17,
    "beta_2": 0.8136209110902571,
    "alpha_2": 0.8323990317175904,
    "epsilon_2": -0.001857176765340656,
    "gamma_2": 0.797450047438159,
    "epsilon_prime_2": -0.0015993161853723478,
    "f3": 2.2881649976731302e-48,
    "g3": 1.878467195149346e-48,
    "h3": 1.5420549403400556e-48,
    "t3": 1.2658319449616973e-48,
    "beta_3": 0.8209112963601453,
    "alpha_3": 0.8209491872568577,
    "epsilon_3": -3.7474513232110135e-06,
    "gamma_3": 0.8208734409181003,
    "epsilon_prime_3": -3.7439448176306106e-06,
    "f4": 2.209044832251636e-142,
    "g4": 1.8134615475879925e-142,
    "h4": 1.4887170852716838e-142,
    "t4": 1.2221260287939127e-142,
    "beta_4": 0.820925642041742,
    "alpha_4": 0.8209256422105146,
    "epsilon_4": -1.6691790806687218e-11,
    "gamma_4": 0.8209256418729691,
    "epsilon_prime_4": -1.6691823747370367e-11,
    "f5": 0.0,
    "g5": 0.0,
    "h5": 0.0,
    "t5": 0.0,
    "beta_5": 9999,
    "alpha_5": 9999,
    "epsilon_5": 0.0,
    "gamma_5": 9999,
    "epsilon_prime_5": 0.0
}