{
    "f0": 0.0005119999999999992,
    "g0": 0.005887999999999994,
    "h0": 0,
    "t0": 0,
    "f1": 5.433347548069183e-06,
    "g1": 2.082889276810544e-05,
    "h1": 1.829363374382529e-08,
    "t1": 2.1037678805399097e-07,
    "alpha_1": 11.500000000000005,
    "beta_1": 0.0,
    "gamma_1": 9999,
    "epsilon_1": -1.0,
    "epsilon_prime_1": 869.4782608695648,
    "f2": 9.621971711043673e-13,
    "g2": 1.845185283231955e-12,
    "h2": 6.478225952342482e-15,
    "t2": 1.8628277803416723e-14,
    "alpha_2": 3.833528516965067,
    "beta_2": 0.0008782816229116939,
    "gamma_2": 11.500000000000009,
    "epsilon_2": -0.3332739335080133,
    "epsilon_prime_2": 0.9999236276849645,
    "f3": 1.672323080435794e-33,
    "g3": 1.2880863674207388e-33,
    "h3": 1.4630491898408074e-35,
    "t3": 1.2986264078914345e-35,
    "alpha_3": 1.9176789733377964,
    "beta_3": 0.0035108809999803772,
    "gamma_3": 2.8755214684478343,
    "epsilon_3": -0.16644939933372305,
    "epsilon_prime_3": 0.24974005108242195,
    "f4": 1.592840096257037e-96,
    "g4": 4.541878452782162e-97,
    "h4": 1.5292591496593426e-98,
    "t4": 4.561240013951115e-99,
    "alpha_4": 0.7702377504023169,
    "beta_4": 0.011358315923880273,
    "gamma_4": 0.887616367863022,
    "epsilon_4": -0.06598951604160315,
    "epsilon_prime_4": 0.07619635234253402,
    "f5": 2.0391292586061809e-286,
    "g5": 2.572153194363634e-287,
    "h5": 2.0146954882935898e-288,
    "t5": 2.562938240298206e-289,
    "alpha_5": 0.28514340287232687,
    "beta_5": 0.033670190991627776,
    "gamma_5": 0.29826468685619284,
    "epsilon_5": -0.021867235815712954,
    "epsilon_prime_5": 0.0230082170317013,
    "f6": 0.0,
    "g6": 0.0,
    "h6": 0.0,
    "t6": 0.0,
    "alpha_6": 0.12613978164983,
    "beta_6": 0.07832719655689238,
    "gamma_6": 0.12721218939488307,
    "epsilon_6": -0.0041576160950380515,
    "epsilon_prime_6": 0.004250868942433971,
    "f7": 0.0,
    "g7": 0.0,
    "h7": 0.0,
    "t7": 0.0,
    "alpha_7": NaN,
    "beta_7": NaN,
    "gamma_7": NaN,
    "epsilon_7": NaN,
    "epsilon_prime_7": NaN,
    "f8": 0.0,
    "g8": 0.0,
    "h8": 0.0,
    "t8": 0.0,
    "alpha_8": NaN,
    "beta_8": NaN,
    "gamma_8": NaN,
    "epsilon_8": NaN,
    "epsilon_prime_8": NaN,
    "f9": 0.0,
    "g9": 0.0,
    "h9": 0.0,
    "t9": 0.0,
    "alpha_9": NaN,
    "beta_9": NaN,
    "gamma_9": NaN,
    "epsilon_9": NaN,
    "epsilon_prime_9": NaN,
    "f10": 0.0,
    "g10": 0.0,
    "h10": 0.0,
    "t10": 0.0,
    "alpha_10": NaN,
    "beta_10": NaN,
    "gamma_10": NaN,
    "epsilon_10": NaN,
    "epsilon_prime_10": NaN,
    "f11": 0.0,
    "g11": 0.0,
    "h11": 0.0,
    "t11": 0.0,
    "alpha_11": NaN,
    "beta_11": NaN,
    "gamma_11": NaN,
    "epsilon_11": NaN,
    "epsilon_prime_11": NaN,
    "f12": 0.0,
    "g12": 0.0,
    "h12": 0.0,
    "t12": 0.0,
    "alpha_12": NaN,
    "beta_12": NaN,
    "gamma_12": NaN,
    "epsilon_12": NaN,
    "epsilon_prime_12": NaN,
    "f13": 0.0,
    "g13": 0.0,
    "h13": 0.0,
    "t13": 0.0,
    "alpha_13": NaN,
    "beta_13": NaN,
    "gamma_13": NaN,
    "epsilon_13": NaN,
    "epsilon_prime_13": NaN,
    "f14": 0.0,
    "g14": 0.0,
    "h14": 0.0,
    "t14": 0.0,
    "alpha_14": NaN,
    "beta_14": NaN,
    "gamma_14": NaN,
    "epsilon_14": NaN,
    "epsilon_prime_14": NaN,
    "f15": 0.0,
    "g15": 0.0,
    "h15": 0.0,
    "t15": 0.0,
    "alpha_15": NaN,
    "beta_15": NaN,
    "gamma_15": NaN,
    "epsilon_15": NaN,
    "epsilon_prime_15": NaN,
    "f16": 0.0,
    "g16": 0.0,
    "h16": 0.0,
    "t16": 0.0,
    "alpha_16": NaN,
    "beta_16": NaN,
    "gamma_16": NaN,
    "epsilon_16": NaN,
    "epsilon_prime_16": NaN,
    "f17": 0.0,
    "g17": 0.0,
    "h17": 0.0,
    "t17": 0.0,
    "alpha_17": NaN,
    "beta_17": NaN,
    "gamma_17": NaN,
    "epsilon_17": NaN,
    "epsilon_prime_17": NaN,
    "f18": 0.0,
    "g18": 0.0,
    "h18": 0.0,
    "t18": 0.0,
    "alpha_18": NaN,
    "beta_18": NaN,
    "gamma_18": NaN,
    "epsilon_18": NaN,
    "epsilon_prime_18": NaN,
    "f19": 0.0,
    "g19": 0.0,
    "h19": 0.0,
    "t19": 0.0,
    "alpha_19": NaN,
    "beta_19": NaN,
    "gamma_19": NaN,
    "epsilon_19": NaN,
    "epsilon_prime_19": NaN,
    "f20": 0.0,
    "g20": 0.0,
    "h20": 0.0,
    "t20": 0.0,
    "alpha_20": NaN,
    "beta_20": NaN,
    "gamma_20": NaN,
    "epsilon_20": NaN,
    "epsilon_prime_20": NaN
}