{
    "f0": 0.0005119999999999992,
    "g0": 0.005887999999999994,
    "h0": 0,
    "t0": 0,
    "f1": 5.774046658559982e-07,
    "g1": 6.84929843199998e-07,
    "h1": 4.2600706867199866e-07,
    "t1": 2.0412838707199938e-07,
    "beta_1": 0.6219718309859154,
    "alpha_1": 1.1862215248721526,
    "epsilon_1": -0.04906519077271626,
    "gamma_1": 0.4791666666666667,
    "epsilon_prime_1": -0.012417840375586834,
    "f2": 6.080113278112883e-18,
    "g2": 5.146204851233956e-18,
    "h2": 4.251376518953897e-18,
    "t2": 3.4384381692520887e-18,
    "beta_2": 0.8261187888652554,
    "alpha_2": 0.8463995020880944,
    "epsilon_2": -0.0017635402802468761,
    "gamma_2": 0.808782321189975,
    "epsilon_prime_2": -0.0015075189282852523,
    "f3": 4.357641757188286e-51,
    "g3": 3.634151677939146e-51,
    "h3": 3.030621907678907e-51,
    "t3": 2.527188714063606e-51,
    "beta_3": 0.8339282936582084,
    "alpha_3": 0.8339721070334238,
    "epsilon_3": -3.8098587143841677e-06,
    "gamma_3": 0.8338845263608384,
    "epsilon_prime_3": -3.805851945216507e-06,
    "f4": 1.5713687665431082e-150,
    "g4": 1.310434686781396e-150,
    "h4": 1.0928300882770008e-150,
    "t4": 9.113598820059796e-151,
    "beta_4": 0.8339447202524366,
    "alpha_4": 0.8339447204772007,
    "epsilon_4": -1.9544704019465262e-11,
    "gamma_4": 0.8339447200276721,
    "epsilon_prime_4": -1.9544742635918294e-11,
    "f5": 0.0,
    "g5": 0.0,
    "h5": 0.0,
    "t5": 0.0,
    "beta_5": 9999,
    "alpha_5": 9999,
    "epsilon_5": 0.0,
    "gamma_5": 9999,
    "epsilon_prime_5": 0.0
}