{
    "f1": 4.7647293439999815e-09,
    "g1": 3.8587596799999866e-08,
    "h1": 5.325088358399982e-08,
    "t1": 4.082567741439988e-07,
    "alpha_1": 8.098591549295778,
    "epsilon_1": 0.0,
    "beta_1": 1.3800000000000001,
    "gamma_1": 7.6666666666666705,
    "epsilon_prime_1": -0.5466666666666667,
    "f2": 2.4650161014493847e-22,
    "g2": 7.859465561498716e-22,
    "h2": 2.7675098256316085e-21,
    "t2": 8.677054482964933e-21,
    "alpha_2": 3.188403336139465,
    "epsilon_2": 0.0,
    "beta_2": 3.521244293236491,
    "gamma_2": 3.13532924168919,
    "epsilon_prime_2": 0.033557830569330496,
    "f3": 6.364400228152219e-63,
    "g3": 2.124241045862443e-62,
    "h3": 7.0898018285732025e-62,
    "t3": 2.3663412549617905e-61,
    "alpha_3": 3.3376924293134462,
    "epsilon_3": 0.0,
    "beta_3": 3.3375693603052183,
    "gamma_3": 3.337669108641374,
    "epsilon_prime_3": -8.673768361372213e-06,
    "f4": 1.16563840109372e-184,
    "g4": 3.8904668162772165e-184,
    "h4": 1.2984929146274073e-183,
    "t4": 4.333885697890055e-183,
    "alpha_4": 3.3376275289376074,
    "epsilon_4": 0.0,
    "beta_4": 3.3376275288987913,
    "gamma_4": 3.3376275288599713,
    "epsilon_prime_4": 3.375657241655931e-12,
    "f5": 0.0,
    "g5": 0.0,
    "h5": 0.0,
    "t5": 0.0,
    "alpha_5": 9999,
    "epsilon_5": 0.0,
    "beta_5": 9999,
    "gamma_5": 9999,
    "epsilon_prime_5": 0.0
}