{
    "f0": 0.0003429999999999993,
    "g0": 0.004556999999999993,
    "h0": 0,
    "t0": 0,
    "f1": 2.566261166139988e-07,
    "g1": 3.129228101999986e-07,
    "h1": 1.9638641679299912e-07,
    "t1": 9.463179669299958e-08,
    "beta_1": 0.6275874125874126,
    "alpha_1": 1.2193724252573943,
    "epsilon_1": -0.04454295794290182,
    "gamma_1": 0.48186528497409326,
    "epsilon_prime_1": -0.010968332185948759,
    "f2": 5.614178956200412e-19,
    "g2": 4.832279268397542e-19,
    "h2": 4.053439713203699e-19,
    "t2": 3.3248201780723853e-19,
    "beta_2": 0.838825632391044,
    "alpha_2": 0.8607276871822327,
    "epsilon_2": -0.0016485417584765657,
    "gamma_2": 0.820246608637621,
    "epsilon_prime_2": -0.0013984211427307638,
    "f3": 3.5394304396056045e-54,
    "g3": 2.9987515528877826e-54,
    "h3": 2.5405142359283013e-54,
    "t3": 2.1521713792064263e-54,
    "beta_3": 0.8471906362105253,
    "alpha_3": 0.8472412734354884,
    "epsilon_3": -3.8114040294824286e-06,
    "gamma_3": 0.8471400587999559,
    "epsilon_prime_3": -3.8069018708114674e-06,
    "f4": 8.673983071890503e-160,
    "g4": 7.348680299941705e-160,
    "h4": 6.225871284750174e-160,
    "t4": 5.2746168915396026e-160,
    "beta_4": 0.8472094349783541,
    "alpha_4": 0.8472094352773568,
    "epsilon_4": -2.2505580433910023e-11,
    "gamma_4": 0.8472094346793514,
    "epsilon_prime_4": -2.2505580433910023e-11,
    "f5": 0.0,
    "g5": 0.0,
    "h5": 0.0,
    "t5": 0.0,
    "beta_5": 9999,
    "alpha_5": 9999,
    "epsilon_5": 0.0,
    "gamma_5": 9999,
    "epsilon_prime_5": 0.0
}