{
    "f1": 1.6487330859999908e-09,
    "g1": 1.5317899799999927e-08,
    "h1": 2.1368470220999896e-08,
    "t1": 1.8926359338599924e-07,
    "alpha_1": 9.290709290709298,
    "epsilon_1": 0.0,
    "beta_1": 1.3949999999999998,
    "gamma_1": 8.857142857142865,
    "epsilon_prime_1": -0.5616666666666669,
    "f2": 1.4336579498514914e-23,
    "g2": 4.844034596206631e-23,
    "h2": 1.8677912741176292e-22,
    "t2": 6.210644222831063e-22,
    "alpha_2": 3.378793802739636,
    "epsilon_2": 0.0,
    "beta_2": 3.8558586587723767,
    "gamma_2": 3.325127549792767,
    "epsilon_prime_2": 0.039947502826422204,
    "f3": 1.486218812564076e-66,
    "g3": 5.343647831551437e-66,
    "h3": 1.9211190915565506e-65,
    "t3": 6.907155705888302e-65,
    "alpha_3": 3.5954650730953888,
    "epsilon_3": 0.0,
    "beta_3": 3.5951453990162867,
    "gamma_3": 3.595381325523088,
    "epsilon_prime_3": -1.7757909114090414e-05,
    "f4": 1.803954621121102e-195,
    "g4": 6.48574267784027e-195,
    "h4": 2.3318135382704615e-194,
    "t4": 8.38354934335204e-194,
    "alpha_4": 3.595291479011585,
    "epsilon_4": 0.0,
    "beta_4": 3.5952914787037886,
    "gamma_4": 3.595291478395925,
    "epsilon_prime_4": 2.3172522443295517e-11,
    "f5": 0.0,
    "g5": 0.0,
    "h5": 0.0,
    "t5": 0.0,
    "alpha_5": 9999,
    "epsilon_5": 0.0,
    "beta_5": 9999,
    "gamma_5": 9999,
    "epsilon_prime_5": 0.0
}