{
    "f0": 0.00021599999999999937,
    "g0": 0.003383999999999994,
    "h0": 0,
    "t0": 0,
    "f1": 7.571314440270422e-07,
    "g1": 3.954017129977439e-06,
    "h1": 2.549229151014258e-09,
    "t1": 3.993792336589009e-08,
    "alpha_1": 15.666666666666684,
    "beta_1": 0.0,
    "gamma_1": 9999,
    "epsilon_1": -1.0000000000000002,
    "epsilon_prime_1": 638.2340425531909,
    "f2": 4.831457771435878e-15,
    "g2": 1.2619063594004473e-14,
    "h2": 3.253177805954209e-17,
    "t2": 1.2742858381088995e-16,
    "alpha_2": 5.22236549699581,
    "beta_2": 0.0006447187928669401,
    "gamma_2": 15.666666666666687,
    "epsilon_2": -0.3333013262682726,
    "epsilon_prime_2": 0.9999588477366259,
    "f3": 3.926279121266196e-40,
    "g3": 4.111078814945718e-40,
    "h3": 3.435960147025142e-42,
    "t3": 4.148344959931422e-42,
    "alpha_3": 2.6118542665548685,
    "beta_3": 0.0025779866958589924,
    "gamma_3": 3.9170494639936564,
    "epsilon_3": -0.1665495497782345,
    "epsilon_prime_3": 0.24985988152964642,
    "f4": 3.801180988641257e-116,
    "g4": 1.4496633673447262e-116,
    "h4": 3.6527943601344875e-118,
    "t4": 1.4596562654288722e-118,
    "alpha_4": 1.0470673856778487,
    "beta_4": 0.008357806555626714,
    "gamma_4": 1.2073320942104244,
    "epsilon_4": -0.06630061143333325,
    "epsilon_prime_4": 0.0765302736800934,
    "f5": 0.0,
    "g5": 0.0,
    "h5": 0.0,
    "t5": 0.0,
    "alpha_5": 0.3813718346157762,
    "beta_5": 0.025197535113445843,
    "gamma_5": 0.39959990120416494,
    "epsilon_5": -0.022734529755467872,
    "epsilon_prime_5": 0.023898023367492686,
    "f6": 0.0,
    "g6": 0.0,
    "h6": 0.0,
    "t6": 0.0,
    "alpha_6": NaN,
    "beta_6": NaN,
    "gamma_6": NaN,
    "epsilon_6": NaN,
    "epsilon_prime_6": NaN,
    "f7": 0.0,
    "g7": 0.0,
    "h7": 0.0,
    "t7": 0.0,
    "alpha_7": NaN,
    "beta_7": NaN,
    "gamma_7": NaN,
    "epsilon_7": NaN,
    "epsilon_prime_7": NaN,
    "f8": 0.0,
    "g8": 0.0,
    "h8": 0.0,
    "t8": 0.0,
    "alpha_8": NaN,
    "beta_8": NaN,
    "gamma_8": NaN,
    "epsilon_8": NaN,
    "epsilon_prime_8": NaN,
    "f9": 0.0,
    "g9": 0.0,
    "h9": 0.0,
    "t9": 0.0,
    "alpha_9": NaN,
    "beta_9": NaN,
    "gamma_9": NaN,
    "epsilon_9": NaN,
    "epsilon_prime_9": NaN,
    "f10": 0.0,
    "g10": 0.0,
    "h10": 0.0,
    "t10": 0.0,
    "alpha_10": NaN,
    "beta_10": NaN,
    "gamma_10": NaN,
    "epsilon_10": NaN,
    "epsilon_prime_10": NaN,
    "f11": 0.0,
    "g11": 0.0,
    "h11": 0.0,
    "t11": 0.0,
    "alpha_11": NaN,
    "beta_11": NaN,
    "gamma_11": NaN,
    "epsilon_11": NaN,
    "epsilon_prime_11": NaN,
    "f12": 0.0,
    "g12": 0.0,
    "h12": 0.0,
    "t12": 0.0,
    "alpha_12": NaN,
    "beta_12": NaN,
    "gamma_12": NaN,
    "epsilon_12": NaN,
    "epsilon_prime_12": NaN,
    "f13": 0.0,
    "g13": 0.0,
    "h13": 0.0,
    "t13": 0.0,
    "alpha_13": NaN,
    "beta_13": NaN,
    "gamma_13": NaN,
    "epsilon_13": NaN,
    "epsilon_prime_13": NaN,
    "f14": 0.0,
    "g14": 0.0,
    "h14": 0.0,
    "t14": 0.0,
    "alpha_14": NaN,
    "beta_14": NaN,
    "gamma_14": NaN,
    "epsilon_14": NaN,
    "epsilon_prime_14": NaN,
    "f15": 0.0,
    "g15": 0.0,
    "h15": 0.0,
    "t15": 0.0,
    "alpha_15": NaN,
    "beta_15": NaN,
    "gamma_15": NaN,
    "epsilon_15": NaN,
    "epsilon_prime_15": NaN,
    "f16": 0.0,
    "g16": 0.0,
    "h16": 0.0,
    "t16": 0.0,
    "alpha_16": NaN,
    "beta_16": NaN,
    "gamma_16": NaN,
    "epsilon_16": NaN,
    "epsilon_prime_16": NaN,
    "f17": 0.0,
    "g17": 0.0,
    "h17": 0.0,
    "t17": 0.0,
    "alpha_17": NaN,
    "beta_17": NaN,
    "gamma_17": NaN,
    "epsilon_17": NaN,
    "epsilon_prime_17": NaN,
    "f18": 0.0,
    "g18": 0.0,
    "h18": 0.0,
    "t18": 0.0,
    "alpha_18": NaN,
    "beta_18": NaN,
    "gamma_18": NaN,
    "epsilon_18": NaN,
    "epsilon_prime_18": NaN,
    "f19": 0.0,
    "g19": 0.0,
    "h19": 0.0,
    "t19": 0.0,
    "alpha_19": NaN,
    "beta_19": NaN,
    "gamma_19": NaN,
    "epsilon_19": NaN,
    "epsilon_prime_19": NaN,
    "f20": 0.0,
    "g20": 0.0,
    "h20": 0.0,
    "t20": 0.0,
    "alpha_20": NaN,
    "beta_20": NaN,
    "gamma_20": NaN,
    "epsilon_20": NaN,
    "epsilon_prime_20": NaN
}