{
    "f0": 0.0002160000000000006,
    "g0": 0.003384000000000006,
    "h0": 0,
    "t0": 0,
    "f1": 1.0072246579200055e-07,
    "g1": 1.2630712320000067e-07,
    "h1": 7.997696870400043e-08,
    "t1": 3.8751727104000205e-08,
    "beta_1": 0.6331944444444445,
    "alpha_1": 1.2540114284020245,
    "epsilon_1": -0.03962661599729238,
    "gamma_1": 0.48453608247422675,
    "epsilon_prime_1": -0.009488831615120291,
    "f2": 3.5740996562986765e-20,
    "g2": 3.12877387899846e-20,
    "h2": 2.6649325230084148e-20,
    "t2": 2.2168144060605187e-20,
    "beta_2": 0.8517497991454327,
    "alpha_2": 0.8754019696917478,
    "epsilon_2": -0.001509713013594581,
    "gamma_2": 0.8318463551782467,
    "epsilon_prime_2": -0.0012704325936501726,
    "f3": 9.425385669122639e-58,
    "g3": 8.11307004288815e-58,
    "h3": 6.982996186256288e-58,
    "t3": 6.0099229645170934e-58,
    "beta_3": 0.8607094662491575,
    "alpha_3": 0.8607679651206627,
    "epsilon_3": -3.733970521609744e-06,
    "gamma_3": 0.8606510449405133,
    "epsilon_prime_3": -3.729019700693396e-06,
    "f4": 1.6878379545632917e-170,
    "g4": 1.4527743983154926e-170,
    "h4": 1.2504479151688833e-170,
    "t4": 1.076299244838964e-170,
    "beta_4": 0.8607309687029114,
    "alpha_4": 0.8607309691002777,
    "epsilon_4": -2.536380325626578e-11,
    "gamma_4": 0.860730968305546,
    "epsilon_prime_4": -2.536375365055617e-11,
    "f5": 0.0,
    "g5": 0.0,
    "h5": 0.0,
    "t5": 0.0,
    "beta_5": 9999,
    "alpha_5": 9999,
    "epsilon_5": 0.0,
    "gamma_5": 9999,
    "epsilon_prime_5": 0.0
}