{
    "f1": 4.837294080000033e-10,
    "g1": 5.262796800000033e-09,
    "h1": 7.420543488000046e-09,
    "t1": 7.75034542080004e-08,
    "alpha_1": 10.879629629629624,
    "epsilon_1": 0.0,
    "beta_1": 1.41,
    "gamma_1": 10.444444444444432,
    "epsilon_prime_1": -0.5766666666666664,
    "f2": 5.381655212796518e-25,
    "g2": 1.9348430353139527e-24,
    "h2": 8.302505552219808e-24,
    "t2": 2.940449403738873e-23,
    "alpha_2": 3.595256401252307,
    "epsilon_2": 0.0,
    "beta_2": 4.291048628072624,
    "gamma_2": 3.541640996497373,
    "epsilon_prime_2": 0.047834529675016065,
    "f3": 9.52213617078487e-71,
    "g3": 3.725899768643027e-70,
    "h3": 1.4575886291509435e-69,
    "t3": 5.703056354329824e-69,
    "alpha_3": 3.9128822585782412,
    "epsilon_3": 0.0,
    "beta_3": 3.9120446594348333,
    "gamma_3": 3.9126652337099377,
    "epsilon_prime_3": -3.961112394283562e-05,
    "f4": 5.9347898836846695e-208,
    "g4": 2.3219427198268863e-207,
    "h4": 9.08442943607965e-207,
    "t4": 3.5542159346009225e-206,
    "alpha_4": 3.9124261605455297,
    "epsilon_4": 0.0,
    "beta_4": 3.912426158711161,
    "gamma_4": 3.91242615687566,
    "epsilon_prime_4": 1.171596436887634e-10,
    "f5": 0.0,
    "g5": 0.0,
    "h5": 0.0,
    "t5": 0.0,
    "alpha_5": 9999,
    "epsilon_5": 0.0,
    "beta_5": 9999,
    "gamma_5": 9999,
    "epsilon_prime_5": 0.0
}