{
    "f1": 1.132812500000008e-10,
    "g1": 1.4843750000000094e-09,
    "h1": 2.115234375000013e-09,
    "t1": 2.679296875000014e-08,
    "alpha_1": 13.10344827586206,
    "epsilon_1": 0.0,
    "beta_1": 1.4249999999999998,
    "gamma_1": 12.666666666666655,
    "epsilon_prime_1": -0.5916666666666667,
    "f2": 1.1118915885687087e-26,
    "g2": 4.273971870541653e-26,
    "h2": 2.088445096463003e-25,
    "t2": 7.917871935218713e-25,
    "alpha_2": 3.8438746317375756,
    "epsilon_2": 0.0,
    "beta_2": 4.886426864101771,
    "gamma_2": 3.7912760783745023,
    "epsilon_prime_2": 0.05763951503827734,
    "f3": 1.0449589465882333e-75,
    "g3": 4.512688618297677e-75,
    "h3": 1.9477819798853216e-74,
    "t3": 8.410597468928413e-74,
    "alpha_3": 4.318531970113755,
    "epsilon_3": 0.0,
    "beta_3": 4.316233945297302,
    "gamma_3": 4.318038443616569,
    "epsilon_prime_3": -9.497359575087675e-05,
    "f4": 1.0209222364790405e-222,
    "g4": 4.407623591719191e-222,
    "h4": 1.9029016107173415e-221,
    "t4": 8.215389668537892e-221,
    "alpha_4": 4.317296101728782,
    "epsilon_4": 0.0,
    "beta_4": 4.317296091917676,
    "gamma_4": 4.317296082082203,
    "epsilon_prime_4": 5.176564673990331e-10,
    "f5": 0.0,
    "g5": 0.0,
    "h5": 0.0,
    "t5": 0.0,
    "alpha_5": 9999,
    "epsilon_5": 0.0,
    "beta_5": 9999,
    "gamma_5": 9999,
    "epsilon_prime_5": 0.0
}