{
    "f0": 0.00012500000000000033,
    "g0": 0.002375000000000004,
    "h0": 0,
    "t0": 0,
    "f1": 3.3363281250000166e-08,
    "g1": 4.304687500000021e-08,
    "h1": 2.7498046875000133e-08,
    "t1": 1.3396484375000064e-08,
    "beta_1": 0.6387931034482758,
    "alpha_1": 1.290247043671701,
    "epsilon_1": -0.03428704948544347,
    "gamma_1": 0.48717948717948717,
    "epsilon_prime_1": -0.007979664014146777,
    "f2": 1.3693547264802358e-21,
    "g2": 1.2193311247467577e-21,
    "h2": 1.0545995700983113e-21,
    "t2": 8.896444809368234e-22,
    "beta_2": 0.864900065859748,
    "alpha_2": 0.8904421193191512,
    "epsilon_2": -0.0013443186031264851,
    "gamma_2": 0.8435850972837865,
    "epsilon_prime_2": -0.0011218404513663952,
    "f3": 5.473282156307656e-62,
    "g3": 4.786736372182201e-62,
    "h3": 4.185984668315984e-62,
    "t3": 3.6603469806957916e-62,
    "beta_3": 0.874496597022254,
    "alpha_3": 0.8745641528211279,
    "epsilon_3": -3.555568361781734e-06,
    "gamma_3": 0.8744291417026007,
    "epsilon_prime_3": -3.550279981755445e-06,
    "f4": 3.4065781371092354e-183,
    "g4": 2.9791247360051224e-183,
    "h4": 2.605307681230627e-183,
    "t4": 2.2783967477931485e-183,
    "beta_4": 0.8745211805814591,
    "alpha_4": 0.8745211811090754,
    "epsilon_4": -2.7769278105064447e-11,
    "gamma_4": 0.8745211800538426,
    "epsilon_prime_4": -2.77692897916226e-11,
    "f5": 0.0,
    "g5": 0.0,
    "h5": 0.0,
    "t5": 0.0,
    "beta_5": 9999,
    "alpha_5": 9999,
    "epsilon_5": 0.0,
    "gamma_5": 9999,
    "epsilon_prime_5": 0.0
}