{
    "f0": 6.400000000000017e-05,
    "g0": 0.0015360000000000026,
    "h0": 0,
    "t0": 0,
    "f1": 8.644722688000046e-09,
    "g1": 1.148190720000006e-08,
    "h1": 7.398752256000038e-09,
    "t1": 3.6238786560000188e-09,
    "beta_1": 0.6443835616438356,
    "alpha_1": 1.328198441337902,
    "epsilon_1": -0.02849228665391946,
    "gamma_1": 0.4897959183673469,
    "epsilon_prime_1": -0.006441151803187033,
    "f2": 2.5143880771544874e-23,
    "g2": 2.2777072959064304e-23,
    "h2": 2.0004776485191524e-23,
    "t2": 1.7113415448388946e-23,
    "beta_2": 0.8782856568596307,
    "alpha_2": 0.9058694306584898,
    "epsilon_2": -0.001149323908285798,
    "gamma_2": 0.8554664662740471,
    "epsilon_prime_2": -0.0009507996077326497,
    "f3": 3.500131312866441e-67,
    "g3": 3.110365643547678e-67,
    "h3": 2.7637607048407652e-67,
    "t3": 2.455564651027667e-67,
    "beta_3": 0.888564568147822,
    "alpha_3": 0.8886425580988951,
    "epsilon_3": -3.249581294712907e-06,
    "gamma_3": 0.8884867082474656,
    "epsilon_prime_3": -3.244162514852899e-06,
    "f4": 9.185498003290422e-199,
    "g4": 8.162166134747388e-199,
    "h4": 7.252840938495675e-199,
    "t4": 6.444821236085657e-199,
    "beta_4": 0.8885926626290294,
    "alpha_4": 0.8885926633290371,
    "epsilon_4": -2.916698826904709e-11,
    "gamma_4": 0.888592661929022,
    "epsilon_prime_4": -2.9166974391259285e-11,
    "f5": 0.0,
    "g5": 0.0,
    "h5": 0.0,
    "t5": 0.0,
    "beta_5": 9999,
    "alpha_5": 9999,
    "epsilon_5": 0.0,
    "gamma_5": 9999,
    "epsilon_prime_5": 0.0
}