{
    "f1": 1.9136512000000136e-11,
    "g1": 3.1457280000000196e-10,
    "h1": 4.529848320000028e-10,
    "t1": 7.247757312000037e-09,
    "alpha_1": 16.438356164383546,
    "epsilon_1": 0.0,
    "beta_1": 1.44,
    "gamma_1": 15.999999999999982,
    "epsilon_prime_1": -0.6066666666666665,
    "f2": 9.68580192221366e-29,
    "g2": 4.0029387226053596e-28,
    "h2": 2.306148049185424e-27,
    "t2": 9.415240237527433e-27,
    "alpha_2": 4.132790196158069,
    "epsilon_2": 0.0,
    "beta_2": 5.76113752669299,
    "gamma_2": 4.082669471655594,
    "epsilon_prime_2": 0.06993616895989159,
    "f3": 8.92788148190709e-82,
    "g3": 4.343600884549577e-81,
    "h3": 2.1102603899653067e-80,
    "t3": 1.0264626681507715e-79,
    "alpha_3": 4.865208944980011,
    "epsilon_3": 0.0,
    "beta_3": 4.8583201957427,
    "gamma_3": 4.864151708631781,
    "epsilon_prime_3": -0.00024297970371171378,
    "f4": 8.784473767690818e-241,
    "g4": 4.2706387695296094e-240,
    "h4": 2.0762035136120116e-239,
    "t4": 1.0093621153996726e-238,
    "alpha_4": 4.86157609717837,
    "epsilon_4": 0.0,
    "beta_4": 4.861576044374026,
    "gamma_4": 4.861575990899205,
    "epsilon_prime_4": 2.2281175423207385e-09,
    "f5": 0.0,
    "g5": 0.0,
    "h5": 0.0,
    "t5": 0.0,
    "alpha_5": 9999,
    "epsilon_5": 0.0,
    "beta_5": 9999,
    "gamma_5": 9999,
    "epsilon_prime_5": 0.0
}