{
    "f1": 1.928934000000014e-12,
    "g1": 4.2427800000000264e-11,
    "h1": 6.173244900000038e-11,
    "t1": 1.330677234000007e-09,
    "alpha_1": 21.995464852607686,
    "epsilon_1": 0.0,
    "beta_1": 1.4549999999999998,
    "gamma_1": 21.55555555555554,
    "epsilon_prime_1": -0.6216666666666668,
    "f2": 2.1595759917489223e-31,
    "g2": 9.660116370729074e-31,
    "h2": 6.948583023876365e-30,
    "t2": 3.0766596486109973e-29,
    "alpha_2": 4.473154178244904,
    "epsilon_2": 0.0,
    "beta_2": 7.19306347585121,
    "gamma_2": 4.427751151622045,
    "epsilon_prime_2": 0.08552512342976808,
    "f3": 1.3566828283100855e-89,
    "g3": 7.686338453812749e-89,
    "h3": 4.3363586153747513e-88,
    "t3": 2.4558176333002238e-87,
    "alpha_3": 5.665538247717799,
    "epsilon_3": 0.0,
    "beta_3": 5.6416441214915976,
    "gamma_3": 5.663317661489097,
    "epsilon_prime_3": -0.0006703156700257701,
    "f4": 4.669565452619894e-264,
    "g4": 2.639793857569443e-263,
    "h4": 1.4923254198001216e-262,
    "t4": 8.436397480439345e-262,
    "alpha_4": 5.653189540556429,
    "epsilon_4": 0.0,
    "beta_4": 5.653189227336719,
    "gamma_4": 5.653188887963388,
    "epsilon_prime_4": 1.0496082381246323e-08,
    "f5": 0.0,
    "g5": 0.0,
    "h5": 0.0,
    "t5": 0.0,
    "alpha_5": 9999,
    "epsilon_5": 0.0,
    "beta_5": 9999,
    "gamma_5": 9999,
    "epsilon_prime_5": 0.0
}