{
    "f0": 2.7000000000000074e-05,
    "g0": 0.0008730000000000015,
    "h0": 0,
    "t0": 0,
    "f1": 1.519712766000008e-09,
    "g1": 2.0789622000000107e-09,
    "h1": 1.351254717000007e-09,
    "t1": 6.653386170000034e-10,
    "beta_1": 0.6499659863945578,
    "alpha_1": 1.3679967994688806,
    "epsilon_1": -0.022207138548690417,
    "gamma_1": 0.49238578680203043,
    "epsilon_prime_1": -0.00487361442038745,
    "f2": 1.4438157181527566e-25,
    "g2": 1.330774877730132e-25,
    "h2": 1.1869397713808617e-25,
    "t2": 1.0296633582204454e-25,
    "beta_2": 0.8919162746785496,
    "alpha_2": 0.9217068778228491,
    "epsilon_2": -0.0009213588601329747,
    "gamma_2": 0.8674941922474768,
    "epsilon_prime_2": -0.0007553221370434894,
    "f3": 6.84869681698769e-74,
    "g3": 6.1844877244674346e-74,
    "h3": 5.584139133074642e-74,
    "t3": 5.041566657863257e-74,
    "beta_3": 0.9029267066021235,
    "alpha_3": 0.9030167183232971,
    "epsilon_3": -2.7838676651635625e-06,
    "gamma_3": 0.9028368630720985,
    "epsilon_prime_3": -2.7786658770602104e-06,
    "f4": 7.097230304270402e-219,
    "g4": 6.408506577345082e-219,
    "h4": 5.786617419608335e-219,
    "t4": 5.225077125592956e-219,
    "beta_4": 0.9029588016753844,
    "alpha_4": 0.9029588026034726,
    "epsilon_4": -2.8703757583850687e-11,
    "gamma_4": 0.9029588007472962,
    "epsilon_prime_4": -2.8703761017530146e-11,
    "f5": 0.0,
    "g5": 0.0,
    "h5": 0.0,
    "t5": 0.0,
    "beta_5": 9999,
    "alpha_5": 9999,
    "epsilon_5": 0.0,
    "gamma_5": 9999,
    "epsilon_prime_5": 0.0
}