{
    "f0": 2.7000000000000074e-05,
    "g0": 0.0008730000000000015,
    "h0": 0,
    "t0": 0,
    "f1": 6.2986070623591664e-09,
    "g1": 6.788542449286285e-08,
    "h1": 2.1207362885048966e-11,
    "t1": 6.857047332832492e-10,
    "alpha_1": 32.3333333333333,
    "beta_1": 0.0,
    "gamma_1": 9999,
    "epsilon_1": -0.9999999999999999,
    "epsilon_prime_1": 309.2474226804127,
    "f2": 1.1846679385715746e-20,
    "g2": 6.384470513779858e-20,
    "h2": 7.97737239726254e-23,
    "t2": 6.448523990697269e-22,
    "alpha_2": 10.777847200304018,
    "beta_2": 0.0003123993558776171,
    "gamma_2": 32.3333333333333,
    "epsilon_2": -0.3333258185860253,
    "epsilon_prime_2": 0.9999903381642511,
    "f3": 2.4636615848774137e-56,
    "g3": 5.313692232469495e-56,
    "h3": 2.1565658783661e-58,
    "t3": 5.366070306374358e-58,
    "alpha_3": 5.389249008864035,
    "beta_3": 0.0012494963176734324,
    "gamma_3": 8.083518819943896,
    "epsilon_3": -0.16663916018184638,
    "epsilon_prime_3": 0.24996709248328547,
    "f4": 3.976976640108641e-164,
    "g4": 3.0778060250241597e-164,
    "h4": 3.824882295867982e-166,
    "t4": 3.1065351861407764e-166,
    "alpha_4": 2.1568271653405238,
    "beta_4": 0.004058507312840461,
    "gamma_4": 2.4882478018431353,
    "epsilon_4": -0.06658047395961914,
    "epsilon_prime_4": 0.07683059673805043,
    "f5": 0.0,
    "g5": 0.0,
    "h5": 0.0,
    "t5": 0.0,
    "alpha_5": 0.7739059852612263,
    "beta_5": 0.012427301346380195,
    "gamma_5": 0.8121910547408908,
    "epsilon_5": -0.02355088713138702,
    "epsilon_prime_5": 0.024734961445191075,
    "f6": 0.0,
    "g6": 0.0,
    "h6": 0.0,
    "t6": 0.0,
    "alpha_6": NaN,
    "beta_6": NaN,
    "gamma_6": NaN,
    "epsilon_6": NaN,
    "epsilon_prime_6": NaN,
    "f7": 0.0,
    "g7": 0.0,
    "h7": 0.0,
    "t7": 0.0,
    "alpha_7": NaN,
    "beta_7": NaN,
    "gamma_7": NaN,
    "epsilon_7": NaN,
    "epsilon_prime_7": NaN,
    "f8": 0.0,
    "g8": 0.0,
    "h8": 0.0,
    "t8": 0.0,
    "alpha_8": NaN,
    "beta_8": NaN,
    "gamma_8": NaN,
    "epsilon_8": NaN,
    "epsilon_prime_8": NaN,
    "f9": 0.0,
    "g9": 0.0,
    "h9": 0.0,
    "t9": 0.0,
    "alpha_9": NaN,
    "beta_9": NaN,
    "gamma_9": NaN,
    "epsilon_9": NaN,
    "epsilon_prime_9": NaN,
    "f10": 0.0,
    "g10": 0.0,
    "h10": 0.0,
    "t10": 0.0,
    "alpha_10": NaN,
    "beta_10": NaN,
    "gamma_10": NaN,
    "epsilon_10": NaN,
    "epsilon_prime_10": NaN,
    "f11": 0.0,
    "g11": 0.0,
    "h11": 0.0,
    "t11": 0.0,
    "alpha_11": NaN,
    "beta_11": NaN,
    "gamma_11": NaN,
    "epsilon_11": NaN,
    "epsilon_prime_11": NaN,
    "f12": 0.0,
    "g12": 0.0,
    "h12": 0.0,
    "t12": 0.0,
    "alpha_12": NaN,
    "beta_12": NaN,
    "gamma_12": NaN,
    "epsilon_12": NaN,
    "epsilon_prime_12": NaN,
    "f13": 0.0,
    "g13": 0.0,
    "h13": 0.0,
    "t13": 0.0,
    "alpha_13": NaN,
    "beta_13": NaN,
    "gamma_13": NaN,
    "epsilon_13": NaN,
    "epsilon_prime_13": NaN,
    "f14": 0.0,
    "g14": 0.0,
    "h14": 0.0,
    "t14": 0.0,
    "alpha_14": NaN,
    "beta_14": NaN,
    "gamma_14": NaN,
    "epsilon_14": NaN,
    "epsilon_prime_14": NaN,
    "f15": 0.0,
    "g15": 0.0,
    "h15": 0.0,
    "t15": 0.0,
    "alpha_15": NaN,
    "beta_15": NaN,
    "gamma_15": NaN,
    "epsilon_15": NaN,
    "epsilon_prime_15": NaN,
    "f16": 0.0,
    "g16": 0.0,
    "h16": 0.0,
    "t16": 0.0,
    "alpha_16": NaN,
    "beta_16": NaN,
    "gamma_16": NaN,
    "epsilon_16": NaN,
    "epsilon_prime_16": NaN,
    "f17": 0.0,
    "g17": 0.0,
    "h17": 0.0,
    "t17": 0.0,
    "alpha_17": NaN,
    "beta_17": NaN,
    "gamma_17": NaN,
    "epsilon_17": NaN,
    "epsilon_prime_17": NaN,
    "f18": 0.0,
    "g18": 0.0,
    "h18": 0.0,
    "t18": 0.0,
    "alpha_18": NaN,
    "beta_18": NaN,
    "gamma_18": NaN,
    "epsilon_18": NaN,
    "epsilon_prime_18": NaN,
    "f19": 0.0,
    "g19": 0.0,
    "h19": 0.0,
    "t19": 0.0,
    "alpha_19": NaN,
    "beta_19": NaN,
    "gamma_19": NaN,
    "epsilon_19": NaN,
    "epsilon_prime_19": NaN,
    "f20": 0.0,
    "g20": 0.0,
    "h20": 0.0,
    "t20": 0.0,
    "alpha_20": NaN,
    "beta_20": NaN,
    "gamma_20": NaN,
    "epsilon_20": NaN,
    "epsilon_prime_20": NaN
}