{
    "f0": 8.000000000000022e-06,
    "g0": 0.0003920000000000007,
    "h0": 0,
    "t0": 0,
    "f1": 3.762821315903678e-10,
    "g1": 6.145958719940999e-09,
    "h1": 1.266941427333232e-12,
    "t1": 6.208012993932831e-11,
    "alpha_1": 48.99999999999996,
    "beta_1": 0.0,
    "gamma_1": 9999,
    "epsilon_1": -1.0,
    "epsilon_prime_1": 204.0612244897961,
    "f2": 5.800782560762357e-24,
    "g2": 4.737443604338421e-23,
    "h2": 3.9062104839842693e-26,
    "t2": 4.785155653640514e-25,
    "alpha_2": 16.333379142838695,
    "beta_2": 0.00020614219604543564,
    "gamma_2": 48.99999999999995,
    "epsilon_2": -0.3333300612376054,
    "epsilon_prime_2": 0.9999957930164073,
    "f3": 6.641857635170908e-66,
    "g3": 2.1702308586154454e-65,
    "h3": 5.814215492306728e-68,
    "t3": 2.191921891897212e-67,
    "alpha_3": 8.166904300780775,
    "beta_3": 0.0008245397328650137,
    "gamma_3": 12.250122396783224,
    "epsilon_3": -0.16665468900097793,
    "epsilon_prime_3": 0.2499856705520484,
    "f4": 1.7878581655661823e-192,
    "g4": 2.090633126413367e-192,
    "h4": 1.7197306705516128e-194,
    "t4": 2.1110504929479456e-194,
    "alpha_4": 3.267505836203611,
    "beta_4": 0.002679076960511038,
    "gamma_4": 3.769935763126644,
    "epsilon_4": -0.06662911753557353,
    "epsilon_prime_4": 0.07688278951359462,
    "f5": 0.0,
    "g5": 0.0,
    "h5": 0.0,
    "t5": 0.0,
    "alpha_5": 1.1693506602920603,
    "beta_5": 0.008225884536240636,
    "gamma_5": 1.2275471555501274,
    "epsilon_5": -0.02369642399501675,
    "epsilon_prime_5": 0.024884107571712,
    "f6": 0.0,
    "g6": 0.0,
    "h6": 0.0,
    "t6": 0.0,
    "alpha_6": NaN,
    "beta_6": NaN,
    "gamma_6": NaN,
    "epsilon_6": NaN,
    "epsilon_prime_6": NaN,
    "f7": 0.0,
    "g7": 0.0,
    "h7": 0.0,
    "t7": 0.0,
    "alpha_7": NaN,
    "beta_7": NaN,
    "gamma_7": NaN,
    "epsilon_7": NaN,
    "epsilon_prime_7": NaN,
    "f8": 0.0,
    "g8": 0.0,
    "h8": 0.0,
    "t8": 0.0,
    "alpha_8": NaN,
    "beta_8": NaN,
    "gamma_8": NaN,
    "epsilon_8": NaN,
    "epsilon_prime_8": NaN,
    "f9": 0.0,
    "g9": 0.0,
    "h9": 0.0,
    "t9": 0.0,
    "alpha_9": NaN,
    "beta_9": NaN,
    "gamma_9": NaN,
    "epsilon_9": NaN,
    "epsilon_prime_9": NaN,
    "f10": 0.0,
    "g10": 0.0,
    "h10": 0.0,
    "t10": 0.0,
    "alpha_10": NaN,
    "beta_10": NaN,
    "gamma_10": NaN,
    "epsilon_10": NaN,
    "epsilon_prime_10": NaN,
    "f11": 0.0,
    "g11": 0.0,
    "h11": 0.0,
    "t11": 0.0,
    "alpha_11": NaN,
    "beta_11": NaN,
    "gamma_11": NaN,
    "epsilon_11": NaN,
    "epsilon_prime_11": NaN,
    "f12": 0.0,
    "g12": 0.0,
    "h12": 0.0,
    "t12": 0.0,
    "alpha_12": NaN,
    "beta_12": NaN,
    "gamma_12": NaN,
    "epsilon_12": NaN,
    "epsilon_prime_12": NaN,
    "f13": 0.0,
    "g13": 0.0,
    "h13": 0.0,
    "t13": 0.0,
    "alpha_13": NaN,
    "beta_13": NaN,
    "gamma_13": NaN,
    "epsilon_13": NaN,
    "epsilon_prime_13": NaN,
    "f14": 0.0,
    "g14": 0.0,
    "h14": 0.0,
    "t14": 0.0,
    "alpha_14": NaN,
    "beta_14": NaN,
    "gamma_14": NaN,
    "epsilon_14": NaN,
    "epsilon_prime_14": NaN,
    "f15": 0.0,
    "g15": 0.0,
    "h15": 0.0,
    "t15": 0.0,
    "alpha_15": NaN,
    "beta_15": NaN,
    "gamma_15": NaN,
    "epsilon_15": NaN,
    "epsilon_prime_15": NaN,
    "f16": 0.0,
    "g16": 0.0,
    "h16": 0.0,
    "t16": 0.0,
    "alpha_16": NaN,
    "beta_16": NaN,
    "gamma_16": NaN,
    "epsilon_16": NaN,
    "epsilon_prime_16": NaN,
    "f17": 0.0,
    "g17": 0.0,
    "h17": 0.0,
    "t17": 0.0,
    "alpha_17": NaN,
    "beta_17": NaN,
    "gamma_17": NaN,
    "epsilon_17": NaN,
    "epsilon_prime_17": NaN,
    "f18": 0.0,
    "g18": 0.0,
    "h18": 0.0,
    "t18": 0.0,
    "alpha_18": NaN,
    "beta_18": NaN,
    "gamma_18": NaN,
    "epsilon_18": NaN,
    "epsilon_prime_18": NaN,
    "f19": 0.0,
    "g19": 0.0,
    "h19": 0.0,
    "t19": 0.0,
    "alpha_19": NaN,
    "beta_19": NaN,
    "gamma_19": NaN,
    "epsilon_19": NaN,
    "epsilon_prime_19": NaN,
    "f20": 0.0,
    "g20": 0.0,
    "h20": 0.0,
    "t20": 0.0,
    "alpha_20": NaN,
    "beta_20": NaN,
    "gamma_20": NaN,
    "epsilon_20": NaN,
    "epsilon_prime_20": NaN
}