{
    "f0": 8.000000000000022e-06,
    "g0": 0.0003920000000000007,
    "h0": 0,
    "t0": 0,
    "f1": 1.316874240000007e-10,
    "g1": 1.8565120000000098e-10,
    "h1": 1.2170188800000063e-10,
    "t1": 6.023628800000032e-11,
    "beta_1": 0.6555405405405405,
    "alpha_1": 1.4097868601332804,
    "epsilon_1": -0.015392782032504911,
    "gamma_1": 0.494949494949495,
    "epsilon_prime_1": -0.003277368277368278,
    "f2": 9.943076848490994e-29,
    "g2": 9.326400145343357e-29,
    "h2": 8.447873146377243e-29,
    "t2": 7.431358380299586e-29,
    "beta_2": 0.905802133162305,
    "alpha_2": 0.9379792882480611,
    "epsilon_2": -0.0006566766344031871,
    "gamma_2": 0.8796721081786631,
    "epsilon_prime_2": -0.0005332658159926905,
    "f3": 2.312755978840991e-83,
    "g3": 2.122418610246113e-83,
    "h3": 1.9475253613395738e-83,
    "t3": 1.7868419511911516e-83,
    "beta_3": 0.9175971940397476,
    "alpha_3": 0.91770105867794,
    "epsilon_3": -2.11968649372352e-06,
    "gamma_3": 0.9174935467654712,
    "epsilon_prime_3": -2.1152504954359996e-06,
    "f4": 2.8197978024793484e-247,
    "g4": 2.5875419109962314e-247,
    "h4": 2.3744160401508994e-247,
    "t4": 2.1788445242997724e-247,
    "beta_4": 0.9176338478075989,
    "alpha_4": 0.9176338490373662,
    "epsilon_4": -2.5097291591885584e-11,
    "gamma_4": 0.9176338465778314,
    "epsilon_prime_4": -2.5097296123408134e-11,
    "f5": 0.0,
    "g5": 0.0,
    "h5": 0.0,
    "t5": 0.0,
    "beta_5": 9999,
    "alpha_5": 9999,
    "epsilon_5": 0.0,
    "gamma_5": 9999,
    "epsilon_prime_5": 0.0
}