{
    "f1": 7.577600000000055e-14,
    "g1": 2.5088000000000153e-12,
    "h1": 3.6879360000000225e-12,
    "t1": 1.204725760000006e-10,
    "alpha_1": 33.10810810810807,
    "epsilon_1": 0.0,
    "beta_1": 1.47,
    "gamma_1": 32.66666666666663,
    "epsilon_prime_1": -0.6366666666666665,
    "f2": 4.0230630704372473e-35,
    "g2": 1.9635200785346036e-34,
    "h2": 1.96659350562154e-33,
    "t2": 9.52515581116675e-33,
    "alpha_2": 4.880659448178122,
    "epsilon_2": 0.0,
    "beta_2": 10.015652638954577,
    "gamma_2": 4.843479745020481,
    "epsilon_prime_2": 0.10555454885579799,
    "f3": 1.338296091823176e-100,
    "g3": 9.402431999978038e-100,
    "h3": 6.5060673886281545e-99,
    "t3": 4.5678783813372514e-98,
    "alpha_3": 7.025673957673296,
    "epsilon_3": 0.0,
    "beta_3": 6.919558034180254,
    "gamma_3": 7.0209515341346895,
    "epsilon_prime_3": -0.002069255101110939,
    "f4": 8.092334340390846e-297,
    "g4": 5.641675479117947e-296,
    "h4": 3.933165991681911e-295,
    "t4": 2.742055405485814e-294,
    "alpha_4": 6.971629250362218,
    "epsilon_4": 0.0,
    "beta_4": 6.971627500093015,
    "gamma_4": 6.971623906249755,
    "epsilon_prime_4": 7.334373998838139e-08,
    "f5": 0.0,
    "g5": 0.0,
    "h5": 0.0,
    "t5": 0.0,
    "alpha_5": 9999,
    "epsilon_5": 0.0,
    "beta_5": 9999,
    "gamma_5": 9999,
    "epsilon_prime_5": 0.0
}