{
    "f0": 1.0000000000000027e-06,
    "g0": 9.900000000000018e-05,
    "h0": 0,
    "t0": 0,
    "f1": 2.0294020000000115e-12,
    "g1": 2.9502000000000167e-12,
    "h1": 1.950399000000011e-12,
    "t1": 9.702990000000055e-13,
    "alpha_1": 98.99999999999991,
    "beta_1": 0.0,
    "gamma_1": 9999,
    "epsilon_1": -1.0,
    "epsilon_prime_1": 101.0000000000001,
    "f2": 3.85746411990047e-34,
    "g2": 3.6827732195981888e-34,
    "h2": 3.3879819298132357e-34,
    "t2": 3.0220939557212345e-34,
    "alpha_2": 1.4537287338831832,
    "beta_2": 0.6611073825503355,
    "gamma_2": 0.49748743718592964,
    "epsilon_2": -0.008006276276089378,
    "epsilon_prime_2": -0.0016527267208525862,
    "f3": 1.3969793735849919e-99,
    "g3": 1.3029779895799189e-99,
    "h3": 1.2151457303180448e-99,
    "t3": 1.1330888725685843e-99,
    "alpha_3": 0.9547135385132789,
    "beta_3": 0.9199539933069469,
    "gamma_3": 0.8920041541921179,
    "epsilon_3": -0.00035110651723567666,
    "epsilon_prime_3": -0.00028232160722049587,
    "f4": 6.413838098970699e-296,
    "g4": 5.981757014876513e-296,
    "h4": 5.578783930994239e-296,
    "t4": 5.202957929746281e-296,
    "alpha_4": 0.9327109721284986,
    "beta_4": 0.9325911412439198,
    "gamma_4": 0.932471591100449,
    "epsilon_4": -1.2104129755432997e-06,
    "epsilon_prime_4": -1.207577206776467e-06,
    "f5": 0.0,
    "g5": 0.0,
    "h5": 0.0,
    "t5": 0.0,
    "alpha_5": 0.9326329917551978,
    "beta_5": 0.9326329901264648,
    "gamma_5": 0.9326329884977319,
    "epsilon_5": -1.6451847740469688e-11,
    "epsilon_prime_5": -1.6451847740469688e-11,
    "f6": 0.0,
    "g6": 0.0,
    "h6": 0.0,
    "t6": 0.0,
    "alpha_6": NaN,
    "beta_6": NaN,
    "gamma_6": NaN,
    "epsilon_6": NaN,
    "epsilon_prime_6": NaN,
    "f7": 0.0,
    "g7": 0.0,
    "h7": 0.0,
    "t7": 0.0,
    "alpha_7": NaN,
    "beta_7": NaN,
    "gamma_7": NaN,
    "epsilon_7": NaN,
    "epsilon_prime_7": NaN,
    "f8": 0.0,
    "g8": 0.0,
    "h8": 0.0,
    "t8": 0.0,
    "alpha_8": NaN,
    "beta_8": NaN,
    "gamma_8": NaN,
    "epsilon_8": NaN,
    "epsilon_prime_8": NaN,
    "f9": 0.0,
    "g9": 0.0,
    "h9": 0.0,
    "t9": 0.0,
    "alpha_9": NaN,
    "beta_9": NaN,
    "gamma_9": NaN,
    "epsilon_9": NaN,
    "epsilon_prime_9": NaN,
    "f10": 0.0,
    "g10": 0.0,
    "h10": 0.0,
    "t10": 0.0,
    "alpha_10": NaN,
    "beta_10": NaN,
    "gamma_10": NaN,
    "epsilon_10": NaN,
    "epsilon_prime_10": NaN,
    "f11": 0.0,
    "g11": 0.0,
    "h11": 0.0,
    "t11": 0.0,
    "alpha_11": NaN,
    "beta_11": NaN,
    "gamma_11": NaN,
    "epsilon_11": NaN,
    "epsilon_prime_11": NaN,
    "f12": 0.0,
    "g12": 0.0,
    "h12": 0.0,
    "t12": 0.0,
    "alpha_12": NaN,
    "beta_12": NaN,
    "gamma_12": NaN,
    "epsilon_12": NaN,
    "epsilon_prime_12": NaN,
    "f13": 0.0,
    "g13": 0.0,
    "h13": 0.0,
    "t13": 0.0,
    "alpha_13": NaN,
    "beta_13": NaN,
    "gamma_13": NaN,
    "epsilon_13": NaN,
    "epsilon_prime_13": NaN,
    "f14": 0.0,
    "g14": 0.0,
    "h14": 0.0,
    "t14": 0.0,
    "alpha_14": NaN,
    "beta_14": NaN,
    "gamma_14": NaN,
    "epsilon_14": NaN,
    "epsilon_prime_14": NaN,
    "f15": 0.0,
    "g15": 0.0,
    "h15": 0.0,
    "t15": 0.0,
    "alpha_15": NaN,
    "beta_15": NaN,
    "gamma_15": NaN,
    "epsilon_15": NaN,
    "epsilon_prime_15": NaN,
    "f16": 0.0,
    "g16": 0.0,
    "h16": 0.0,
    "t16": 0.0,
    "alpha_16": NaN,
    "beta_16": NaN,
    "gamma_16": NaN,
    "epsilon_16": NaN,
    "epsilon_prime_16": NaN,
    "f17": 0.0,
    "g17": 0.0,
    "h17": 0.0,
    "t17": 0.0,
    "alpha_17": NaN,
    "beta_17": NaN,
    "gamma_17": NaN,
    "epsilon_17": NaN,
    "epsilon_prime_17": NaN,
    "f18": 0.0,
    "g18": 0.0,
    "h18": 0.0,
    "t18": 0.0,
    "alpha_18": NaN,
    "beta_18": NaN,
    "gamma_18": NaN,
    "epsilon_18": NaN,
    "epsilon_prime_18": NaN,
    "f19": 0.0,
    "g19": 0.0,
    "h19": 0.0,
    "t19": 0.0,
    "alpha_19": NaN,
    "beta_19": NaN,
    "gamma_19": NaN,
    "epsilon_19": NaN,
    "epsilon_prime_19": NaN,
    "f20": 0.0,
    "g20": 0.0,
    "h20": 0.0,
    "t20": 0.0,
    "alpha_20": NaN,
    "beta_20": NaN,
    "gamma_20": NaN,
    "epsilon_20": NaN,
    "epsilon_prime_20": NaN
}