{
    "f1": 2.9800000000000213e-16,
    "g1": 1.980000000000012e-14,
    "h1": 2.940300000000018e-14,
    "t1": 1.94059800000001e-12,
    "alpha_1": 66.44295302013415,
    "epsilon_1": 0.0,
    "beta_1": 1.4849999999999999,
    "gamma_1": 65.99999999999994,
    "epsilon_prime_1": -0.6516666666666667,
    "f2": 1.7635581738028327e-41,
    "g2": 9.484619781978176e-41,
    "h2": 1.744761906650101e-39,
    "t2": 9.342858816318819e-39,
    "alpha_2": 5.378115631720899,
    "epsilon_2": 0.0,
    "beta_2": 18.39569689409523,
    "gamma_2": 5.35480444678946,
    "epsilon_prime_2": 0.13172618633642205,
    "f3": 2.24551044463531e-119,
    "g3": 2.3197143375481116e-118,
    "h3": 2.2136922792364864e-117,
    "t3": 2.2845089619221006e-116,
    "alpha_3": 10.330454454532065,
    "epsilon_3": 0.0,
    "beta_3": 9.542952092869813,
    "gamma_3": 10.319903011587677,
    "epsilon_prime_3": -0.007847989077958228,
    "f4": 0.0,
    "g4": 0.0,
    "h4": 0.0,
    "t4": 0.0,
    "alpha_4": 9999,
    "epsilon_4": 0.0,
    "beta_4": 9999,
    "gamma_4": 9999,
    "epsilon_prime_4": 0.0,
    "f5": 0.0,
    "g5": 0.0,
    "h5": 0.0,
    "t5": 0.0,
    "alpha_5": 9999,
    "epsilon_5": 0.0,
    "beta_5": 9999,
    "gamma_5": 9999,
    "epsilon_prime_5": 0.0
}