{
    "f0": 1.0000000000000027e-06,
    "g0": 9.900000000000018e-05,
    "h0": 0,
    "t0": 0,
    "f1": 2.0294020000000115e-12,
    "g1": 2.9502000000000167e-12,
    "h1": 1.950399000000011e-12,
    "t1": 9.702990000000055e-13,
    "beta_1": 0.6611073825503355,
    "alpha_1": 1.4537287338831832,
    "epsilon_1": -0.008006276276089378,
    "gamma_1": 0.49748743718592964,
    "epsilon_prime_1": -0.0016527267208525862,
    "f2": 3.85746411990047e-34,
    "g2": 3.6827732195981888e-34,
    "h2": 3.3879819298132357e-34,
    "t2": 3.0220939557212345e-34,
    "beta_2": 0.9199539933069469,
    "alpha_2": 0.9547135385132789,
    "epsilon_2": -0.00035110651723567666,
    "gamma_2": 0.8920041541921179,
    "epsilon_prime_2": -0.00028232160722049587,
    "f3": 1.3969793735849919e-99,
    "g3": 1.3029779895799189e-99,
    "h3": 1.2151457303180448e-99,
    "t3": 1.1330888725685843e-99,
    "beta_3": 0.9325911412439198,
    "alpha_3": 0.9327109721284986,
    "epsilon_3": -1.2104129755432997e-06,
    "gamma_3": 0.932471591100449,
    "epsilon_prime_3": -1.207577206776467e-06,
    "f4": 6.413838098970699e-296,
    "g4": 5.981757014876513e-296,
    "h4": 5.578783930994239e-296,
    "t4": 5.202957929746281e-296,
    "beta_4": 0.9326329901264648,
    "alpha_4": 0.9326329917551978,
    "epsilon_4": -1.6451847740469688e-11,
    "gamma_4": 0.9326329884977319,
    "epsilon_prime_4": -1.6451847740469688e-11,
    "f5": 0.0,
    "g5": 0.0,
    "h5": 0.0,
    "t5": 0.0,
    "beta_5": 9999,
    "alpha_5": 9999,
    "epsilon_5": 0.0,
    "gamma_5": 9999,
    "epsilon_prime_5": 0.0
}